Ab,Ag,SN,Specific.AU.mL,Total.ug.mL,Specific.Total.AU.ug,Sample.Type,Days
IgG,Alpha,CV06BW003,861.3771029,4.370353924,197.0955025,Saliva,Day 1
IgG,Alpha,CV06BW003,1142.50456,5.748653403,198.742989,Saliva,Day 3
IgG,Alpha,CV06BW003,813.967205,4.756508205,171.1270474,Saliva,Day 15
IgG,Alpha,CV06BW008,57.28717877,2.374032059,24.13075196,Saliva,Day 1
IgG,Alpha,CV06BW008,110.9144142,4.261039821,26.02989383,Saliva,Day 3
IgG,Alpha,CV06BW008,49.46326548,5.292044716,9.346720999,Saliva,Day 15
IgG,Alpha,CV06BW010,831.8691647,7.791780654,106.7623951,Saliva,Day 1
IgG,Alpha,CV06BW010,594.8434352,5.98000685,99.47203242,Saliva,Day 3
IgG,Alpha,CV06BW010,715.5197071,6.380343302,112.1443899,Saliva,Day 15
IgG,Alpha,CV06BW011,137.4983464,4.161898958,33.03740618,Saliva,Day 1
IgG,Alpha,CV06BW011,516.7945916,8.990815359,57.48028082,Saliva,Day 3
IgG,Alpha,CV06BW011,235.4562556,4.709765318,49.99320341,Saliva,Day 15
IgG,Alpha,CV06BW012,84.84371997,2.224236244,38.1451027,Saliva,Day 1
IgG,Alpha,CV06BW012,73.65855181,1.999120573,36.84547737,Saliva,Day 3
IgG,Alpha,CV06BW012,210.1966364,5.632598263,37.31788183,Saliva,Day 15
IgG,Alpha,CV06BW013,187.4268294,3.128052105,59.91806502,Saliva,Day 1
IgG,Alpha,CV06BW013,848.4413116,16.40820825,51.70834615,Saliva,Day 3
IgG,Alpha,CV06BW013,198.6036704,2.64876807,74.97963776,Saliva,Day 15
IgG,Alpha,CV06BW015,112.7939657,2.00838329,56.16157347,Saliva,Day 1
IgG,Alpha,CV06BW015,244.7122796,4.634271797,52.80490448,Saliva,Day 3
IgG,Alpha,CV06BW015,174.3199513,3.216271494,54.19938944,Saliva,Day 15
IgG,Alpha,CV06FH001,705.6113016,7.202727716,97.9644559,Saliva,Day 1
IgG,Alpha,CV06FH001,682.840646,6.33014536,107.8712426,Saliva,Day 3
IgG,Alpha,CV06FH001,322.8143807,3.902477348,82.72037271,Saliva,Day 15
IgG,Alpha,CV06FH002,69.45610783,6.209688021,11.18512035,Saliva,Day 1
IgG,Alpha,CV06FH002,60.71725062,5.721022517,10.61300675,Saliva,Day 3
IgG,Alpha,CV06FH003,328.0243314,2.489551413,131.7604166,Saliva,Day 1
IgG,Alpha,CV06FH003,347.8726808,2.696858573,128.9918145,Saliva,Day 3
IgG,Alpha,CV06FH003,160.0632399,1.565154714,102.2667206,Saliva,Day 15
IgG,Alpha,CV06FH005,1014.792582,7.174438454,141.4455763,Saliva,Day 1
IgG,Alpha,CV06FH005,215.9753387,1.530029077,141.1576694,Saliva,Day 3
IgG,Alpha,CV06FH005,235.2679762,1.86486163,126.1584089,Saliva,Day 15
IgG,Alpha,CV06FH007,40.49448065,1.969726413,20.55842902,Saliva,Day 1
IgG,Alpha,CV06FH007,40.5686523,2.136126792,18.99168741,Saliva,Day 3
IgG,Alpha,CV06FH007,55.0248751,2.799934996,19.65219735,Saliva,Day 15
IgG,Alpha,CV06FH008,69.86748556,1.466130303,47.6543493,Saliva,Day 1
IgG,Alpha,CV06FH008,14.96173066,0.172286449,86.84217924,Saliva,Day 3
IgG,Alpha,CV06FH008,114.9949093,2.223768763,51.71172077,Saliva,Day 15
IgG,Alpha,CV06FH009,555.5018326,6.17022135,90.02948211,Saliva,Day 1
IgG,Alpha,CV06FH009,558.1824888,5.857478459,95.29398915,Saliva,Day 3
IgG,Alpha,CV06FH009,464.6558074,4.49697558,103.326291,Saliva,Day 15
IgG,Alpha,CV06FH010,44.5544095,1.535010283,29.02547949,Saliva,Day 1
IgG,Alpha,CV06FH010,79.60285807,2.916689433,27.29219545,Saliva,Day 3
IgG,Alpha,CV06FH010,27.19638936,1.486586206,18.29452557,Saliva,Day 15
IgG,Alpha,CV06FH011,321.7680317,1.94225964,165.6668476,Saliva,Day 1
IgG,Alpha,CV06FH011,356.6850008,2.392064236,149.1117987,Saliva,Day 3
IgG,Alpha,CV06FH011,208.6662948,1.342088298,155.4788124,Saliva,Day 15
IgG,Alpha,CV06HC001,70.83284008,7.164688873,9.88638046,Saliva,Day 1
IgG,Alpha,CV06HC001,95.81341221,8.292178621,11.55467297,Saliva,Day 3
IgG,Alpha,CV06HC001,36.05600997,3.300174387,10.92548628,Saliva,Day 15
IgG,Alpha,CV06HC002,434.3575436,7.073483469,61.4064549,Saliva,Day 1
IgG,Alpha,CV06HC002,392.5762931,5.460401815,71.89512904,Saliva,Day 3
IgG,Alpha,CV06HC002,200.7148481,3.182056215,63.0770906,Saliva,Day 15
IgG,Alpha,CV06HC003,2090.288055,13.67755591,152.8261386,Saliva,Day 1
IgG,Alpha,CV06HC003,1012.885411,6.536601321,154.9559719,Saliva,Day 3
IgG,Alpha,CV06HC003,970.4284543,6.751021419,143.7454267,Saliva,Day 15
IgG,Alpha,CV06HC004,206.616983,9.876356113,20.92036583,Saliva,Day 1
IgG,Alpha,CV06HC004,240.0987806,10.92326561,21.98049458,Saliva,Day 3
IgG,Alpha,CV06HC004,221.4651205,12.18424766,18.17634759,Saliva,Day 15
IgG,Alpha,CV06HC005,1012.232094,6.127216676,165.2025949,Saliva,Day 1
IgG,Alpha,CV06HC005,2116.499649,17.23792248,122.7815969,Saliva,Day 3
IgG,Alpha,CV06HC005,671.4000663,3.881314244,172.982661,Saliva,Day 15
IgG,Alpha,CV06HC007,670.2262044,11.98955448,55.90084315,Saliva,Day 1
IgG,Alpha,CV06HC007,254.015442,5.187480791,48.96701352,Saliva,Day 3
IgG,Alpha,CV06HC007,412.3757356,9.700374241,42.51132228,Saliva,Day 15
IgG,Alpha,CV06HC008,100.2726237,4.661230279,21.51205104,Saliva,Day 1
IgG,Alpha,CV06HC008,185.6103893,7.147955267,25.96692094,Saliva,Day 3
IgG,Alpha,CV06HC008,244.9662703,9.892855087,24.7619386,Saliva,Day 15
IgG,Alpha,CV06HC009,626.5221147,4.907169099,127.6748574,Saliva,Day 1
IgG,Alpha,CV06HC009,484.7859902,3.829378238,126.5965282,Saliva,Day 15
IgG,Alpha,CV06HC010,3691.289376,33.43070122,110.4161517,Saliva,Day 1
IgG,Alpha,CV06HC010,3123.981393,26.0391351,119.9725483,Saliva,Day 3
IgG,Alpha,CV06HC010,3373.889278,29.38166909,114.8297351,Saliva,Day 15
IgG,Alpha,CV06HC011,46.34419919,6.010674564,7.710315822,Saliva,Day 1
IgG,Alpha,CV06HC011,75.83803175,14.07904079,5.386590809,Saliva,Day 3
IgG,Alpha,CV06HC011,78.00350129,12.67742147,6.15294691,Saliva,Day 15
IgG,Alpha,CV06HC012,565.4619984,24.83427377,22.76941954,Saliva,Day 1
IgG,Alpha,CV06HC012,345.7994429,13.56730405,25.48770497,Saliva,Day 3
IgG,Alpha,CV06HC012,344.196664,18.48383001,18.62150127,Saliva,Day 15
IgG,Alpha,CV06HC013,46.4070461,12.8983152,3.597915337,Saliva,Day 1
IgG,Alpha,CV06HC013,31.26405675,8.691139119,3.597233496,Saliva,Day 3
IgG,Alpha,CV06HC013,99.8910646,30.51345289,3.273672926,Saliva,Day 15
IgG,Alpha,CV06HC014,539.0723069,37.82779282,14.25069418,Saliva,Day 1
IgG,Alpha,CV06HC014,313.6614469,22.49108089,13.94603703,Saliva,Day 3
IgG,Alpha,CV06HC014,257.4429303,19.05830461,13.50817586,Saliva,Day 15
IgG,Alpha,CV06HC015,324.0048803,8.910331616,36.36283074,Saliva,Day 1
IgG,Alpha,CV06HC015,458.5361051,14.02929339,32.68419103,Saliva,Day 3
IgG,Alpha,CV06HC015,302.2268372,6.791550428,44.50041864,Saliva,Day 15
IgG,Alpha,CV06UM001,1021.977955,21.01580621,48.62901499,Saliva,Day 1
IgG,Alpha,CV06UM001,1719.333029,31.09544481,55.29211882,Saliva,Day 3
IgG,Alpha,CV06UM001,1208.91946,24.12125149,50.11843852,Saliva,Day 15
IgG,Alpha,CV06UM002,36.49862816,9.040179066,4.037378894,Saliva,Day 1
IgG,Alpha,CV06UM002,20.44118512,6.646791818,3.075346073,Saliva,Day 3
IgG,Alpha,CV06UM002,14.04972189,5.477192117,2.565132205,Saliva,Day 15
IgG,Alpha,CV06UM003,32.57579639,0.447025177,72.87239745,Saliva,Day 1
IgG,Alpha,CV06UM003,174.2559678,3.976919618,43.81681917,Saliva,Day 3
IgG,Alpha,CV06UM005,14.13850697,0.815325225,17.34094142,Saliva,Day 1
IgG,Alpha,CV06UM005,24.448298,1.410984037,17.32712586,Saliva,Day 3
IgG,Alpha,CV06UM005,28.77785929,1.687679763,17.05172979,Saliva,Day 15
IgG,Alpha,CV06UM007,81.22056979,1.59601387,50.88963906,Saliva,Day 1
IgG,Alpha,CV06UM007,52.20167259,1.229082995,42.4720485,Saliva,Day 3
IgG,Alpha,CV06UM007,51.42051016,0.862845009,59.59414452,Saliva,Day 15
IgG,Alpha,CV06UM008,82.03326421,3.586386832,22.87351255,Saliva,Day 1
IgG,Alpha,CV06UM008,155.5196943,6.113274142,25.43967286,Saliva,Day 3
IgG,Alpha,CV06UM008,199.9701112,8.621819069,23.19349428,Saliva,Day 15
IgG,Alpha,CV06UM009,422.6773,1.194601479,353.8228502,Saliva,Day 1
IgG,Alpha,CV06UM009,583.589501,1.560183596,374.051812,Saliva,Day 3
IgG,Alpha,CV06UM009,381.0557889,1.131392975,336.802329,Saliva,Day 15
IgG,Alpha,CV06UM010,22.48593637,1.037759339,21.66777548,Saliva,Day 1
IgG,Alpha,CV06UM010,12.23077739,0.622307337,19.65391804,Saliva,Day 15
IgG,Alpha,CV06UM011,27.59620516,0.242396028,113.8475963,Saliva,Day 1
IgG,Alpha,CV06UM011,33.52190863,0.243773163,137.5127117,Saliva,Day 3
IgG,Alpha,CV06UM011,112.1462474,1.411362936,79.45953837,Saliva,Day 15
IgG,Alpha,CV06UM012,25.54101089,1.922221648,13.28723507,Saliva,Day 1
IgG,Alpha,CV06UM012,43.39833948,2.613498219,16.60545975,Saliva,Day 3
IgG,Alpha,CV06UM012,36.00873169,2.160445405,16.66727222,Saliva,Day 15
IgG,Alpha,CV06UM013,401.8752327,4.643021095,86.55468595,Saliva,Day 1
IgG,Alpha,CV06UM013,379.9307136,4.501961082,84.39226965,Saliva,Day 3
IgG,Alpha,CV06UM013,331.5812264,4.195155824,79.03907275,Saliva,Day 15
IgG,Alpha,CV06UM014,40.50450341,2.495999384,16.22776979,Saliva,Day 1
IgG,Alpha,CV06UM014,43.46491956,2.707209762,16.05524632,Saliva,Day 3
IgG,Alpha,CV06UM014,84.17816673,5.851392373,14.38600616,Saliva,Day 15
IgG,Alpha,CV06UM015,92.77559663,2.236882643,41.47539743,Saliva,Day 1
IgG,Alpha,CV06UM015,80.67661078,1.872013504,43.09616923,Saliva,Day 3
IgG,Alpha,CV06UM015,77.0154893,1.638168477,47.01316768,Saliva,Day 15
IgG,Beta,CV06BW003,751.511663,4.370353924,171.9567056,Saliva,Day 1
IgG,Beta,CV06BW003,968.0223505,5.748653403,168.3911488,Saliva,Day 3
IgG,Beta,CV06BW003,712.4454275,4.756508205,149.7832857,Saliva,Day 15
IgG,Beta,CV06BW008,34.77895196,2.374032059,14.64973981,Saliva,Day 1
IgG,Beta,CV06BW008,64.45759578,4.261039821,15.12719864,Saliva,Day 3
IgG,Beta,CV06BW008,29.17275701,5.292044716,5.512568124,Saliva,Day 15
IgG,Beta,CV06BW010,548.7292399,7.791780654,70.42411283,Saliva,Day 1
IgG,Beta,CV06BW010,394.2247667,5.98000685,65.92379851,Saliva,Day 3
IgG,Beta,CV06BW010,469.7208968,6.380343302,73.62000358,Saliva,Day 15
IgG,Beta,CV06BW011,118.7030692,4.161898958,28.52137219,Saliva,Day 1
IgG,Beta,CV06BW011,454.6077665,8.990815359,50.56357497,Saliva,Day 3
IgG,Beta,CV06BW011,203.5396215,4.709765318,43.21651032,Saliva,Day 15
IgG,Beta,CV06BW012,63.61785917,2.224236244,28.60211425,Saliva,Day 1
IgG,Beta,CV06BW012,53.16766706,1.999120573,26.59552795,Saliva,Day 3
IgG,Beta,CV06BW012,157.3544586,5.632598263,27.93638944,Saliva,Day 15
IgG,Beta,CV06BW013,171.4552391,3.128052105,54.81214293,Saliva,Day 1
IgG,Beta,CV06BW013,800.2078679,16.40820825,48.76875378,Saliva,Day 3
IgG,Beta,CV06BW013,191.5512091,2.64876807,72.31709384,Saliva,Day 15
IgG,Beta,CV06BW015,80.46936,2.00838329,40.06673448,Saliva,Day 1
IgG,Beta,CV06BW015,183.0427176,4.634271797,39.4976224,Saliva,Day 3
IgG,Beta,CV06BW015,130.6725855,3.216271494,40.62859299,Saliva,Day 15
IgG,Beta,CV06FH001,511.768802,7.202727716,71.05208224,Saliva,Day 1
IgG,Beta,CV06FH001,488.669858,6.33014536,77.19725696,Saliva,Day 3
IgG,Beta,CV06FH001,238.54153,3.902477348,61.12566679,Saliva,Day 15
IgG,Beta,CV06FH002,50.63507444,6.209688021,8.154205859,Saliva,Day 1
IgG,Beta,CV06FH002,46.74140608,5.721022517,8.170113986,Saliva,Day 3
IgG,Beta,CV06FH003,275.3448347,2.489551413,110.6001801,Saliva,Day 1
IgG,Beta,CV06FH003,296.8718278,2.696858573,110.0806067,Saliva,Day 3
IgG,Beta,CV06FH003,133.182191,1.565154714,85.09202943,Saliva,Day 15
IgG,Beta,CV06FH005,828.7956597,7.174438454,115.5206313,Saliva,Day 1
IgG,Beta,CV06FH005,175.4121089,1.530029077,114.6462584,Saliva,Day 3
IgG,Beta,CV06FH005,186.1320942,1.86486163,99.81013667,Saliva,Day 15
IgG,Beta,CV06FH007,32.74846735,1.969726413,16.62589643,Saliva,Day 1
IgG,Beta,CV06FH007,33.75615767,2.136126792,15.80250658,Saliva,Day 3
IgG,Beta,CV06FH007,47.19128186,2.799934996,16.85442052,Saliva,Day 15
IgG,Beta,CV06FH008,62.89058083,1.466130303,42.89562853,Saliva,Day 1
IgG,Beta,CV06FH008,12.39008766,0.172286449,71.91562509,Saliva,Day 3
IgG,Beta,CV06FH008,101.6905871,2.223768763,45.72893945,Saliva,Day 15
IgG,Beta,CV06FH009,500.6705304,6.17022135,81.14304205,Saliva,Day 1
IgG,Beta,CV06FH009,505.8335656,5.857478459,86.35688019,Saliva,Day 3
IgG,Beta,CV06FH009,402.7544922,4.49697558,89.56119175,Saliva,Day 15
IgG,Beta,CV06FH010,46.59770142,1.535010283,30.35660537,Saliva,Day 1
IgG,Beta,CV06FH010,81.90082981,2.916689433,28.08006533,Saliva,Day 3
IgG,Beta,CV06FH010,28.16236166,1.486586206,18.94431789,Saliva,Day 15
IgG,Beta,CV06FH011,287.9540032,1.94225964,148.2572141,Saliva,Day 1
IgG,Beta,CV06FH011,318.4488854,2.392064236,133.1272299,Saliva,Day 3
IgG,Beta,CV06FH011,179.4459523,1.342088298,133.7065173,Saliva,Day 15
IgG,Beta,CV06HC001,47.96629976,7.164688873,6.694819637,Saliva,Day 1
IgG,Beta,CV06HC001,66.08332824,8.292178621,7.969356578,Saliva,Day 3
IgG,Beta,CV06HC001,25.02067012,3.300174387,7.581620602,Saliva,Day 15
IgG,Beta,CV06HC002,339.9752306,7.073483469,48.06333853,Saliva,Day 1
IgG,Beta,CV06HC002,306.9404824,5.460401815,56.21206878,Saliva,Day 3
IgG,Beta,CV06HC002,150.8195207,3.182056215,47.39687502,Saliva,Day 15
IgG,Beta,CV06HC003,1753.346239,13.67755591,128.1914876,Saliva,Day 1
IgG,Beta,CV06HC003,800.0323629,6.536601321,122.392712,Saliva,Day 3
IgG,Beta,CV06HC003,755.1408305,6.751021419,111.8557895,Saliva,Day 15
IgG,Beta,CV06HC004,117.7881413,9.876356113,11.92627523,Saliva,Day 1
IgG,Beta,CV06HC004,133.2350333,10.92326561,12.19736277,Saliva,Day 3
IgG,Beta,CV06HC004,132.2085966,12.18424766,10.85078048,Saliva,Day 15
IgG,Beta,CV06HC005,1024.18602,6.127216676,167.1535502,Saliva,Day 1
IgG,Beta,CV06HC005,2144.61637,17.23792248,124.4126937,Saliva,Day 3
IgG,Beta,CV06HC005,667.9983694,3.881314244,172.1062319,Saliva,Day 15
IgG,Beta,CV06HC007,505.6231112,11.98955448,42.17196829,Saliva,Day 1
IgG,Beta,CV06HC007,203.5850832,5.187480791,39.24546257,Saliva,Day 3
IgG,Beta,CV06HC007,326.6743635,9.700374241,33.67647014,Saliva,Day 15
IgG,Beta,CV06HC008,75.31528893,4.661230279,16.15781337,Saliva,Day 1
IgG,Beta,CV06HC008,139.8511317,7.147955267,19.56519402,Saliva,Day 3
IgG,Beta,CV06HC008,182.0099104,9.892855087,18.39811751,Saliva,Day 15
IgG,Beta,CV06HC009,386.0019971,4.907169099,78.66083059,Saliva,Day 1
IgG,Beta,CV06HC009,293.7936106,3.829378238,76.72096939,Saliva,Day 15
IgG,Beta,CV06HC010,2872.121471,33.43070122,85.91269001,Saliva,Day 1
IgG,Beta,CV06HC010,2320.383757,26.0391351,89.11139898,Saliva,Day 3
IgG,Beta,CV06HC010,2839.323744,29.38166909,96.63589006,Saliva,Day 15
IgG,Beta,CV06HC011,31.02099964,6.010674564,5.16098473,Saliva,Day 1
IgG,Beta,CV06HC011,51.74490045,14.07904079,3.675314335,Saliva,Day 3
IgG,Beta,CV06HC011,53.68957022,12.67742147,4.235054449,Saliva,Day 15
IgG,Beta,CV06HC012,433.9209619,24.83427377,17.47266564,Saliva,Day 1
IgG,Beta,CV06HC012,273.6005818,13.56730405,20.16617161,Saliva,Day 3
IgG,Beta,CV06HC012,279.1599835,18.48383001,15.10292961,Saliva,Day 15
IgG,Beta,CV06HC013,39.9847393,12.8983152,3.099997067,Saliva,Day 1
IgG,Beta,CV06HC013,26.04811482,8.691139119,2.997088698,Saliva,Day 3
IgG,Beta,CV06HC013,85.45783141,30.51345289,2.800660801,Saliva,Day 15
IgG,Beta,CV06HC014,384.7190228,37.82779282,10.17027413,Saliva,Day 1
IgG,Beta,CV06HC014,217.2043806,22.49108089,9.657356249,Saliva,Day 3
IgG,Beta,CV06HC014,174.4329569,19.05830461,9.152595705,Saliva,Day 15
IgG,Beta,CV06HC015,238.4615875,8.910331616,26.76236955,Saliva,Day 1
IgG,Beta,CV06HC015,350.9244824,14.02929339,25.01369618,Saliva,Day 3
IgG,Beta,CV06HC015,227.3388169,6.791550428,33.47377294,Saliva,Day 15
IgG,Beta,CV06UM001,794.5824832,21.01580621,37.80880331,Saliva,Day 1
IgG,Beta,CV06UM001,1304.204772,31.09544481,41.94198798,Saliva,Day 3
IgG,Beta,CV06UM001,898.2088593,24.12125149,37.23724118,Saliva,Day 15
IgG,Beta,CV06UM002,30.90929232,9.040179066,3.419101779,Saliva,Day 1
IgG,Beta,CV06UM002,17.63892309,6.646791818,2.653749895,Saliva,Day 3
IgG,Beta,CV06UM002,11.84275871,5.477192117,2.162195237,Saliva,Day 15
IgG,Beta,CV06UM003,29.66610922,0.447025177,66.36339681,Saliva,Day 1
IgG,Beta,CV06UM003,164.0256446,3.976919618,41.24439524,Saliva,Day 3
IgG,Beta,CV06UM005,10.9035886,0.815325225,13.37329972,Saliva,Day 1
IgG,Beta,CV06UM005,19.31037671,1.410984037,13.68575136,Saliva,Day 3
IgG,Beta,CV06UM005,21.78966293,1.687679763,12.91101749,Saliva,Day 15
IgG,Beta,CV06UM007,56.3160405,1.59601387,35.28543301,Saliva,Day 1
IgG,Beta,CV06UM007,36.87977285,1.229082995,30.00592555,Saliva,Day 3
IgG,Beta,CV06UM007,34.56464514,0.862845009,40.0589269,Saliva,Day 15
IgG,Beta,CV06UM008,57.15855088,3.586386832,15.93764241,Saliva,Day 1
IgG,Beta,CV06UM008,106.5341719,6.113274142,17.4266963,Saliva,Day 3
IgG,Beta,CV06UM008,135.8204579,8.621819069,15.75310927,Saliva,Day 15
IgG,Beta,CV06UM009,317.9160304,1.194601479,266.1272701,Saliva,Day 1
IgG,Beta,CV06UM009,435.3404458,1.560183596,279.0315492,Saliva,Day 3
IgG,Beta,CV06UM009,277.0113751,1.131392975,244.8409892,Saliva,Day 15
IgG,Beta,CV06UM010,12.63500485,1.037759339,12.17527453,Saliva,Day 1
IgG,Beta,CV06UM010,7.400828902,0.622307337,11.89256251,Saliva,Day 15
IgG,Beta,CV06UM011,16.95963754,0.242396028,69.96664786,Saliva,Day 1
IgG,Beta,CV06UM011,20.89987446,0.243773163,85.73492763,Saliva,Day 3
IgG,Beta,CV06UM011,72.23632927,1.411362936,51.18196561,Saliva,Day 15
IgG,Beta,CV06UM012,16.10758506,1.922221648,8.379671032,Saliva,Day 1
IgG,Beta,CV06UM012,26.6223276,2.613498219,10.18647245,Saliva,Day 3
IgG,Beta,CV06UM012,22.90646114,2.160445405,10.60265679,Saliva,Day 15
IgG,Beta,CV06UM013,425.9937494,4.643021095,91.74925995,Saliva,Day 1
IgG,Beta,CV06UM013,401.1029502,4.501961082,89.09516161,Saliva,Day 3
IgG,Beta,CV06UM013,356.0192837,4.195155824,84.86437659,Saliva,Day 15
IgG,Beta,CV06UM014,27.32295421,2.495999384,10.9466991,Saliva,Day 1
IgG,Beta,CV06UM014,28.40239817,2.707209762,10.49139175,Saliva,Day 3
IgG,Beta,CV06UM014,57.38689815,5.851392373,9.807391898,Saliva,Day 15
IgG,Beta,CV06UM015,77.31049529,2.236882643,34.56171272,Saliva,Day 1
IgG,Beta,CV06UM015,68.45159741,1.872013504,36.56576048,Saliva,Day 3
IgG,Beta,CV06UM015,61.03392986,1.638168477,37.25741931,Saliva,Day 15
IgG,Delta,CV06BW003,826.2620681,4.370353924,189.0606762,Saliva,Day 1
IgG,Delta,CV06BW003,1076.927634,5.748653403,187.3356348,Saliva,Day 3
IgG,Delta,CV06BW003,787.3958095,4.756508205,165.5407235,Saliva,Day 15
IgG,Delta,CV06BW008,55.42017591,2.374032059,23.34432498,Saliva,Day 1
IgG,Delta,CV06BW008,108.5980377,4.261039821,25.48627618,Saliva,Day 3
IgG,Delta,CV06BW008,49.50905023,5.292044716,9.355372617,Saliva,Day 15
IgG,Delta,CV06BW010,656.837239,7.791780654,84.29873327,Saliva,Day 1
IgG,Delta,CV06BW010,476.6892111,5.98000685,79.71382359,Saliva,Day 3
IgG,Delta,CV06BW010,572.887468,6.380343302,89.78944248,Saliva,Day 15
IgG,Delta,CV06BW011,148.5875714,4.161898958,35.701869,Saliva,Day 1
IgG,Delta,CV06BW011,568.5075147,8.990815359,63.23203091,Saliva,Day 3
IgG,Delta,CV06BW011,250.2130647,4.709765318,53.12644003,Saliva,Day 15
IgG,Delta,CV06BW012,82.03597508,2.224236244,36.88276157,Saliva,Day 1
IgG,Delta,CV06BW012,71.28353674,1.999120573,35.65744744,Saliva,Day 3
IgG,Delta,CV06BW012,204.9807486,5.632598263,36.39186376,Saliva,Day 15
IgG,Delta,CV06BW013,172.5447393,3.128052105,55.16044282,Saliva,Day 1
IgG,Delta,CV06BW013,757.1381982,16.40820825,46.14386817,Saliva,Day 3
IgG,Delta,CV06BW013,176.1588594,2.64876807,66.50595852,Saliva,Day 15
IgG,Delta,CV06BW015,87.51855825,2.00838329,43.57662141,Saliva,Day 1
IgG,Delta,CV06BW015,190.3289044,4.634271797,41.06986226,Saliva,Day 3
IgG,Delta,CV06BW015,135.6792497,3.216271494,42.18526014,Saliva,Day 15
IgG,Delta,CV06FH001,513.5242707,7.202727716,71.295805,Saliva,Day 1
IgG,Delta,CV06FH001,508.6576831,6.33014536,80.35481874,Saliva,Day 3
IgG,Delta,CV06FH001,236.8023081,3.902477348,60.67999556,Saliva,Day 15
IgG,Delta,CV06FH002,70.96675719,6.209688021,11.42839333,Saliva,Day 1
IgG,Delta,CV06FH002,67.79106457,5.721022517,11.84946648,Saliva,Day 3
IgG,Delta,CV06FH003,235.0025158,2.489551413,94.39552625,Saliva,Day 1
IgG,Delta,CV06FH003,268.6683623,2.696858573,99.62271103,Saliva,Day 3
IgG,Delta,CV06FH003,120.8421264,1.565154714,77.20778359,Saliva,Day 15
IgG,Delta,CV06FH005,752.8888652,7.174438454,104.9404591,Saliva,Day 1
IgG,Delta,CV06FH005,147.4228943,1.530029077,96.35300175,Saliva,Day 3
IgG,Delta,CV06FH005,174.1391253,1.86486163,93.37911323,Saliva,Day 15
IgG,Delta,CV06FH007,30.83441249,1.969726413,15.65416003,Saliva,Day 1
IgG,Delta,CV06FH007,30.88048769,2.136126792,14.45629904,Saliva,Day 3
IgG,Delta,CV06FH007,42.02633047,2.799934996,15.0097522,Saliva,Day 15
IgG,Delta,CV06FH008,70.52668681,1.466130303,48.10396913,Saliva,Day 1
IgG,Delta,CV06FH008,14.92087519,0.172286449,86.60504232,Saliva,Day 3
IgG,Delta,CV06FH008,118.4514779,2.223768763,53.26609485,Saliva,Day 15
IgG,Delta,CV06FH009,585.2391188,6.17022135,94.84896661,Saliva,Day 1
IgG,Delta,CV06FH009,601.2273061,5.857478459,102.6426832,Saliva,Day 3
IgG,Delta,CV06FH009,510.7341652,4.49697558,113.5728127,Saliva,Day 15
IgG,Delta,CV06FH010,53.05888877,1.535010283,34.56581975,Saliva,Day 1
IgG,Delta,CV06FH010,91.28379123,2.916689433,31.29705556,Saliva,Day 3
IgG,Delta,CV06FH010,30.7702236,1.486586206,20.69858005,Saliva,Day 15
IgG,Delta,CV06FH011,287.2319792,1.94225964,147.8854697,Saliva,Day 1
IgG,Delta,CV06FH011,336.5618538,2.392064236,140.6993377,Saliva,Day 3
IgG,Delta,CV06FH011,182.3257904,1.342088298,135.8523061,Saliva,Day 15
IgG,Delta,CV06HC001,60.21180261,7.164688873,8.403966128,Saliva,Day 1
IgG,Delta,CV06HC001,82.83876114,8.292178621,9.989987545,Saliva,Day 3
IgG,Delta,CV06HC001,29.73287202,3.300174387,9.009485118,Saliva,Day 15
IgG,Delta,CV06HC002,330.1346796,7.073483469,46.67214974,Saliva,Day 1
IgG,Delta,CV06HC002,293.4359196,5.460401815,53.73888764,Saliva,Day 3
IgG,Delta,CV06HC002,137.6478111,3.182056215,43.25750453,Saliva,Day 15
IgG,Delta,CV06HC003,1916.617786,13.67755591,140.1286749,Saliva,Day 1
IgG,Delta,CV06HC003,882.651201,6.536601321,135.0321302,Saliva,Day 3
IgG,Delta,CV06HC003,866.3395578,6.751021419,128.3271825,Saliva,Day 15
IgG,Delta,CV06HC004,173.3363801,9.876356113,17.55064096,Saliva,Day 1
IgG,Delta,CV06HC004,188.2728685,10.92326561,17.23595079,Saliva,Day 3
IgG,Delta,CV06HC004,185.1982091,12.18424766,15.19980669,Saliva,Day 15
IgG,Delta,CV06HC005,915.1208815,6.127216676,149.3534389,Saliva,Day 1
IgG,Delta,CV06HC005,1699.393042,17.23792248,98.58456222,Saliva,Day 3
IgG,Delta,CV06HC005,596.3003706,3.881314244,153.6336233,Saliva,Day 15
IgG,Delta,CV06HC007,575.1589483,11.98955448,47.97166979,Saliva,Day 1
IgG,Delta,CV06HC007,223.9419132,5.187480791,43.16968529,Saliva,Day 3
IgG,Delta,CV06HC007,357.5248662,9.700374241,36.85681164,Saliva,Day 15
IgG,Delta,CV06HC008,79.15072896,4.661230279,16.98065194,Saliva,Day 1
IgG,Delta,CV06HC008,151.9008375,7.147955267,21.25094965,Saliva,Day 3
IgG,Delta,CV06HC008,192.1371984,9.892855087,19.4218147,Saliva,Day 15
IgG,Delta,CV06HC009,471.2052856,4.907169099,96.0238533,Saliva,Day 1
IgG,Delta,CV06HC009,371.7158021,3.829378238,97.06949247,Saliva,Day 15
IgG,Delta,CV06HC010,3155.380018,33.43070122,94.38569646,Saliva,Day 1
IgG,Delta,CV06HC010,2611.900151,26.0391351,100.3067168,Saliva,Day 3
IgG,Delta,CV06HC010,2716.776281,29.38166909,92.46500843,Saliva,Day 15
IgG,Delta,CV06HC011,29.67243827,6.010674564,4.936623661,Saliva,Day 1
IgG,Delta,CV06HC011,55.78391036,14.07904079,3.962195378,Saliva,Day 3
IgG,Delta,CV06HC011,57.07703779,12.67742147,4.502259226,Saliva,Day 15
IgG,Delta,CV06HC012,457.3496502,24.83427377,18.41606703,Saliva,Day 1
IgG,Delta,CV06HC012,250.5679254,13.56730405,18.46851257,Saliva,Day 3
IgG,Delta,CV06HC012,265.2111445,18.48383001,14.3482787,Saliva,Day 15
IgG,Delta,CV06HC013,51.69691055,12.8983152,4.008035913,Saliva,Day 1
IgG,Delta,CV06HC013,31.91470175,8.691139119,3.672096524,Saliva,Day 3
IgG,Delta,CV06HC013,97.83503173,30.51345289,3.206291732,Saliva,Day 15
IgG,Delta,CV06HC014,402.3653727,37.82779282,10.63676579,Saliva,Day 1
IgG,Delta,CV06HC014,247.2841324,22.49108089,10.99476426,Saliva,Day 3
IgG,Delta,CV06HC014,195.2518619,19.05830461,10.2449754,Saliva,Day 15
IgG,Delta,CV06HC015,278.6393473,8.910331616,31.27149014,Saliva,Day 1
IgG,Delta,CV06HC015,386.6957817,14.02929339,27.56345391,Saliva,Day 3
IgG,Delta,CV06HC015,246.4972761,6.791550428,36.29469864,Saliva,Day 15
IgG,Delta,CV06UM001,979.9631023,21.01580621,46.62981247,Saliva,Day 1
IgG,Delta,CV06UM001,1615.698501,31.09544481,51.95933074,Saliva,Day 3
IgG,Delta,CV06UM001,1157.727883,24.12125149,47.99617812,Saliva,Day 15
IgG,Delta,CV06UM002,33.80394388,9.040179066,3.739300255,Saliva,Day 1
IgG,Delta,CV06UM002,17.15908146,6.646791818,2.581558431,Saliva,Day 3
IgG,Delta,CV06UM002,11.93099907,5.477192117,2.178305748,Saliva,Day 15
IgG,Delta,CV06UM003,33.11652798,0.447025177,74.08201969,Saliva,Day 1
IgG,Delta,CV06UM003,165.6947337,3.976919618,41.66408921,Saliva,Day 3
IgG,Delta,CV06UM005,12.59817735,0.815325225,15.45172032,Saliva,Day 1
IgG,Delta,CV06UM005,22.07678799,1.410984037,15.64637686,Saliva,Day 3
IgG,Delta,CV06UM005,25.68989439,1.687679763,15.22201958,Saliva,Day 15
IgG,Delta,CV06UM007,69.62094361,1.59601387,43.62176602,Saliva,Day 1
IgG,Delta,CV06UM007,44.03087826,1.229082995,35.82417008,Saliva,Day 3
IgG,Delta,CV06UM007,42.79993411,0.862845009,49.60327019,Saliva,Day 15
IgG,Delta,CV06UM008,67.95647633,3.586386832,18.94845133,Saliva,Day 1
IgG,Delta,CV06UM008,126.5539433,6.113274142,20.70149977,Saliva,Day 3
IgG,Delta,CV06UM008,159.3175186,8.621819069,18.47841127,Saliva,Day 15
IgG,Delta,CV06UM009,341.7125999,1.194601479,286.0473606,Saliva,Day 1
IgG,Delta,CV06UM009,509.7681618,1.560183596,326.7360093,Saliva,Day 3
IgG,Delta,CV06UM009,307.1917454,1.131392975,271.5163982,Saliva,Day 15
IgG,Delta,CV06UM010,20.19308846,1.037759339,19.45835387,Saliva,Day 1
IgG,Delta,CV06UM010,10.93973281,0.622307337,17.57930875,Saliva,Day 15
IgG,Delta,CV06UM011,21.10873749,0.242396028,87.08367729,Saliva,Day 1
IgG,Delta,CV06UM011,26.46688085,0.243773163,108.5717581,Saliva,Day 3
IgG,Delta,CV06UM011,93.65640458,1.411362936,66.3588381,Saliva,Day 15
IgG,Delta,CV06UM012,22.73058722,1.922221648,11.82516451,Saliva,Day 1
IgG,Delta,CV06UM012,35.32692272,2.613498219,13.51710228,Saliva,Day 3
IgG,Delta,CV06UM012,27.16514443,2.160445405,12.57386295,Saliva,Day 15
IgG,Delta,CV06UM013,474.3207728,4.643021095,102.1577897,Saliva,Day 1
IgG,Delta,CV06UM013,477.9838027,4.501961082,106.1723533,Saliva,Day 3
IgG,Delta,CV06UM013,398.435809,4.195155824,94.97521087,Saliva,Day 15
IgG,Delta,CV06UM014,34.53562968,2.495999384,13.83639351,Saliva,Day 1
IgG,Delta,CV06UM014,38.30881871,2.707209762,14.1506651,Saliva,Day 3
IgG,Delta,CV06UM014,78.40586536,5.851392373,13.39952277,Saliva,Day 15
IgG,Delta,CV06UM015,81.99212458,2.236882643,36.65463847,Saliva,Day 1
IgG,Delta,CV06UM015,75.52642136,1.872013504,40.34501951,Saliva,Day 3
IgG,Delta,CV06UM015,68.39085763,1.638168477,41.74836629,Saliva,Day 15
IgG,Gamma,CV06BW003,747.8600992,4.370353924,171.1211751,Saliva,Day 1
IgG,Gamma,CV06BW003,934.3611175,5.748653403,162.53565,Saliva,Day 3
IgG,Gamma,CV06BW003,732.9098536,4.756508205,154.085691,Saliva,Day 15
IgG,Gamma,CV06BW008,40.11181216,2.374032059,16.89607013,Saliva,Day 1
IgG,Gamma,CV06BW008,78.42071017,4.261039821,18.40412516,Saliva,Day 3
IgG,Gamma,CV06BW008,36.05366798,5.292044716,6.812804863,Saliva,Day 15
IgG,Gamma,CV06BW010,600.9099225,7.791780654,77.12100086,Saliva,Day 1
IgG,Gamma,CV06BW010,458.7624911,5.98000685,76.71604776,Saliva,Day 3
IgG,Gamma,CV06BW010,516.4491055,6.380343302,80.94378014,Saliva,Day 15
IgG,Gamma,CV06BW011,130.5963932,4.161898958,31.37903983,Saliva,Day 1
IgG,Gamma,CV06BW011,468.7804397,8.990815359,52.13992513,Saliva,Day 3
IgG,Gamma,CV06BW011,222.7444763,4.709765318,47.29417737,Saliva,Day 15
IgG,Gamma,CV06BW012,74.09188137,2.224236244,33.31115639,Saliva,Day 1
IgG,Gamma,CV06BW012,61.01757947,1.999120573,30.52221077,Saliva,Day 3
IgG,Gamma,CV06BW012,176.2133046,5.632598263,31.28455047,Saliva,Day 15
IgG,Gamma,CV06BW013,164.0588513,3.128052105,52.44760821,Saliva,Day 1
IgG,Gamma,CV06BW013,770.0249388,16.40820825,46.92925195,Saliva,Day 3
IgG,Gamma,CV06BW013,180.6947819,2.64876807,68.21842347,Saliva,Day 15
IgG,Gamma,CV06BW015,88.96330995,2.00838329,44.29598195,Saliva,Day 1
IgG,Gamma,CV06BW015,197.8029395,4.634271797,42.68263671,Saliva,Day 3
IgG,Gamma,CV06BW015,142.1768893,3.216271494,44.20549994,Saliva,Day 15
IgG,Gamma,CV06FH001,516.0603778,7.202727716,71.6479087,Saliva,Day 1
IgG,Gamma,CV06FH001,505.4462926,6.33014536,79.84750173,Saliva,Day 3
IgG,Gamma,CV06FH001,250.7110757,3.902477348,64.24408225,Saliva,Day 15
IgG,Gamma,CV06FH002,47.86493422,6.209688021,7.708106117,Saliva,Day 1
IgG,Gamma,CV06FH002,43.63355309,5.721022517,7.626880154,Saliva,Day 3
IgG,Gamma,CV06FH003,307.7571362,2.489551413,123.6195142,Saliva,Day 1
IgG,Gamma,CV06FH003,326.1512962,2.696858573,120.9374861,Saliva,Day 3
IgG,Gamma,CV06FH003,151.5429363,1.565154714,96.82297536,Saliva,Day 15
IgG,Gamma,CV06FH005,888.8660622,7.174438454,123.8934682,Saliva,Day 1
IgG,Gamma,CV06FH005,188.2290362,1.530029077,123.0231759,Saliva,Day 3
IgG,Gamma,CV06FH005,200.2993538,1.86486163,107.4070862,Saliva,Day 15
IgG,Gamma,CV06FH007,39.4531996,1.969726413,20.02978654,Saliva,Day 1
IgG,Gamma,CV06FH007,40.62173692,2.136126792,19.01653829,Saliva,Day 3
IgG,Gamma,CV06FH007,56.00394006,2.799934996,20.00187152,Saliva,Day 15
IgG,Gamma,CV06FH008,68.58946533,1.466130303,46.78265309,Saliva,Day 1
IgG,Gamma,CV06FH008,15.01462346,0.172286449,87.1491842,Saliva,Day 3
IgG,Gamma,CV06FH008,110.4917277,2.223768763,49.68669835,Saliva,Day 15
IgG,Gamma,CV06FH009,537.4359141,6.17022135,87.10156145,Saliva,Day 1
IgG,Gamma,CV06FH009,510.4389342,5.857478459,87.1431176,Saliva,Day 3
IgG,Gamma,CV06FH009,439.2023988,4.49697558,97.66617385,Saliva,Day 15
IgG,Gamma,CV06FH010,45.75514928,1.535010283,29.80771515,Saliva,Day 1
IgG,Gamma,CV06FH010,83.75716668,2.916689433,28.71651871,Saliva,Day 3
IgG,Gamma,CV06FH010,28.07118874,1.486586206,18.88298749,Saliva,Day 15
IgG,Gamma,CV06FH011,333.5261475,1.94225964,171.7206807,Saliva,Day 1
IgG,Gamma,CV06FH011,362.6573344,2.392064236,151.6085266,Saliva,Day 3
IgG,Gamma,CV06FH011,210.8293318,1.342088298,157.0905074,Saliva,Day 15
IgG,Gamma,CV06HC001,45.1915889,7.164688873,6.307543803,Saliva,Day 1
IgG,Gamma,CV06HC001,66.1504197,8.292178621,7.977447511,Saliva,Day 3
IgG,Gamma,CV06HC001,25.03485767,3.300174387,7.585919633,Saliva,Day 15
IgG,Gamma,CV06HC002,362.0912364,7.073483469,51.18994594,Saliva,Day 1
IgG,Gamma,CV06HC002,316.7564056,5.460401815,58.00972462,Saliva,Day 3
IgG,Gamma,CV06HC002,167.2578989,3.182056215,52.56283598,Saliva,Day 15
IgG,Gamma,CV06HC003,1690.87924,13.67755591,123.6243705,Saliva,Day 1
IgG,Gamma,CV06HC003,781.2158773,6.536601321,119.5140776,Saliva,Day 3
IgG,Gamma,CV06HC003,721.6013419,6.751021419,106.8877281,Saliva,Day 15
IgG,Gamma,CV06HC004,162.3207457,9.876356113,16.43528685,Saliva,Day 1
IgG,Gamma,CV06HC004,171.6178511,10.92326561,15.71122202,Saliva,Day 3
IgG,Gamma,CV06HC004,170.2965294,12.18424766,13.9767784,Saliva,Day 15
IgG,Gamma,CV06HC005,1001.581,6.127216676,163.4642699,Saliva,Day 1
IgG,Gamma,CV06HC005,1864.998331,17.23792248,108.1915952,Saliva,Day 3
IgG,Gamma,CV06HC005,668.4163674,3.881314244,172.2139269,Saliva,Day 15
IgG,Gamma,CV06HC007,543.1677519,11.98955448,45.30341414,Saliva,Day 1
IgG,Gamma,CV06HC007,221.1719305,5.187480791,42.63571074,Saliva,Day 3
IgG,Gamma,CV06HC007,336.4615343,9.700374241,34.6854179,Saliva,Day 15
IgG,Gamma,CV06HC008,74.16212254,4.661230279,15.91041809,Saliva,Day 1
IgG,Gamma,CV06HC008,136.7761133,7.147955267,19.1349985,Saliva,Day 3
IgG,Gamma,CV06HC008,182.7485856,9.892855087,18.47278506,Saliva,Day 15
IgG,Gamma,CV06HC009,533.4910525,4.907169099,108.7166637,Saliva,Day 1
IgG,Gamma,CV06HC009,426.4150571,3.829378238,111.3536012,Saliva,Day 15
IgG,Gamma,CV06HC010,2716.823504,33.43070122,81.26732031,Saliva,Day 1
IgG,Gamma,CV06HC010,2369.931577,26.0391351,91.01422023,Saliva,Day 3
IgG,Gamma,CV06HC010,2577.357302,29.38166909,87.71990774,Saliva,Day 15
IgG,Gamma,CV06HC011,35.80664652,6.010674564,5.957176045,Saliva,Day 1
IgG,Gamma,CV06HC011,57.02255055,14.07904079,4.050172976,Saliva,Day 3
IgG,Gamma,CV06HC011,60.45577543,12.67742147,4.768775382,Saliva,Day 15
IgG,Gamma,CV06HC012,513.7462294,24.83427377,20.68698422,Saliva,Day 1
IgG,Gamma,CV06HC012,322.145195,13.56730405,23.74423053,Saliva,Day 3
IgG,Gamma,CV06HC012,353.5104412,18.48383001,19.12538911,Saliva,Day 15
IgG,Gamma,CV06HC013,47.09857925,12.8983152,3.651529561,Saliva,Day 1
IgG,Gamma,CV06HC013,32.61072725,8.691139119,3.752181021,Saliva,Day 3
IgG,Gamma,CV06HC013,101.0591845,30.51345289,3.311955054,Saliva,Day 15
IgG,Gamma,CV06HC014,471.0901249,37.82779282,12.45354513,Saliva,Day 1
IgG,Gamma,CV06HC014,253.796717,22.49108089,11.28432725,Saliva,Day 3
IgG,Gamma,CV06HC014,220.1583805,19.05830461,11.55183449,Saliva,Day 15
IgG,Gamma,CV06HC015,257.940038,8.910331616,28.9484218,Saliva,Day 1
IgG,Gamma,CV06HC015,391.3348706,14.02929339,27.89412551,Saliva,Day 3
IgG,Gamma,CV06HC015,267.4958414,6.791550428,39.38656486,Saliva,Day 15
IgG,Gamma,CV06UM001,781.1510547,21.01580621,37.16969252,Saliva,Day 1
IgG,Gamma,CV06UM001,1222.142136,31.09544481,39.30293147,Saliva,Day 3
IgG,Gamma,CV06UM001,910.1175547,24.12125149,37.73094257,Saliva,Day 15
IgG,Gamma,CV06UM002,29.82398308,9.040179066,3.299047824,Saliva,Day 1
IgG,Gamma,CV06UM002,17.61392791,6.646791818,2.649989408,Saliva,Day 3
IgG,Gamma,CV06UM002,11.39129633,5.477192117,2.079769358,Saliva,Day 15
IgG,Gamma,CV06UM003,29.97274204,0.447025177,67.04933763,Saliva,Day 1
IgG,Gamma,CV06UM003,164.8991746,3.976919618,41.46404515,Saliva,Day 3
IgG,Gamma,CV06UM005,15.38385648,0.815325225,18.86836812,Saliva,Day 1
IgG,Gamma,CV06UM005,27.65999422,1.410984037,19.60333603,Saliva,Day 3
IgG,Gamma,CV06UM005,29.89143806,1.687679763,17.71155803,Saliva,Day 15
IgG,Gamma,CV06UM007,67.2110095,1.59601387,42.11179536,Saliva,Day 1
IgG,Gamma,CV06UM007,42.78906504,1.229082995,34.81381257,Saliva,Day 3
IgG,Gamma,CV06UM007,41.32961672,0.862845009,47.899236,Saliva,Day 15
IgG,Gamma,CV06UM008,60.3316414,3.586386832,16.82240211,Saliva,Day 1
IgG,Gamma,CV06UM008,114.0225261,6.113274142,18.65162979,Saliva,Day 3
IgG,Gamma,CV06UM008,140.7338743,8.621819069,16.3229909,Saliva,Day 15
IgG,Gamma,CV06UM009,360.0682055,1.194601479,301.4128242,Saliva,Day 1
IgG,Gamma,CV06UM009,489.2479749,1.560183596,313.5835912,Saliva,Day 3
IgG,Gamma,CV06UM009,321.5523286,1.131392975,284.2092321,Saliva,Day 15
IgG,Gamma,CV06UM010,13.81278762,1.037759339,13.31020314,Saliva,Day 1
IgG,Gamma,CV06UM010,7.695963566,0.622307337,12.3668212,Saliva,Day 15
IgG,Gamma,CV06UM011,22.70274095,0.242396028,93.65970694,Saliva,Day 1
IgG,Gamma,CV06UM011,27.55858895,0.243773163,113.050135,Saliva,Day 3
IgG,Gamma,CV06UM011,89.71488885,1.411362936,63.56613636,Saliva,Day 15
IgG,Gamma,CV06UM012,19.78617579,1.922221648,10.29338932,Saliva,Day 1
IgG,Gamma,CV06UM012,34.37022113,2.613498219,13.15104058,Saliva,Day 3
IgG,Gamma,CV06UM012,28.22703014,2.160445405,13.06537535,Saliva,Day 15
IgG,Gamma,CV06UM013,413.4138154,4.643021095,89.03983138,Saliva,Day 1
IgG,Gamma,CV06UM013,392.522223,4.501961082,87.18916397,Saliva,Day 3
IgG,Gamma,CV06UM013,335.0209553,4.195155824,79.8590015,Saliva,Day 15
IgG,Gamma,CV06UM014,29.63166948,2.495999384,11.87166538,Saliva,Day 1
IgG,Gamma,CV06UM014,30.28905467,2.707209762,11.1882925,Saliva,Day 3
IgG,Gamma,CV06UM014,60.1958861,5.851392373,10.28744652,Saliva,Day 15
IgG,Gamma,CV06UM015,72.40849451,2.236882643,32.37026973,Saliva,Day 1
IgG,Gamma,CV06UM015,69.1868874,1.872013504,36.95854076,Saliva,Day 3
IgG,Gamma,CV06UM015,66.02128531,1.638168477,40.30188972,Saliva,Day 15
IgG,Omicron.BA.1,CV06BW003,309.8383991,4.370353924,70.89549369,Saliva,Day 1
IgG,Omicron.BA.1,CV06BW003,394.3722462,5.748653403,68.60254368,Saliva,Day 3
IgG,Omicron.BA.1,CV06BW003,287.0894476,4.756508205,60.3571854,Saliva,Day 15
IgG,Omicron.BA.1,CV06BW008,12.4622809,2.374032059,5.249415589,Saliva,Day 1
IgG,Omicron.BA.1,CV06BW008,24.02141126,4.261039821,5.637452892,Saliva,Day 3
IgG,Omicron.BA.1,CV06BW008,10.39477392,5.292044716,1.964226397,Saliva,Day 15
IgG,Omicron.BA.1,CV06BW010,258.0278089,7.791780654,33.11538406,Saliva,Day 1
IgG,Omicron.BA.1,CV06BW010,183.7433386,5.98000685,30.72627561,Saliva,Day 3
IgG,Omicron.BA.1,CV06BW010,215.5143863,6.380343302,33.77786682,Saliva,Day 15
IgG,Omicron.BA.1,CV06BW011,43.7884297,4.161898958,10.52126208,Saliva,Day 1
IgG,Omicron.BA.1,CV06BW011,174.1169665,8.990815359,19.36609301,Saliva,Day 3
IgG,Omicron.BA.1,CV06BW011,77.37218644,4.709765318,16.42803435,Saliva,Day 15
IgG,Omicron.BA.1,CV06BW012,24.17542983,2.224236244,10.86909266,Saliva,Day 1
IgG,Omicron.BA.1,CV06BW012,20.90589655,1.999120573,10.4575466,Saliva,Day 3
IgG,Omicron.BA.1,CV06BW012,61.69253449,5.632598263,10.95276667,Saliva,Day 15
IgG,Omicron.BA.1,CV06BW013,65.44816427,3.128052105,20.92297764,Saliva,Day 1
IgG,Omicron.BA.1,CV06BW013,311.5030394,16.40820825,18.98458593,Saliva,Day 3
IgG,Omicron.BA.1,CV06BW013,73.88702202,2.64876807,27.89486285,Saliva,Day 15
IgG,Omicron.BA.1,CV06BW015,36.92190359,2.00838329,18.38389305,Saliva,Day 1
IgG,Omicron.BA.1,CV06BW015,83.84271803,4.634271797,18.09188621,Saliva,Day 3
IgG,Omicron.BA.1,CV06BW015,58.9857587,3.216271494,18.33979464,Saliva,Day 15
IgG,Omicron.BA.1,CV06FH001,269.3995227,7.202727716,37.40243049,Saliva,Day 1
IgG,Omicron.BA.1,CV06FH001,242.646278,6.33014536,38.3318651,Saliva,Day 3
IgG,Omicron.BA.1,CV06FH001,117.5781925,3.902477348,30.12911596,Saliva,Day 15
IgG,Omicron.BA.1,CV06FH002,19.8854013,6.209688021,3.202318898,Saliva,Day 1
IgG,Omicron.BA.1,CV06FH002,18.02879691,5.721022517,3.151324235,Saliva,Day 3
IgG,Omicron.BA.1,CV06FH003,148.641413,2.489551413,59.70610295,Saliva,Day 1
IgG,Omicron.BA.1,CV06FH003,160.6693228,2.696858573,59.5764733,Saliva,Day 3
IgG,Omicron.BA.1,CV06FH003,68.08371643,1.565154714,43.49967184,Saliva,Day 15
IgG,Omicron.BA.1,CV06FH005,401.5058784,7.174438454,55.96338737,Saliva,Day 1
IgG,Omicron.BA.1,CV06FH005,80.68385997,1.530029077,52.73354682,Saliva,Day 3
IgG,Omicron.BA.1,CV06FH005,85.97354551,1.86486163,46.10183625,Saliva,Day 15
IgG,Omicron.BA.1,CV06FH007,16.21964929,1.969726413,8.234468086,Saliva,Day 1
IgG,Omicron.BA.1,CV06FH007,16.62514447,2.136126792,7.782845351,Saliva,Day 3
IgG,Omicron.BA.1,CV06FH007,22.45652863,2.799934996,8.020374994,Saliva,Day 15
IgG,Omicron.BA.1,CV06FH008,20.62136691,1.466130303,14.06516656,Saliva,Day 1
IgG,Omicron.BA.1,CV06FH008,4.548714213,0.172286449,26.40204291,Saliva,Day 3
IgG,Omicron.BA.1,CV06FH008,34.67703466,2.223768763,15.59381318,Saliva,Day 15
IgG,Omicron.BA.1,CV06FH009,159.8616005,6.17022135,25.90856818,Saliva,Day 1
IgG,Omicron.BA.1,CV06FH009,166.6157581,5.857478459,28.444963,Saliva,Day 3
IgG,Omicron.BA.1,CV06FH009,131.8552925,4.49697558,29.32088247,Saliva,Day 15
IgG,Omicron.BA.1,CV06FH010,21.99686982,1.535010283,14.33011235,Saliva,Day 1
IgG,Omicron.BA.1,CV06FH010,38.75291195,2.916689433,13.28660896,Saliva,Day 3
IgG,Omicron.BA.1,CV06FH010,13.73562861,1.486586206,9.239712136,Saliva,Day 15
IgG,Omicron.BA.1,CV06FH011,112.4866994,1.94225964,57.91537707,Saliva,Day 1
IgG,Omicron.BA.1,CV06FH011,124.7178679,2.392064236,52.13817674,Saliva,Day 3
IgG,Omicron.BA.1,CV06FH011,73.29480081,1.342088298,54.61250269,Saliva,Day 15
IgG,Omicron.BA.1,CV06HC001,17.34204848,7.164688873,2.420488703,Saliva,Day 1
IgG,Omicron.BA.1,CV06HC001,23.2898288,8.292178621,2.808650159,Saliva,Day 3
IgG,Omicron.BA.1,CV06HC001,8.910242137,3.300174387,2.699930699,Saliva,Day 15
IgG,Omicron.BA.1,CV06HC002,147.4148704,7.073483469,20.84049125,Saliva,Day 1
IgG,Omicron.BA.1,CV06HC002,131.5578823,5.460401815,24.09307717,Saliva,Day 3
IgG,Omicron.BA.1,CV06HC002,67.41920594,3.182056215,21.18730827,Saliva,Day 15
IgG,Omicron.BA.1,CV06HC003,522.7053646,13.67755591,38.21628425,Saliva,Day 1
IgG,Omicron.BA.1,CV06HC003,331.5518579,6.536601321,50.72236191,Saliva,Day 3
IgG,Omicron.BA.1,CV06HC003,310.9495129,6.751021419,46.0596247,Saliva,Day 15
IgG,Omicron.BA.1,CV06HC004,41.34413179,9.876356113,4.186172645,Saliva,Day 1
IgG,Omicron.BA.1,CV06HC004,49.74190211,10.92326561,4.553757446,Saliva,Day 3
IgG,Omicron.BA.1,CV06HC004,46.8334409,12.18424766,3.843769613,Saliva,Day 15
IgG,Omicron.BA.1,CV06HC005,541.8485015,6.127216676,88.43305698,Saliva,Day 1
IgG,Omicron.BA.1,CV06HC005,849.2867081,17.23792248,49.2685072,Saliva,Day 3
IgG,Omicron.BA.1,CV06HC005,350.7031459,3.881314244,90.35680283,Saliva,Day 15
IgG,Omicron.BA.1,CV06HC007,197.4615286,11.98955448,16.4694634,Saliva,Day 1
IgG,Omicron.BA.1,CV06HC007,76.00274789,5.187480791,14.65118638,Saliva,Day 3
IgG,Omicron.BA.1,CV06HC007,123.4240048,9.700374241,12.72363331,Saliva,Day 15
IgG,Omicron.BA.1,CV06HC008,33.60085568,4.661230279,7.208580925,Saliva,Day 1
IgG,Omicron.BA.1,CV06HC008,64.4000809,7.147955267,9.009580851,Saliva,Day 3
IgG,Omicron.BA.1,CV06HC008,83.92535882,9.892855087,8.483431535,Saliva,Day 15
IgG,Omicron.BA.1,CV06HC009,196.279332,4.907169099,39.9984855,Saliva,Day 1
IgG,Omicron.BA.1,CV06HC009,152.7710704,3.829378238,39.8944844,Saliva,Day 15
IgG,Omicron.BA.1,CV06HC010,1411.599951,33.43070122,42.22465876,Saliva,Day 1
IgG,Omicron.BA.1,CV06HC010,1374.779324,26.0391351,52.79665851,Saliva,Day 3
IgG,Omicron.BA.1,CV06HC010,1447.975922,29.38166909,49.2816088,Saliva,Day 15
IgG,Omicron.BA.1,CV06HC011,19.9600524,6.010674564,3.320767442,Saliva,Day 1
IgG,Omicron.BA.1,CV06HC011,34.0546339,14.07904079,2.418817759,Saliva,Day 3
IgG,Omicron.BA.1,CV06HC011,33.53901253,12.67742147,2.645570521,Saliva,Day 15
IgG,Omicron.BA.1,CV06HC012,234.142332,24.83427377,9.428193238,Saliva,Day 1
IgG,Omicron.BA.1,CV06HC012,142.8731179,13.56730405,10.5306933,Saliva,Day 3
IgG,Omicron.BA.1,CV06HC012,143.1769785,18.48383001,7.746066612,Saliva,Day 15
IgG,Omicron.BA.1,CV06HC013,12.37727889,12.8983152,0.959604312,Saliva,Day 1
IgG,Omicron.BA.1,CV06HC013,8.251164679,8.691139119,0.949376666,Saliva,Day 3
IgG,Omicron.BA.1,CV06HC013,28.75585287,30.51345289,0.942399176,Saliva,Day 15
IgG,Omicron.BA.1,CV06HC014,182.0070703,37.82779282,4.811464184,Saliva,Day 1
IgG,Omicron.BA.1,CV06HC014,101.4762712,22.49108089,4.511845015,Saliva,Day 3
IgG,Omicron.BA.1,CV06HC014,83.63724065,19.05830461,4.388493225,Saliva,Day 15
IgG,Omicron.BA.1,CV06HC015,102.3643155,8.910331616,11.48827226,Saliva,Day 1
IgG,Omicron.BA.1,CV06HC015,149.2338799,14.02929339,10.63730551,Saliva,Day 3
IgG,Omicron.BA.1,CV06HC015,97.63740344,6.791550428,14.37630545,Saliva,Day 15
IgG,Omicron.BA.1,CV06UM001,366.3385327,21.01580621,17.4315717,Saliva,Day 1
IgG,Omicron.BA.1,CV06UM001,510.5172629,31.09544481,16.41775077,Saliva,Day 3
IgG,Omicron.BA.1,CV06UM001,423.1594672,24.12125149,17.54301461,Saliva,Day 15
IgG,Omicron.BA.1,CV06UM002,13.38747682,9.040179066,1.480886243,Saliva,Day 1
IgG,Omicron.BA.1,CV06UM002,7.456690573,6.646791818,1.12184807,Saliva,Day 3
IgG,Omicron.BA.1,CV06UM002,5.141810311,5.477192117,0.938767566,Saliva,Day 15
IgG,Omicron.BA.1,CV06UM003,14.26583605,0.447025177,31.91282455,Saliva,Day 1
IgG,Omicron.BA.1,CV06UM003,77.15394702,3.976919618,19.40042908,Saliva,Day 3
IgG,Omicron.BA.1,CV06UM005,3.894843233,0.815325225,4.777042477,Saliva,Day 1
IgG,Omicron.BA.1,CV06UM005,7.050045074,1.410984037,4.996544884,Saliva,Day 3
IgG,Omicron.BA.1,CV06UM005,8.000045508,1.687679763,4.740262746,Saliva,Day 15
IgG,Omicron.BA.1,CV06UM007,26.68170182,1.59601387,16.717713,Saliva,Day 1
IgG,Omicron.BA.1,CV06UM007,17.20880906,1.229082995,14.00134013,Saliva,Day 3
IgG,Omicron.BA.1,CV06UM007,15.78475608,0.862845009,18.29384873,Saliva,Day 15
IgG,Omicron.BA.1,CV06UM008,30.33891628,3.586386832,8.459465669,Saliva,Day 1
IgG,Omicron.BA.1,CV06UM008,58.8327079,6.113274142,9.623764047,Saliva,Day 3
IgG,Omicron.BA.1,CV06UM008,76.1097911,8.621819069,8.827579248,Saliva,Day 15
IgG,Omicron.BA.1,CV06UM009,145.0618354,1.194601479,121.4311534,Saliva,Day 1
IgG,Omicron.BA.1,CV06UM009,199.8062549,1.560183596,128.0658606,Saliva,Day 3
IgG,Omicron.BA.1,CV06UM009,121.6522217,1.131392975,107.5242859,Saliva,Day 15
IgG,Omicron.BA.1,CV06UM010,4.601031499,1.037759339,4.433620903,Saliva,Day 1
IgG,Omicron.BA.1,CV06UM010,2.514225265,0.622307337,4.040166516,Saliva,Day 15
IgG,Omicron.BA.1,CV06UM011,7.796023614,0.242396028,32.16234059,Saliva,Day 1
IgG,Omicron.BA.1,CV06UM011,9.716742189,0.243773163,39.85976998,Saliva,Day 3
IgG,Omicron.BA.1,CV06UM011,32.54287476,1.411362936,23.05776489,Saliva,Day 15
IgG,Omicron.BA.1,CV06UM012,5.079024765,1.922221648,2.642268008,Saliva,Day 1
IgG,Omicron.BA.1,CV06UM012,8.258067528,2.613498219,3.159775457,Saliva,Day 3
IgG,Omicron.BA.1,CV06UM012,7.220404449,2.160445405,3.342090678,Saliva,Day 15
IgG,Omicron.BA.1,CV06UM013,168.1390215,4.643021095,36.21327969,Saliva,Day 1
IgG,Omicron.BA.1,CV06UM013,157.2845247,4.501961082,34.93689123,Saliva,Day 3
IgG,Omicron.BA.1,CV06UM013,133.4854953,4.195155824,31.81895999,Saliva,Day 15
IgG,Omicron.BA.1,CV06UM014,11.70136287,2.495999384,4.68804718,Saliva,Day 1
IgG,Omicron.BA.1,CV06UM014,11.47054209,2.707209762,4.237034841,Saliva,Day 3
IgG,Omicron.BA.1,CV06UM014,24.47285112,5.851392373,4.182397891,Saliva,Day 15
IgG,Omicron.BA.1,CV06UM015,36.53371393,2.236882643,16.33242318,Saliva,Day 1
IgG,Omicron.BA.1,CV06UM015,32.47417398,1.872013504,17.34719002,Saliva,Day 3
IgG,Omicron.BA.1,CV06UM015,30.61169659,1.638168477,18.68653745,Saliva,Day 15
IgG,Omicron.BA.5,CV06BW003,487.5176243,4.370353924,111.5510626,Saliva,Day 1
IgG,Omicron.BA.5,CV06BW003,629.5738305,5.748653403,109.5167488,Saliva,Day 3
IgG,Omicron.BA.5,CV06BW003,450.9656704,4.756508205,94.81023704,Saliva,Day 15
IgG,Omicron.BA.5,CV06BW008,12.45504619,2.374032059,5.246368152,Saliva,Day 1
IgG,Omicron.BA.5,CV06BW008,24.66908339,4.261039821,5.789451502,Saliva,Day 3
IgG,Omicron.BA.5,CV06BW008,10.57878165,5.292044716,1.998997025,Saliva,Day 15
IgG,Omicron.BA.5,CV06BW010,282.6222436,7.791780654,36.27184288,Saliva,Day 1
IgG,Omicron.BA.5,CV06BW010,205.767003,5.98000685,34.40915842,Saliva,Day 3
IgG,Omicron.BA.5,CV06BW010,251.4552443,6.380343302,39.41092703,Saliva,Day 15
IgG,Omicron.BA.5,CV06BW011,57.31542948,4.161898958,13.77146107,Saliva,Day 1
IgG,Omicron.BA.5,CV06BW011,227.7013475,8.990815359,25.3259953,Saliva,Day 3
IgG,Omicron.BA.5,CV06BW011,101.7606157,4.709765318,21.60630283,Saliva,Day 15
IgG,Omicron.BA.5,CV06BW012,36.95003542,2.224236244,16.6124599,Saliva,Day 1
IgG,Omicron.BA.5,CV06BW012,31.92218466,1.999120573,15.96811373,Saliva,Day 3
IgG,Omicron.BA.5,CV06BW012,93.57978267,5.632598263,16.61396363,Saliva,Day 15
IgG,Omicron.BA.5,CV06BW013,68.55085951,3.128052105,21.91487136,Saliva,Day 1
IgG,Omicron.BA.5,CV06BW013,325.2364829,16.40820825,19.82157211,Saliva,Day 3
IgG,Omicron.BA.5,CV06BW013,72.63324473,2.64876807,27.42151929,Saliva,Day 15
IgG,Omicron.BA.5,CV06BW015,39.11728842,2.00838329,19.47700353,Saliva,Day 1
IgG,Omicron.BA.5,CV06BW015,91.20200172,4.634271797,19.67989918,Saliva,Day 3
IgG,Omicron.BA.5,CV06BW015,63.69602804,3.216271494,19.80430699,Saliva,Day 15
IgG,Omicron.BA.5,CV06FH001,281.3718567,7.202727716,39.06462493,Saliva,Day 1
IgG,Omicron.BA.5,CV06FH001,263.0897602,6.33014536,41.56140897,Saliva,Day 3
IgG,Omicron.BA.5,CV06FH001,120.4745975,3.902477348,30.87131245,Saliva,Day 15
IgG,Omicron.BA.5,CV06FH002,24.13002895,6.209688021,3.885868157,Saliva,Day 1
IgG,Omicron.BA.5,CV06FH002,22.14139634,5.721022517,3.870181645,Saliva,Day 3
IgG,Omicron.BA.5,CV06FH003,141.7009051,2.489551413,56.91824814,Saliva,Day 1
IgG,Omicron.BA.5,CV06FH003,153.6193,2.696858573,56.96231221,Saliva,Day 3
IgG,Omicron.BA.5,CV06FH003,71.57013044,1.565154714,45.72719221,Saliva,Day 15
IgG,Omicron.BA.5,CV06FH005,353.072232,7.174438454,49.21252503,Saliva,Day 1
IgG,Omicron.BA.5,CV06FH005,68.56185093,1.530029077,44.81081566,Saliva,Day 3
IgG,Omicron.BA.5,CV06FH005,73.38087559,1.86486163,39.34923342,Saliva,Day 15
IgG,Omicron.BA.5,CV06FH007,15.74434087,1.969726413,7.993161263,Saliva,Day 1
IgG,Omicron.BA.5,CV06FH007,15.92100233,2.136126792,7.453210358,Saliva,Day 3
IgG,Omicron.BA.5,CV06FH007,22.14863572,2.799934996,7.910410687,Saliva,Day 15
IgG,Omicron.BA.5,CV06FH008,29.23802527,1.466130303,19.94231019,Saliva,Day 1
IgG,Omicron.BA.5,CV06FH008,6.100124953,0.172286449,35.40687615,Saliva,Day 3
IgG,Omicron.BA.5,CV06FH008,49.42919729,2.223768763,22.22766958,Saliva,Day 15
IgG,Omicron.BA.5,CV06FH009,202.685824,6.17022135,32.84903613,Saliva,Day 1
IgG,Omicron.BA.5,CV06FH009,206.4891426,5.857478459,35.25222398,Saliva,Day 3
IgG,Omicron.BA.5,CV06FH009,160.0917956,4.49697558,35.59988102,Saliva,Day 15
IgG,Omicron.BA.5,CV06FH010,31.16467972,1.535010283,20.30258693,Saliva,Day 1
IgG,Omicron.BA.5,CV06FH010,55.44770751,2.916689433,19.01049419,Saliva,Day 3
IgG,Omicron.BA.5,CV06FH010,19.0637322,1.486586206,12.82383229,Saliva,Day 15
IgG,Omicron.BA.5,CV06FH011,134.6959972,1.94225964,69.3501499,Saliva,Day 1
IgG,Omicron.BA.5,CV06FH011,152.0808343,2.392064236,63.57723676,Saliva,Day 3
IgG,Omicron.BA.5,CV06FH011,84.99070546,1.342088298,63.32720847,Saliva,Day 15
IgG,Omicron.BA.5,CV06HC001,14.62162336,7.164688873,2.040789715,Saliva,Day 1
IgG,Omicron.BA.5,CV06HC001,19.73396594,8.292178621,2.379828854,Saliva,Day 3
IgG,Omicron.BA.5,CV06HC001,6.93802486,3.300174387,2.10232068,Saliva,Day 15
IgG,Omicron.BA.5,CV06HC002,130.7089882,7.073483469,18.47872958,Saliva,Day 1
IgG,Omicron.BA.5,CV06HC002,117.2978522,5.460401815,21.48154223,Saliva,Day 3
IgG,Omicron.BA.5,CV06HC002,60.53941435,3.182056215,19.0252498,Saliva,Day 15
IgG,Omicron.BA.5,CV06HC003,897.6120056,13.67755591,65.62663762,Saliva,Day 1
IgG,Omicron.BA.5,CV06HC003,420.7429228,6.536601321,64.36723033,Saliva,Day 3
IgG,Omicron.BA.5,CV06HC003,396.0824652,6.751021419,58.67000572,Saliva,Day 15
IgG,Omicron.BA.5,CV06HC004,55.94568128,9.876356113,5.664607538,Saliva,Day 1
IgG,Omicron.BA.5,CV06HC004,61.14555474,10.92326561,5.597735779,Saliva,Day 3
IgG,Omicron.BA.5,CV06HC004,61.14655715,12.18424766,5.018492638,Saliva,Day 15
IgG,Omicron.BA.5,CV06HC005,456.9165946,6.127216676,74.57163975,Saliva,Day 1
IgG,Omicron.BA.5,CV06HC005,797.5443705,17.23792248,46.2668498,Saliva,Day 3
IgG,Omicron.BA.5,CV06HC005,298.4943993,3.881314244,76.90549657,Saliva,Day 15
IgG,Omicron.BA.5,CV06HC007,246.6302843,11.98955448,20.57042943,Saliva,Day 1
IgG,Omicron.BA.5,CV06HC007,98.54319158,5.187480791,18.99634824,Saliva,Day 3
IgG,Omicron.BA.5,CV06HC007,163.4104369,9.700374241,16.84578686,Saliva,Day 15
IgG,Omicron.BA.5,CV06HC008,48.14625722,4.661230279,10.32908789,Saliva,Day 1
IgG,Omicron.BA.5,CV06HC008,90.52923936,7.147955267,12.66505399,Saliva,Day 3
IgG,Omicron.BA.5,CV06HC008,123.4640016,9.892855087,12.48011828,Saliva,Day 15
IgG,Omicron.BA.5,CV06HC009,257.29368,4.907169099,52.4322017,Saliva,Day 1
IgG,Omicron.BA.5,CV06HC009,197.9213503,3.829378238,51.68498329,Saliva,Day 15
IgG,Omicron.BA.5,CV06HC010,1501.46494,33.43070122,44.91275641,Saliva,Day 1
IgG,Omicron.BA.5,CV06HC010,1418.881659,26.0391351,54.49035284,Saliva,Day 3
IgG,Omicron.BA.5,CV06HC010,1605.336375,29.38166909,54.63734445,Saliva,Day 15
IgG,Omicron.BA.5,CV06HC011,16.81035924,6.010674564,2.796750857,Saliva,Day 1
IgG,Omicron.BA.5,CV06HC011,27.45731069,14.07904079,1.950225949,Saliva,Day 3
IgG,Omicron.BA.5,CV06HC011,28.84091708,12.67742147,2.274982901,Saliva,Day 15
IgG,Omicron.BA.5,CV06HC012,318.4606709,24.83427377,12.82343401,Saliva,Day 1
IgG,Omicron.BA.5,CV06HC012,202.2009707,13.56730405,14.90354827,Saliva,Day 3
IgG,Omicron.BA.5,CV06HC012,194.1203239,18.48383001,10.50216994,Saliva,Day 15
IgG,Omicron.BA.5,CV06HC013,16.03733499,12.8983152,1.243366652,Saliva,Day 1
IgG,Omicron.BA.5,CV06HC013,10.56680253,8.691139119,1.2158133,Saliva,Day 3
IgG,Omicron.BA.5,CV06HC013,35.02282134,30.51345289,1.147782962,Saliva,Day 15
IgG,Omicron.BA.5,CV06HC014,143.0834935,37.82779282,3.782496489,Saliva,Day 1
IgG,Omicron.BA.5,CV06HC014,80.63267561,22.49108089,3.585095621,Saliva,Day 3
IgG,Omicron.BA.5,CV06HC014,69.41481033,19.05830461,3.642234278,Saliva,Day 15
IgG,Omicron.BA.5,CV06HC015,133.8848664,8.910331616,15.02580063,Saliva,Day 1
IgG,Omicron.BA.5,CV06HC015,194.8970754,14.02929339,13.89215195,Saliva,Day 3
IgG,Omicron.BA.5,CV06HC015,129.6351525,6.791550428,19.0877111,Saliva,Day 15
IgG,Omicron.BA.5,CV06UM001,348.7793547,21.01580621,16.59604924,Saliva,Day 1
IgG,Omicron.BA.5,CV06UM001,577.9306957,31.09544481,18.5857028,Saliva,Day 3
IgG,Omicron.BA.5,CV06UM001,393.9536934,24.12125149,16.33222445,Saliva,Day 15
IgG,Omicron.BA.5,CV06UM002,12.31119586,9.040179066,1.361830973,Saliva,Day 1
IgG,Omicron.BA.5,CV06UM002,6.842396345,6.646791818,1.029428412,Saliva,Day 3
IgG,Omicron.BA.5,CV06UM002,4.680008251,5.477192117,0.854453916,Saliva,Day 15
IgG,Omicron.BA.5,CV06UM003,14.83956266,0.447025177,33.19625698,Saliva,Day 1
IgG,Omicron.BA.5,CV06UM003,82.79569189,3.976919618,20.81905088,Saliva,Day 3
IgG,Omicron.BA.5,CV06UM005,5.763585418,0.815325225,7.069063044,Saliva,Day 1
IgG,Omicron.BA.5,CV06UM005,10.57899452,1.410984037,7.497600424,Saliva,Day 3
IgG,Omicron.BA.5,CV06UM005,12.10722901,1.687679763,7.17389002,Saliva,Day 15
IgG,Omicron.BA.5,CV06UM007,25.85143129,1.59601387,16.19749788,Saliva,Day 1
IgG,Omicron.BA.5,CV06UM007,16.68186451,1.229082995,13.57261029,Saliva,Day 3
IgG,Omicron.BA.5,CV06UM007,15.78059934,0.862845009,18.28903126,Saliva,Day 15
IgG,Omicron.BA.5,CV06UM008,25.82908798,3.586386832,7.201980486,Saliva,Day 1
IgG,Omicron.BA.5,CV06UM008,49.11372976,6.113274142,8.033948521,Saliva,Day 3
IgG,Omicron.BA.5,CV06UM008,60.73035805,8.621819069,7.043798711,Saliva,Day 15
IgG,Omicron.BA.5,CV06UM009,171.0293211,1.194601479,143.1685161,Saliva,Day 1
IgG,Omicron.BA.5,CV06UM009,242.9456172,1.560183596,155.7160439,Saliva,Day 3
IgG,Omicron.BA.5,CV06UM009,154.2155083,1.131392975,136.305874,Saliva,Day 15
IgG,Omicron.BA.5,CV06UM010,5.618923091,1.037759339,5.414476052,Saliva,Day 1
IgG,Omicron.BA.5,CV06UM010,3.225733461,0.622307337,5.183505432,Saliva,Day 15
IgG,Omicron.BA.5,CV06UM011,9.924293938,0.242396028,40.94247755,Saliva,Day 1
IgG,Omicron.BA.5,CV06UM011,12.30498165,0.243773163,50.47717933,Saliva,Day 3
IgG,Omicron.BA.5,CV06UM011,41.80646139,1.411362936,29.62134,Saliva,Day 15
IgG,Omicron.BA.5,CV06UM012,7.077175179,1.922221648,3.681768534,Saliva,Day 1
IgG,Omicron.BA.5,CV06UM012,12.29561302,2.613498219,4.704657125,Saliva,Day 3
IgG,Omicron.BA.5,CV06UM012,9.651021215,2.160445405,4.467144225,Saliva,Day 15
IgG,Omicron.BA.5,CV06UM013,272.1787377,4.643021095,58.62104266,Saliva,Day 1
IgG,Omicron.BA.5,CV06UM013,267.7537325,4.501961082,59.47491051,Saliva,Day 3
IgG,Omicron.BA.5,CV06UM013,216.3138156,4.195155824,51.56276063,Saliva,Day 15
IgG,Omicron.BA.5,CV06UM014,11.12632068,2.495999384,4.457661629,Saliva,Day 1
IgG,Omicron.BA.5,CV06UM014,11.96031006,2.707209762,4.417947301,Saliva,Day 3
IgG,Omicron.BA.5,CV06UM014,24.32407946,5.851392373,4.15697289,Saliva,Day 15
IgG,Omicron.BA.5,CV06UM015,46.57020515,2.236882643,20.81924383,Saliva,Day 1
IgG,Omicron.BA.5,CV06UM015,36.54609116,1.872013504,19.52234376,Saliva,Day 3
IgG,Omicron.BA.5,CV06UM015,36.72879872,1.638168477,22.42064796,Saliva,Day 15
IgG,RBD,CV06BW010,515.8102099,7.791780654,66.1992724,Saliva,Day 1
IgG,RBD,CV06BW010,393.855001,5.98000685,65.86196487,Saliva,Day 3
IgG,RBD,CV06BW010,462.0357033,6.380343302,72.41549261,Saliva,Day 15
IgG,RBD,CV06BW011,98.58671269,4.161898958,23.68791594,Saliva,Day 1
IgG,RBD,CV06BW011,331.8256101,8.990815359,36.90717658,Saliva,Day 3
IgG,RBD,CV06BW011,160.1974238,4.709765318,34.01388668,Saliva,Day 15
IgG,RBD,CV06BW012,71.13051394,2.224236244,31.97974771,Saliva,Day 1
IgG,RBD,CV06BW012,56.79542146,1.999120573,28.41020308,Saliva,Day 3
IgG,RBD,CV06BW012,153.8368274,5.632598263,27.31187638,Saliva,Day 15
IgG,RBD,CV06BW013,132.7115722,3.128052105,42.42626649,Saliva,Day 1
IgG,RBD,CV06BW013,608.3565356,16.40820825,37.07635389,Saliva,Day 3
IgG,RBD,CV06BW013,168.1582603,2.64876807,63.48546035,Saliva,Day 15
IgG,RBD,CV06BW015,95.78614414,2.00838329,47.69315929,Saliva,Day 1
IgG,RBD,CV06BW015,218.0207142,4.634271797,47.04530156,Saliva,Day 3
IgG,RBD,CV06BW015,151.0006727,3.216271494,46.94898208,Saliva,Day 15
IgG,RBD,CV06FH001,450.9716769,7.202727716,62.61123489,Saliva,Day 1
IgG,RBD,CV06FH001,435.6511263,6.33014536,68.8216623,Saliva,Day 3
IgG,RBD,CV06FH001,232.6564453,3.902477348,59.61762864,Saliva,Day 15
IgG,RBD,CV06FH002,50.54526681,6.209688021,8.139743355,Saliva,Day 1
IgG,RBD,CV06FH002,42.80510486,5.721022517,7.482072433,Saliva,Day 3
IgG,RBD,CV06FH003,259.8894894,2.489551413,104.3920957,Saliva,Day 1
IgG,RBD,CV06FH003,266.8479935,2.696858573,98.94771501,Saliva,Day 3
IgG,RBD,CV06FH003,124.3775335,1.565154714,79.46660631,Saliva,Day 15
IgG,RBD,CV06FH005,710.8729112,7.174438454,99.08411867,Saliva,Day 1
IgG,RBD,CV06FH005,162.5935316,1.530029077,106.2682625,Saliva,Day 3
IgG,RBD,CV06FH005,173.4500386,1.86486163,93.00960233,Saliva,Day 15
IgG,RBD,CV06FH007,28.38830397,1.969726413,14.41230811,Saliva,Day 1
IgG,RBD,CV06FH007,32.4583364,2.136126792,15.19494841,Saliva,Day 3
IgG,RBD,CV06FH007,46.14065241,2.799934996,16.47918701,Saliva,Day 15
IgG,RBD,CV06FH008,59.27119285,1.466130303,40.4269612,Saliva,Day 1
IgG,RBD,CV06FH008,12.98754223,0.172286449,75.38342289,Saliva,Day 3
IgG,RBD,CV06FH008,85.56960446,2.223768763,38.47954242,Saliva,Day 15
IgG,RBD,CV06FH009,387.5677134,6.17022135,62.81261099,Saliva,Day 1
IgG,RBD,CV06FH009,357.8063952,5.857478459,61.08539667,Saliva,Day 3
IgG,RBD,CV06FH009,296.9778834,4.49697558,66.03946989,Saliva,Day 15
IgG,RBD,CV06FH010,34.86199479,1.535010283,22.71124511,Saliva,Day 1
IgG,RBD,CV06FH010,62.98894938,2.916689433,21.59604265,Saliva,Day 3
IgG,RBD,CV06FH010,20.96103052,1.486586206,14.100111,Saliva,Day 15
IgG,RBD,CV06FH011,318.1778893,1.94225964,163.8184117,Saliva,Day 1
IgG,RBD,CV06FH011,340.4523386,2.392064236,142.3257509,Saliva,Day 3
IgG,RBD,CV06FH011,191.5601073,1.342088298,142.7328645,Saliva,Day 15
IgG,RBD,CV06HC001,50.63417482,7.164688873,7.067184036,Saliva,Day 1
IgG,RBD,CV06HC001,70.82490519,8.292178621,8.541169749,Saliva,Day 3
IgG,RBD,CV06HC001,27.79550214,3.300174387,8.422434358,Saliva,Day 15
IgG,RBD,CV06HC002,331.5763186,7.073483469,46.87595865,Saliva,Day 1
IgG,RBD,CV06HC002,304.4220155,5.460401815,55.75084505,Saliva,Day 3
IgG,RBD,CV06HC002,152.1127321,3.182056215,47.80328249,Saliva,Day 15
IgG,RBD,CV06HC003,1492.863553,13.67755591,109.146953,Saliva,Day 1
IgG,RBD,CV06HC003,673.6475584,6.536601321,103.0577704,Saliva,Day 3
IgG,RBD,CV06HC003,638.1572406,6.751021419,94.5275094,Saliva,Day 15
IgG,RBD,CV06HC004,165.2375544,9.876356113,16.73061932,Saliva,Day 1
IgG,RBD,CV06HC004,188.1680831,10.92326561,17.22635792,Saliva,Day 3
IgG,RBD,CV06HC004,171.8466186,12.18424766,14.10399915,Saliva,Day 15
IgG,RBD,CV06HC005,859.8419776,6.127216676,140.3315768,Saliva,Day 1
IgG,RBD,CV06HC005,1698.371681,17.23792248,98.52531143,Saliva,Day 3
IgG,RBD,CV06HC005,622.1531466,3.881314244,160.2944537,Saliva,Day 15
IgG,RBD,CV06HC007,544.6636871,11.98955448,45.42818401,Saliva,Day 1
IgG,RBD,CV06HC007,196.6613882,5.187480791,37.91076943,Saliva,Day 3
IgG,RBD,CV06HC007,305.0507649,9.700374241,31.44731918,Saliva,Day 15
IgG,RBD,CV06HC008,73.67973452,4.661230279,15.80692867,Saliva,Day 1
IgG,RBD,CV06HC008,136.4953035,7.147955267,19.09571316,Saliva,Day 3
IgG,RBD,CV06HC008,191.7705208,9.892855087,19.38474982,Saliva,Day 15
IgG,RBD,CV06HC009,542.6429035,4.907169099,110.5816597,Saliva,Day 1
IgG,RBD,CV06HC009,393.5893004,3.829378238,102.7815159,Saliva,Day 15
IgG,RBD,CV06HC010,2746.258203,33.43070122,82.14778937,Saliva,Day 1
IgG,RBD,CV06HC010,2422.014196,26.0391351,93.01438725,Saliva,Day 3
IgG,RBD,CV06HC010,2724.898158,29.38166909,92.74143511,Saliva,Day 15
IgG,RBD,CV06HC011,31.04347433,6.010674564,5.16472386,Saliva,Day 1
IgG,RBD,CV06HC011,52.42958873,14.07904079,3.723946077,Saliva,Day 3
IgG,RBD,CV06HC011,53.23367672,12.67742147,4.199093391,Saliva,Day 15
IgG,RBD,CV06HC012,454.3922907,24.83427377,18.29698323,Saliva,Day 1
IgG,RBD,CV06HC012,284.924346,13.56730405,21.0008079,Saliva,Day 3
IgG,RBD,CV06HC012,274.0797683,18.48383001,14.82808315,Saliva,Day 15
IgG,RBD,CV06HC013,24.43064652,12.8983152,1.894095945,Saliva,Day 1
IgG,RBD,CV06HC013,17.7434237,8.691139119,2.041553294,Saliva,Day 3
IgG,RBD,CV06HC013,65.38466195,30.51345289,2.142814259,Saliva,Day 15
IgG,RBD,CV06HC014,436.3928273,37.82779282,11.53630161,Saliva,Day 1
IgG,RBD,CV06HC014,256.5088115,22.49108089,11.40491258,Saliva,Day 3
IgG,RBD,CV06HC014,204.1281881,19.05830461,10.71072125,Saliva,Day 15
IgG,RBD,CV06HC015,306.2618884,8.910331616,34.37154773,Saliva,Day 1
IgG,RBD,CV06HC015,400.1580627,14.02929339,28.52303759,Saliva,Day 3
IgG,RBD,CV06HC015,263.6782331,6.791550428,38.8244534,Saliva,Day 15
IgG,RBD,CV06UM001,855.3217928,21.01580621,40.69897602,Saliva,Day 1
IgG,RBD,CV06UM001,1251.260867,31.09544481,40.23936223,Saliva,Day 3
IgG,RBD,CV06UM001,930.9173194,24.12125149,38.59324297,Saliva,Day 15
IgG,RBD,CV06UM002,25.35822407,9.040179066,2.805057719,Saliva,Day 1
IgG,RBD,CV06UM002,12.9838903,6.646791818,1.953407095,Saliva,Day 3
IgG,RBD,CV06UM002,9.137959707,5.477192117,1.668365745,Saliva,Day 15
IgG,RBD,CV06UM003,22.9632385,0.447025177,51.36900485,Saliva,Day 1
IgG,RBD,CV06UM003,121.0182991,3.976919618,30.43015969,Saliva,Day 3
IgG,RBD,CV06UM005,10.08832348,0.815325225,12.37337343,Saliva,Day 1
IgG,RBD,CV06UM005,20.90816279,1.410984037,14.81814268,Saliva,Day 3
IgG,RBD,CV06UM005,21.79225435,1.687679763,12.91255298,Saliva,Day 15
IgG,RBD,CV06UM007,68.41815374,1.59601387,42.86814484,Saliva,Day 1
IgG,RBD,CV06UM007,39.18371913,1.229082995,31.88045012,Saliva,Day 3
IgG,RBD,CV06UM007,39.18001089,0.862845009,45.40793593,Saliva,Day 15
IgG,RBD,CV06UM008,54.9254219,3.586386832,15.31497422,Saliva,Day 1
IgG,RBD,CV06UM008,109.0991985,6.113274142,17.84627942,Saliva,Day 3
IgG,RBD,CV06UM008,148.0816499,8.621819069,17.17522122,Saliva,Day 15
IgG,RBD,CV06UM009,417.4218338,1.194601479,349.4235034,Saliva,Day 1
IgG,RBD,CV06UM009,561.4870026,1.560183596,359.8852111,Saliva,Day 3
IgG,RBD,CV06UM009,381.2028263,1.131392975,336.9322904,Saliva,Day 15
IgG,RBD,CV06UM010,13.95744069,1.037759339,13.44959294,Saliva,Day 1
IgG,RBD,CV06UM010,7.327321473,0.622307337,11.77444172,Saliva,Day 15
IgG,RBD,CV06UM011,23.84348876,0.242396028,98.36583937,Saliva,Day 1
IgG,RBD,CV06UM011,28.59123681,0.243773163,117.2862365,Saliva,Day 3
IgG,RBD,CV06UM011,96.11260767,1.411362936,68.09914389,Saliva,Day 15
IgG,RBD,CV06UM012,17.29232621,1.922221648,8.996010539,Saliva,Day 1
IgG,RBD,CV06UM012,26.87497795,2.613498219,10.28314378,Saliva,Day 3
IgG,RBD,CV06UM012,23.77783501,2.160445405,11.00598745,Saliva,Day 15
IgG,RBD,CV06UM013,273.5111729,4.643021095,58.90801858,Saliva,Day 1
IgG,RBD,CV06UM013,267.8649497,4.501961082,59.49961468,Saliva,Day 3
IgG,RBD,CV06UM013,242.8236185,4.195155824,57.88190682,Saliva,Day 15
IgG,RBD,CV06UM014,31.09738533,2.495999384,12.45889142,Saliva,Day 1
IgG,RBD,CV06UM014,33.81296818,2.707209762,12.4899698,Saliva,Day 3
IgG,RBD,CV06UM014,67.02713466,5.851392373,11.45490345,Saliva,Day 15
IgG,RBD,CV06UM015,50.82117089,2.236882643,22.71964113,Saliva,Day 1
IgG,RBD,CV06UM015,48.52077533,1.872013504,25.91903061,Saliva,Day 3
IgG,RBD,CV06UM015,41.13089382,1.638168477,25.10785331,Saliva,Day 15
IgG,Spike,CV06BW003,947.4606917,4.370353924,216.792669,Saliva,Day 1
IgG,Spike,CV06BW003,1224.428773,5.748653403,212.9940157,Saliva,Day 3
IgG,Spike,CV06BW003,890.6059811,4.756508205,187.2394502,Saliva,Day 15
IgG,Spike,CV06BW008,73.80905664,2.374032059,31.09016846,Saliva,Day 1
IgG,Spike,CV06BW008,138.6119239,4.261039821,32.53007006,Saliva,Day 3
IgG,Spike,CV06BW008,61.25180312,5.292044716,11.574317,Saliva,Day 15
IgG,Spike,CV06BW010,1024.586633,7.791780654,131.495826,Saliva,Day 1
IgG,Spike,CV06BW010,695.9799578,5.98000685,116.384475,Saliva,Day 3
IgG,Spike,CV06BW010,856.2470485,6.380343302,134.2007801,Saliva,Day 15
IgG,Spike,CV06BW011,158.8295571,4.161898958,38.16276146,Saliva,Day 1
IgG,Spike,CV06BW011,619.3899689,8.990815359,68.89141242,Saliva,Day 3
IgG,Spike,CV06BW011,274.6590641,4.709765318,58.31693207,Saliva,Day 15
IgG,Spike,CV06BW012,106.5257352,2.224236244,47.89317479,Saliva,Day 1
IgG,Spike,CV06BW012,93.11421843,1.999120573,46.57759002,Saliva,Day 3
IgG,Spike,CV06BW012,259.865139,5.632598263,46.13592642,Saliva,Day 15
IgG,Spike,CV06BW013,217.403538,3.128052105,69.50125212,Saliva,Day 1
IgG,Spike,CV06BW013,951.9745516,16.40820825,58.01819049,Saliva,Day 3
IgG,Spike,CV06BW013,240.0756063,2.64876807,90.63670356,Saliva,Day 15
IgG,Spike,CV06BW015,128.2417727,2.00838329,63.85323626,Saliva,Day 1
IgG,Spike,CV06BW015,284.2052265,4.634271797,61.326836,Saliva,Day 3
IgG,Spike,CV06BW015,199.5165453,3.216271494,62.0334899,Saliva,Day 15
IgG,Spike,CV06FH001,804.1036484,7.202727716,111.638768,Saliva,Day 1
IgG,Spike,CV06FH001,750.1591495,6.33014536,118.5058331,Saliva,Day 3
IgG,Spike,CV06FH001,373.2348055,3.902477348,95.64047967,Saliva,Day 15
IgG,Spike,CV06FH002,84.19857834,6.209688021,13.55922843,Saliva,Day 1
IgG,Spike,CV06FH002,76.45589723,5.721022517,13.36402662,Saliva,Day 3
IgG,Spike,CV06FH003,363.9965814,2.489551413,146.2097065,Saliva,Day 1
IgG,Spike,CV06FH003,400.8503918,2.696858573,148.6360448,Saliva,Day 3
IgG,Spike,CV06FH003,177.5080145,1.565154714,113.4124397,Saliva,Day 15
IgG,Spike,CV06FH005,1150.873315,7.174438454,160.4130166,Saliva,Day 1
IgG,Spike,CV06FH005,247.758477,1.530029077,161.9305677,Saliva,Day 3
IgG,Spike,CV06FH005,279.2752464,1.86486163,149.7565513,Saliva,Day 15
IgG,Spike,CV06FH007,50.06625774,1.969726413,25.41787398,Saliva,Day 1
IgG,Spike,CV06FH007,51.89128765,2.136126792,24.29223202,Saliva,Day 3
IgG,Spike,CV06FH007,70.75956332,2.799934996,25.27185932,Saliva,Day 15
IgG,Spike,CV06FH008,88.21639525,1.466130303,60.16954638,Saliva,Day 1
IgG,Spike,CV06FH008,18.42084595,0.172286449,106.9198773,Saliva,Day 3
IgG,Spike,CV06FH008,144.0024334,2.223768763,64.75602848,Saliva,Day 15
IgG,Spike,CV06FH009,672.0742028,6.17022135,108.9222193,Saliva,Day 1
IgG,Spike,CV06FH009,685.2468284,5.857478459,116.9866578,Saliva,Day 3
IgG,Spike,CV06FH009,553.6179951,4.49697558,123.1089619,Saliva,Day 15
IgG,Spike,CV06FH010,55.53662469,1.535010283,36.17996915,Saliva,Day 1
IgG,Spike,CV06FH010,96.95556093,2.916689433,33.24164713,Saliva,Day 3
IgG,Spike,CV06FH010,34.96940273,1.486586206,23.52329288,Saliva,Day 15
IgG,Spike,CV06FH011,406.8295233,1.94225964,209.4619663,Saliva,Day 1
IgG,Spike,CV06FH011,462.5558089,2.392064236,193.3709814,Saliva,Day 3
IgG,Spike,CV06FH011,261.7379443,1.342088298,195.0228943,Saliva,Day 15
IgG,Spike,CV06HC001,78.71678293,7.164688873,10.98676918,Saliva,Day 1
IgG,Spike,CV06HC001,105.9935631,8.292178621,12.78235407,Saliva,Day 3
IgG,Spike,CV06HC001,41.65044625,3.300174387,12.62068042,Saliva,Day 15
IgG,Spike,CV06HC002,513.8826152,7.073483469,72.64915758,Saliva,Day 1
IgG,Spike,CV06HC002,455.0850181,5.460401815,83.34277101,Saliva,Day 3
IgG,Spike,CV06HC002,235.3524008,3.182056215,73.96236424,Saliva,Day 15
IgG,Spike,CV06HC003,2439.077763,13.67755591,178.3270182,Saliva,Day 1
IgG,Spike,CV06HC003,1180.75424,6.536601321,180.6373346,Saliva,Day 3
IgG,Spike,CV06HC003,1126.041168,6.751021419,166.7956741,Saliva,Day 15
IgG,Spike,CV06HC004,280.8383639,9.876356113,28.43542301,Saliva,Day 1
IgG,Spike,CV06HC004,350.8180491,10.92326561,32.11659055,Saliva,Day 3
IgG,Spike,CV06HC004,317.6951556,12.18424766,26.07425297,Saliva,Day 15
IgG,Spike,CV06HC005,1253.663127,6.127216676,204.6056462,Saliva,Day 1
IgG,Spike,CV06HC005,1960.223105,17.23792248,113.7157396,Saliva,Day 3
IgG,Spike,CV06HC005,821.0020472,3.881314244,211.5268168,Saliva,Day 15
IgG,Spike,CV06HC007,872.6246778,11.98955448,72.78207704,Saliva,Day 1
IgG,Spike,CV06HC007,321.5291579,5.187480791,61.98175394,Saliva,Day 3
IgG,Spike,CV06HC007,523.5517428,9.700374241,53.97232414,Saliva,Day 15
IgG,Spike,CV06HC008,115.1527839,4.661230279,24.70437566,Saliva,Day 1
IgG,Spike,CV06HC008,225.0148338,7.147955267,31.47960856,Saliva,Day 3
IgG,Spike,CV06HC008,289.4653583,9.892855087,29.2600423,Saliva,Day 15
IgG,Spike,CV06HC009,648.9670254,4.907169099,132.2487594,Saliva,Day 1
IgG,Spike,CV06HC009,528.1450046,3.829378238,137.9192578,Saliva,Day 15
IgG,Spike,CV06HC010,3671.627952,33.43070122,109.8280269,Saliva,Day 1
IgG,Spike,CV06HC010,3235.629471,26.0391351,124.2602513,Saliva,Day 3
IgG,Spike,CV06HC010,3532.148397,29.38166909,120.2160567,Saliva,Day 15
IgG,Spike,CV06HC011,51.7505506,6.010674564,8.609774169,Saliva,Day 1
IgG,Spike,CV06HC011,89.90458696,14.07904079,6.385703989,Saliva,Day 3
IgG,Spike,CV06HC011,94.1192572,12.67742147,7.424164085,Saliva,Day 15
IgG,Spike,CV06HC012,660.5027438,24.83427377,26.59641873,Saliva,Day 1
IgG,Spike,CV06HC012,401.1747071,13.56730405,29.56922802,Saliva,Day 3
IgG,Spike,CV06HC012,398.6783811,18.48383001,21.56903526,Saliva,Day 15
IgG,Spike,CV06HC013,55.11634006,12.8983152,4.273142592,Saliva,Day 1
IgG,Spike,CV06HC013,38.62086171,8.691139119,4.443705385,Saliva,Day 3
IgG,Spike,CV06HC013,118.3322491,30.51345289,3.878035355,Saliva,Day 15
IgG,Spike,CV06HC014,651.9860614,37.82779282,17.23563583,Saliva,Day 1
IgG,Spike,CV06HC014,376.6188067,22.49108089,16.74525153,Saliva,Day 3
IgG,Spike,CV06HC014,304.6969947,19.05830461,15.98762329,Saliva,Day 15
IgG,Spike,CV06HC015,370.298419,8.910331616,41.55832072,Saliva,Day 1
IgG,Spike,CV06HC015,525.3843117,14.02929339,37.44909292,Saliva,Day 3
IgG,Spike,CV06HC015,339.6275569,6.791550428,50.00736732,Saliva,Day 15
IgG,Spike,CV06UM001,1236.39254,21.01580621,58.83155409,Saliva,Day 1
IgG,Spike,CV06UM001,2011.271233,31.09544481,64.68057446,Saliva,Day 3
IgG,Spike,CV06UM001,1414.53603,24.12125149,58.64272966,Saliva,Day 15
IgG,Spike,CV06UM002,42.06166236,9.040179066,4.652746594,Saliva,Day 1
IgG,Spike,CV06UM002,24.32382992,6.646791818,3.659484242,Saliva,Day 3
IgG,Spike,CV06UM002,16.81564914,5.477192117,3.070122205,Saliva,Day 15
IgG,Spike,CV06UM003,36.84035728,0.447025177,82.41226481,Saliva,Day 1
IgG,Spike,CV06UM003,195.784233,3.976919618,49.23012075,Saliva,Day 3
IgG,Spike,CV06UM005,18.84082731,0.815325225,23.10835815,Saliva,Day 1
IgG,Spike,CV06UM005,33.10484618,1.410984037,23.46224004,Saliva,Day 3
IgG,Spike,CV06UM005,37.61213671,1.687679763,22.28629953,Saliva,Day 15
IgG,Spike,CV06UM007,95.31316902,1.59601387,59.71951172,Saliva,Day 1
IgG,Spike,CV06UM007,64.0990539,1.229082995,52.1519329,Saliva,Day 3
IgG,Spike,CV06UM007,58.57691841,0.862845009,67.88811177,Saliva,Day 15
IgG,Spike,CV06UM008,99.82160935,3.586386832,27.83347531,Saliva,Day 1
IgG,Spike,CV06UM008,182.9308715,6.113274142,29.92355115,Saliva,Day 3
IgG,Spike,CV06UM008,239.3363184,8.621819069,27.75937612,Saliva,Day 15
IgG,Spike,CV06UM009,463.8704486,1.194601479,388.305604,Saliva,Day 1
IgG,Spike,CV06UM009,658.6764671,1.560183596,422.1788185,Saliva,Day 3
IgG,Spike,CV06UM009,414.8150124,1.131392975,366.6409653,Saliva,Day 15
IgG,Spike,CV06UM010,24.70767345,1.037759339,23.80867367,Saliva,Day 1
IgG,Spike,CV06UM010,13.06537131,0.622307337,20.99504624,Saliva,Day 15
IgG,Spike,CV06UM011,36.03905191,0.242396028,148.6783929,Saliva,Day 1
IgG,Spike,CV06UM011,43.93645802,0.243773163,180.2350084,Saliva,Day 3
IgG,Spike,CV06UM011,138.0986818,1.411362936,97.84774581,Saliva,Day 15
IgG,Spike,CV06UM012,37.72282641,1.922221648,19.62459763,Saliva,Day 1
IgG,Spike,CV06UM012,60.94955916,2.613498219,23.32106398,Saliva,Day 3
IgG,Spike,CV06UM012,51.21516859,2.160445405,23.70583791,Saliva,Day 15
IgG,Spike,CV06UM013,453.861361,4.643021095,97.75130282,Saliva,Day 1
IgG,Spike,CV06UM013,427.7208015,4.501961082,95.00766304,Saliva,Day 3
IgG,Spike,CV06UM013,372.0594804,4.195155824,88.68788098,Saliva,Day 15
IgG,Spike,CV06UM014,45.01140717,2.495999384,18.03342078,Saliva,Day 1
IgG,Spike,CV06UM014,46.02820514,2.707209762,17.00208302,Saliva,Day 3
IgG,Spike,CV06UM014,93.78253574,5.851392373,16.02738797,Saliva,Day 15
IgG,Spike,CV06UM015,109.8606906,2.236882643,49.11330103,Saliva,Day 1
IgG,Spike,CV06UM015,97.70779069,1.872013504,52.19395611,Saliva,Day 3
IgG,Spike,CV06UM015,94.12383493,1.638168477,57.45674895,Saliva,Day 15
IgA,Alpha,CV06BW003,23.91719171,120.2366202,0.198917698,Saliva,Day 1
IgA,Alpha,CV06BW003,32.22027562,145.231263,0.221854957,Saliva,Day 3
IgA,Alpha,CV06BW003,27.92511335,160.9654703,0.173485116,Saliva,Day 15
IgA,Alpha,CV06BW008,68.59571187,80.40322785,0.853146244,Saliva,Day 1
IgA,Alpha,CV06BW008,169.1829314,186.0946692,0.909122933,Saliva,Day 3
IgA,Alpha,CV06BW008,98.89840648,115.7602602,0.854338149,Saliva,Day 15
IgA,Alpha,CV06BW010,296.2816718,230.7617473,1.28392888,Saliva,Day 1
IgA,Alpha,CV06BW010,234.0742938,174.3993355,1.34217423,Saliva,Day 3
IgA,Alpha,CV06BW010,275.7979415,220.1363544,1.252850499,Saliva,Day 15
IgA,Alpha,CV06BW011,65.65184104,173.1486164,0.379164688,Saliva,Day 1
IgA,Alpha,CV06BW011,155.6855627,430.30605,0.361801938,Saliva,Day 3
IgA,Alpha,CV06BW011,73.2770066,190.5064254,0.384643229,Saliva,Day 15
IgA,Alpha,CV06BW012,37.08378285,48.4936912,0.764713552,Saliva,Day 1
IgA,Alpha,CV06BW012,48.70791006,47.94701824,1.01586943,Saliva,Day 3
IgA,Alpha,CV06BW012,102.8435287,164.1005912,0.626710288,Saliva,Day 15
IgA,Alpha,CV06BW013,52.99728769,276.9350021,0.191370853,Saliva,Day 1
IgA,Alpha,CV06BW013,93.05801019,358.390246,0.259655533,Saliva,Day 3
IgA,Alpha,CV06BW013,29.33470763,89.42131581,0.328050503,Saliva,Day 15
IgA,Alpha,CV06BW015,21.30773392,96.31346863,0.221233169,Saliva,Day 1
IgA,Alpha,CV06BW015,16.29219133,80.03193773,0.203571122,Saliva,Day 3
IgA,Alpha,CV06BW015,61.66284784,93.68461384,0.658196104,Saliva,Day 15
IgA,Alpha,CV06FH001,193.6038037,129.8128362,1.491407239,Saliva,Day 1
IgA,Alpha,CV06FH001,243.364847,176.5019327,1.378822562,Saliva,Day 3
IgA,Alpha,CV06FH001,160.6302306,117.7868014,1.363737097,Saliva,Day 15
IgA,Alpha,CV06FH002,15.04845625,249.4050766,0.06033741,Saliva,Day 1
IgA,Alpha,CV06FH002,19.47506717,218.0614983,0.089309976,Saliva,Day 3
IgA,Alpha,CV06FH003,249.3382318,90.57555916,2.752820233,Saliva,Day 1
IgA,Alpha,CV06FH003,234.8563674,86.03460641,2.729789525,Saliva,Day 3
IgA,Alpha,CV06FH003,159.4989299,64.05192596,2.490150414,Saliva,Day 15
IgA,Alpha,CV06FH005,217.3131826,156.9473057,1.384625123,Saliva,Day 1
IgA,Alpha,CV06FH005,71.78039675,50.15082534,1.431290437,Saliva,Day 3
IgA,Alpha,CV06FH005,56.45305878,34.65745626,1.628886389,Saliva,Day 15
IgA,Alpha,CV06FH007,52.41816017,201.5798483,0.260036708,Saliva,Day 1
IgA,Alpha,CV06FH007,56.13763604,140.5776317,0.39933548,Saliva,Day 3
IgA,Alpha,CV06FH007,29.38070114,99.37767989,0.295646881,Saliva,Day 15
IgA,Alpha,CV06FH008,32.7814353,136.5157095,0.240129399,Saliva,Day 1
IgA,Alpha,CV06FH008,6.118932468,36.15742445,0.169230319,Saliva,Day 3
IgA,Alpha,CV06FH008,49.75504178,266.9642294,0.18637344,Saliva,Day 15
IgA,Alpha,CV06FH009,58.99676336,157.6046521,0.374333895,Saliva,Day 1
IgA,Alpha,CV06FH009,76.3485269,222.7951411,0.342684883,Saliva,Day 3
IgA,Alpha,CV06FH009,73.37049482,234.9584423,0.312270094,Saliva,Day 15
IgA,Alpha,CV06FH010,20.30070026,53.95745626,0.37623531,Saliva,Day 1
IgA,Alpha,CV06FH010,24.11221757,56.3635204,0.427798289,Saliva,Day 3
IgA,Alpha,CV06FH010,13.22696415,38.12074261,0.346975511,Saliva,Day 15
IgA,Alpha,CV06FH011,75.87004263,100.0368142,0.75842122,Saliva,Day 1
IgA,Alpha,CV06FH011,88.46992775,83.17570477,1.063651075,Saliva,Day 3
IgA,Alpha,CV06FH011,48.30151894,59.25111099,0.815200224,Saliva,Day 15
IgA,Alpha,CV06HC001,12.89228605,37.6324244,0.34258452,Saliva,Day 1
IgA,Alpha,CV06HC001,22.63830095,77.93274639,0.290485091,Saliva,Day 3
IgA,Alpha,CV06HC001,6.175867077,27.24903508,0.226645349,Saliva,Day 15
IgA,Alpha,CV06HC002,25.47921869,70.48235886,0.361497814,Saliva,Day 1
IgA,Alpha,CV06HC002,23.49661971,67.91869474,0.345952168,Saliva,Day 3
IgA,Alpha,CV06HC002,23.65541421,64.7012272,0.365609977,Saliva,Day 15
IgA,Alpha,CV06HC003,35.15094839,118.4393127,0.296784468,Saliva,Day 1
IgA,Alpha,CV06HC003,26.26449708,88.28370683,0.297501068,Saliva,Day 3
IgA,Alpha,CV06HC003,46.67816333,167.8149426,0.278152604,Saliva,Day 15
IgA,Alpha,CV06HC004,10.88611078,162.9348015,0.06681268,Saliva,Day 1
IgA,Alpha,CV06HC004,20.88425956,94.84276416,0.220198765,Saliva,Day 3
IgA,Alpha,CV06HC004,40.07964463,164.7573918,0.243264622,Saliva,Day 15
IgA,Alpha,CV06HC005,66.27068317,97.63320173,0.678771996,Saliva,Day 1
IgA,Alpha,CV06HC005,108.8473921,137.2825725,0.792871157,Saliva,Day 3
IgA,Alpha,CV06HC005,52.33571517,100.6286969,0.520087378,Saliva,Day 15
IgA,Alpha,CV06HC007,581.9614631,229.2109588,2.538977482,Saliva,Day 1
IgA,Alpha,CV06HC007,600.7532237,227.1820855,2.644368822,Saliva,Day 3
IgA,Alpha,CV06HC007,508.4262828,159.1400038,3.194836438,Saliva,Day 15
IgA,Alpha,CV06HC008,65.22431356,136.6794577,0.477206412,Saliva,Day 1
IgA,Alpha,CV06HC008,79.88177164,167.8653288,0.475868199,Saliva,Day 3
IgA,Alpha,CV06HC008,61.24123875,122.4535218,0.500118232,Saliva,Day 15
IgA,Alpha,CV06HC009,188.6099037,191.1235297,0.98684816,Saliva,Day 1
IgA,Alpha,CV06HC009,50.8402477,57.88113921,0.878356031,Saliva,Day 15
IgA,Alpha,CV06HC010,546.2619634,371.6914669,1.469665064,Saliva,Day 1
IgA,Alpha,CV06HC010,561.7929095,356.0700432,1.577759545,Saliva,Day 3
IgA,Alpha,CV06HC010,496.367776,480.4637172,1.033101477,Saliva,Day 15
IgA,Alpha,CV06HC011,39.97329718,110.7916803,0.360796921,Saliva,Day 1
IgA,Alpha,CV06HC011,30.86145953,98.9356323,0.311934728,Saliva,Day 3
IgA,Alpha,CV06HC011,54.57007235,160.2839607,0.340458722,Saliva,Day 15
IgA,Alpha,CV06HC012,41.43300241,200.9861228,0.206148573,Saliva,Day 1
IgA,Alpha,CV06HC012,37.74952176,166.7603202,0.226369928,Saliva,Day 3
IgA,Alpha,CV06HC012,30.9810369,135.2312017,0.22909681,Saliva,Day 15
IgA,Alpha,CV06HC013,347.9539744,107.8962481,3.224894104,Saliva,Day 1
IgA,Alpha,CV06HC013,320.6713359,97.24263674,3.297641309,Saliva,Day 3
IgA,Alpha,CV06HC013,511.5002668,211.4348891,2.419185732,Saliva,Day 15
IgA,Alpha,CV06HC014,81.67913632,394.0290255,0.207292182,Saliva,Day 1
IgA,Alpha,CV06HC014,41.83419767,274.0812942,0.152634268,Saliva,Day 3
IgA,Alpha,CV06HC014,34.32745016,68.01760316,0.504684796,Saliva,Day 15
IgA,Alpha,CV06HC015,25.99488433,77.82903219,0.33399984,Saliva,Day 1
IgA,Alpha,CV06HC015,24.753415,71.93817738,0.344092885,Saliva,Day 3
IgA,Alpha,CV06HC015,27.91808039,82.28268868,0.339294703,Saliva,Day 15
IgA,Alpha,CV06UM001,110.2835853,227.0185272,0.485791123,Saliva,Day 1
IgA,Alpha,CV06UM001,216.623248,367.7913618,0.588984056,Saliva,Day 3
IgA,Alpha,CV06UM001,253.2424663,328.3031229,0.771367826,Saliva,Day 15
IgA,Alpha,CV06UM002,32.1344542,111.9712467,0.286988447,Saliva,Day 1
IgA,Alpha,CV06UM002,42.22299197,144.8312606,0.29153231,Saliva,Day 3
IgA,Alpha,CV06UM002,45.12007771,158.3104692,0.285010069,Saliva,Day 15
IgA,Alpha,CV06UM003,23.66828769,37.25370366,0.635327105,Saliva,Day 1
IgA,Alpha,CV06UM003,195.4748023,272.386805,0.717636826,Saliva,Day 3
IgA,Alpha,CV06UM005,15.46965679,115.2057254,0.134278542,Saliva,Day 1
IgA,Alpha,CV06UM005,10.55168475,75.63388477,0.13951002,Saliva,Day 3
IgA,Alpha,CV06UM005,11.77147442,94.13283245,0.125051739,Saliva,Day 15
IgA,Alpha,CV06UM007,19.7261883,97.3229442,0.202687953,Saliva,Day 1
IgA,Alpha,CV06UM007,29.50315871,152.7883609,0.193098208,Saliva,Day 3
IgA,Alpha,CV06UM007,23.52861211,107.7499584,0.218363074,Saliva,Day 15
IgA,Alpha,CV06UM008,23.89272324,65.67061286,0.363826713,Saliva,Day 1
IgA,Alpha,CV06UM008,34.05799387,78.55207065,0.433572197,Saliva,Day 3
IgA,Alpha,CV06UM008,55.75274133,179.4892977,0.31061875,Saliva,Day 15
IgA,Alpha,CV06UM009,26.45598505,91.81065835,0.288158102,Saliva,Day 1
IgA,Alpha,CV06UM009,26.58012838,79.50319324,0.334327809,Saliva,Day 3
IgA,Alpha,CV06UM009,24.63368205,102.0980423,0.241274774,Saliva,Day 15
IgA,Alpha,CV06UM010,12.69858121,36.53781095,0.347546306,Saliva,Day 1
IgA,Alpha,CV06UM010,11.2471559,32.85383739,0.342339185,Saliva,Day 15
IgA,Alpha,CV06UM011,6.518742358,28.3442293,0.229984816,Saliva,Day 1
IgA,Alpha,CV06UM011,7.684841339,32.97554514,0.233046681,Saliva,Day 3
IgA,Alpha,CV06UM011,7.340306404,28.53751187,0.257216061,Saliva,Day 15
IgA,Alpha,CV06UM012,7.88088106,71.17492423,0.110725528,Saliva,Day 1
IgA,Alpha,CV06UM012,30.12178158,180.5554685,0.166828409,Saliva,Day 3
IgA,Alpha,CV06UM012,12.91594053,82.59328556,0.156380031,Saliva,Day 15
IgA,Alpha,CV06UM013,157.8095362,122.6279461,1.286897002,Saliva,Day 1
IgA,Alpha,CV06UM013,125.5963181,102.053998,1.230684937,Saliva,Day 3
IgA,Alpha,CV06UM013,99.18795327,91.64684259,1.082284457,Saliva,Day 15
IgA,Alpha,CV06UM014,20.77429828,47.8454334,0.434196052,Saliva,Day 1
IgA,Alpha,CV06UM014,22.80455202,52.95478859,0.430641924,Saliva,Day 3
IgA,Alpha,CV06UM014,33.97184344,88.06333154,0.385766049,Saliva,Day 15
IgA,Alpha,CV06UM015,40.50466941,127.889732,0.31671557,Saliva,Day 1
IgA,Alpha,CV06UM015,27.93078722,95.39832929,0.292780675,Saliva,Day 3
IgA,Alpha,CV06UM015,31.92319977,104.955536,0.304159275,Saliva,Day 15
IgA,Beta,CV06BW003,25.79779273,120.2366202,0.214558532,Saliva,Day 1
IgA,Beta,CV06BW003,34.94722433,145.231263,0.240631553,Saliva,Day 3
IgA,Beta,CV06BW003,29.55030519,160.9654703,0.183581641,Saliva,Day 15
IgA,Beta,CV06BW008,94.69957744,80.40322785,1.177808155,Saliva,Day 1
IgA,Beta,CV06BW008,230.030873,186.0946692,1.236095983,Saliva,Day 3
IgA,Beta,CV06BW008,138.7404205,115.7602602,1.198515106,Saliva,Day 15
IgA,Beta,CV06BW010,290.3468037,230.7617473,1.258210285,Saliva,Day 1
IgA,Beta,CV06BW010,231.2653792,174.3993355,1.326068007,Saliva,Day 3
IgA,Beta,CV06BW010,282.1061792,220.1363544,1.281506546,Saliva,Day 15
IgA,Beta,CV06BW011,68.98497316,173.1486164,0.39841481,Saliva,Day 1
IgA,Beta,CV06BW011,150.9759988,430.30605,0.350857253,Saliva,Day 3
IgA,Beta,CV06BW011,77.32488288,190.5064254,0.405891207,Saliva,Day 15
IgA,Beta,CV06BW012,37.85290223,48.4936912,0.780573747,Saliva,Day 1
IgA,Beta,CV06BW012,49.66167829,47.94701824,1.035761557,Saliva,Day 3
IgA,Beta,CV06BW012,112.652271,164.1005912,0.68648303,Saliva,Day 15
IgA,Beta,CV06BW013,50.94815847,276.9350021,0.183971539,Saliva,Day 1
IgA,Beta,CV06BW013,90.21548472,358.390246,0.251724163,Saliva,Day 3
IgA,Beta,CV06BW013,27.94673697,89.42131581,0.312528805,Saliva,Day 15
IgA,Beta,CV06BW015,29.91614298,96.31346863,0.310612248,Saliva,Day 1
IgA,Beta,CV06BW015,21.46151838,80.03193773,0.268161924,Saliva,Day 3
IgA,Beta,CV06BW015,61.64641629,93.68461384,0.658020712,Saliva,Day 15
IgA,Beta,CV06FH001,133.6743201,129.8128362,1.029746549,Saliva,Day 1
IgA,Beta,CV06FH001,162.8502898,176.5019327,0.922654428,Saliva,Day 3
IgA,Beta,CV06FH001,112.7827339,117.7868014,0.957515889,Saliva,Day 15
IgA,Beta,CV06FH002,41.71294798,249.4050766,0.167249795,Saliva,Day 1
IgA,Beta,CV06FH002,54.40874519,218.0614983,0.249511012,Saliva,Day 3
IgA,Beta,CV06FH003,237.9093891,90.57555916,2.626640026,Saliva,Day 1
IgA,Beta,CV06FH003,229.1793781,86.03460641,2.663804574,Saliva,Day 3
IgA,Beta,CV06FH003,151.8928122,64.05192596,2.371401171,Saliva,Day 15
IgA,Beta,CV06FH005,187.6432366,156.9473057,1.195581127,Saliva,Day 1
IgA,Beta,CV06FH005,63.7043589,50.15082534,1.270255444,Saliva,Day 3
IgA,Beta,CV06FH005,46.94460383,34.65745626,1.354531143,Saliva,Day 15
IgA,Beta,CV06FH007,48.45030671,201.5798483,0.240352928,Saliva,Day 1
IgA,Beta,CV06FH007,47.60920562,140.5776317,0.338668429,Saliva,Day 3
IgA,Beta,CV06FH007,25.24536002,99.37767989,0.254034508,Saliva,Day 15
IgA,Beta,CV06FH008,38.3042119,136.5157095,0.280584645,Saliva,Day 1
IgA,Beta,CV06FH008,6.00130453,36.15742445,0.165977102,Saliva,Day 3
IgA,Beta,CV06FH008,49.28293828,266.9642294,0.184605025,Saliva,Day 15
IgA,Beta,CV06FH009,56.36145749,157.6046521,0.357612905,Saliva,Day 1
IgA,Beta,CV06FH009,87.92419544,222.7951411,0.394641441,Saliva,Day 3
IgA,Beta,CV06FH009,67.17193583,234.9584423,0.285888582,Saliva,Day 15
IgA,Beta,CV06FH010,30.20768031,53.95745626,0.559842558,Saliva,Day 1
IgA,Beta,CV06FH010,37.22971739,56.3635204,0.660528603,Saliva,Day 3
IgA,Beta,CV06FH010,21.43495941,38.12074261,0.562291234,Saliva,Day 15
IgA,Beta,CV06FH011,75.66557006,100.0368142,0.756377246,Saliva,Day 1
IgA,Beta,CV06FH011,92.12589156,83.17570477,1.107605782,Saliva,Day 3
IgA,Beta,CV06FH011,50.51090614,59.25111099,0.85248876,Saliva,Day 15
IgA,Beta,CV06HC001,9.569917446,37.6324244,0.254299785,Saliva,Day 1
IgA,Beta,CV06HC001,19.05069674,77.93274639,0.244450473,Saliva,Day 3
IgA,Beta,CV06HC001,4.495518078,27.24903508,0.164978982,Saliva,Day 15
IgA,Beta,CV06HC002,21.07949561,70.48235886,0.299074775,Saliva,Day 1
IgA,Beta,CV06HC002,20.97498355,67.91869474,0.308824892,Saliva,Day 3
IgA,Beta,CV06HC002,19.45447312,64.7012272,0.300681671,Saliva,Day 15
IgA,Beta,CV06HC003,38.7464836,118.4393127,0.327142084,Saliva,Day 1
IgA,Beta,CV06HC003,29.29788294,88.28370683,0.331860589,Saliva,Day 3
IgA,Beta,CV06HC003,52.64088296,167.8149426,0.313684122,Saliva,Day 15
IgA,Beta,CV06HC004,18.10254161,162.9348015,0.111102978,Saliva,Day 1
IgA,Beta,CV06HC004,29.56674062,94.84276416,0.311744822,Saliva,Day 3
IgA,Beta,CV06HC004,51.30131326,164.7573918,0.311374881,Saliva,Day 15
IgA,Beta,CV06HC005,68.37264288,97.63320173,0.700301144,Saliva,Day 1
IgA,Beta,CV06HC005,110.9453145,137.2825725,0.80815294,Saliva,Day 3
IgA,Beta,CV06HC005,55.25246344,100.6286969,0.549072632,Saliva,Day 15
IgA,Beta,CV06HC007,638.3035417,229.2109588,2.784786316,Saliva,Day 1
IgA,Beta,CV06HC007,652.1301356,227.1820855,2.870517428,Saliva,Day 3
IgA,Beta,CV06HC007,537.1406789,159.1400038,3.375271247,Saliva,Day 15
IgA,Beta,CV06HC008,70.49778046,136.6794577,0.515789144,Saliva,Day 1
IgA,Beta,CV06HC008,88.33918984,167.8653288,0.526250361,Saliva,Day 3
IgA,Beta,CV06HC008,66.0283932,122.4535218,0.539211876,Saliva,Day 15
IgA,Beta,CV06HC009,146.5375286,191.1235297,0.766716316,Saliva,Day 1
IgA,Beta,CV06HC009,36.30290952,57.88113921,0.627197564,Saliva,Day 15
IgA,Beta,CV06HC010,509.5735443,371.6914669,1.370958415,Saliva,Day 1
IgA,Beta,CV06HC010,528.6337303,356.0700432,1.484634106,Saliva,Day 3
IgA,Beta,CV06HC010,471.2093518,480.4637172,0.98073868,Saliva,Day 15
IgA,Beta,CV06HC011,30.8613019,110.7916803,0.278552521,Saliva,Day 1
IgA,Beta,CV06HC011,23.35349518,98.9356323,0.236047364,Saliva,Day 3
IgA,Beta,CV06HC011,41.54709829,160.2839607,0.259209332,Saliva,Day 15
IgA,Beta,CV06HC012,37.83853813,200.9861228,0.188264431,Saliva,Day 1
IgA,Beta,CV06HC012,34.29325613,166.7603202,0.205643981,Saliva,Day 3
IgA,Beta,CV06HC012,29.933319,135.2312017,0.221349205,Saliva,Day 15
IgA,Beta,CV06HC013,170.8699623,107.8962481,1.58365064,Saliva,Day 1
IgA,Beta,CV06HC013,145.5227861,97.24263674,1.49649157,Saliva,Day 3
IgA,Beta,CV06HC013,250.8134993,211.4348891,1.186244618,Saliva,Day 15
IgA,Beta,CV06HC014,91.47300833,394.0290255,0.232147894,Saliva,Day 1
IgA,Beta,CV06HC014,43.91912733,274.0812942,0.160241243,Saliva,Day 3
IgA,Beta,CV06HC014,34.52767629,68.01760316,0.507628536,Saliva,Day 15
IgA,Beta,CV06HC015,11.37867876,77.82903219,0.146200954,Saliva,Day 1
IgA,Beta,CV06HC015,16.15030496,71.93817738,0.22450256,Saliva,Day 3
IgA,Beta,CV06HC015,13.75294917,82.28268868,0.167142681,Saliva,Day 15
IgA,Beta,CV06UM001,22.22997034,227.0185272,0.097921393,Saliva,Day 1
IgA,Beta,CV06UM001,33.05418584,367.7913618,0.08987211,Saliva,Day 3
IgA,Beta,CV06UM001,44.87505133,328.3031229,0.13668786,Saliva,Day 15
IgA,Beta,CV06UM002,31.69030438,111.9712467,0.283021805,Saliva,Day 1
IgA,Beta,CV06UM002,38.81793691,144.8312606,0.268021812,Saliva,Day 3
IgA,Beta,CV06UM002,41.19644153,158.3104692,0.26022563,Saliva,Day 15
IgA,Beta,CV06UM003,28.37365995,37.25370366,0.761633265,Saliva,Day 1
IgA,Beta,CV06UM003,237.8551316,272.386805,0.873225601,Saliva,Day 3
IgA,Beta,CV06UM005,19.88578711,115.2057254,0.172611101,Saliva,Day 1
IgA,Beta,CV06UM005,11.68437915,75.63388477,0.154486037,Saliva,Day 3
IgA,Beta,CV06UM005,12.68632921,94.13283245,0.134770503,Saliva,Day 15
IgA,Beta,CV06UM007,20.05789653,97.3229442,0.206096278,Saliva,Day 1
IgA,Beta,CV06UM007,31.4450142,152.7883609,0.205807655,Saliva,Day 3
IgA,Beta,CV06UM007,25.09646047,107.7499584,0.232913876,Saliva,Day 15
IgA,Beta,CV06UM008,30.46218685,65.67061286,0.463863295,Saliva,Day 1
IgA,Beta,CV06UM008,41.25803761,78.55207065,0.5252317,Saliva,Day 3
IgA,Beta,CV06UM008,68.51678823,179.4892977,0.381731886,Saliva,Day 15
IgA,Beta,CV06UM009,28.30641809,91.81065835,0.308312985,Saliva,Day 1
IgA,Beta,CV06UM009,28.46113892,79.50319324,0.357987368,Saliva,Day 3
IgA,Beta,CV06UM009,27.44791914,102.0980423,0.268838839,Saliva,Day 15
IgA,Beta,CV06UM010,13.52762952,36.53781095,0.370236453,Saliva,Day 1
IgA,Beta,CV06UM010,11.97495919,32.85383739,0.364491948,Saliva,Day 15
IgA,Beta,CV06UM011,5.711610966,28.3442293,0.201508776,Saliva,Day 1
IgA,Beta,CV06UM011,6.738375593,32.97554514,0.204344631,Saliva,Day 3
IgA,Beta,CV06UM011,6.645770494,28.53751187,0.232878414,Saliva,Day 15
IgA,Beta,CV06UM012,6.390193235,71.17492423,0.089781525,Saliva,Day 1
IgA,Beta,CV06UM012,26.07876789,180.5554685,0.144436323,Saliva,Day 3
IgA,Beta,CV06UM012,10.57070031,82.59328556,0.127984984,Saliva,Day 15
IgA,Beta,CV06UM013,201.0228129,122.6279461,1.639290385,Saliva,Day 1
IgA,Beta,CV06UM013,170.7164962,102.053998,1.672805569,Saliva,Day 3
IgA,Beta,CV06UM013,134.2150704,91.64684259,1.464481117,Saliva,Day 15
IgA,Beta,CV06UM014,19.63943617,47.8454334,0.410476712,Saliva,Day 1
IgA,Beta,CV06UM014,21.49669142,52.95478859,0.40594424,Saliva,Day 3
IgA,Beta,CV06UM014,34.43927539,88.06333154,0.391073955,Saliva,Day 15
IgA,Beta,CV06UM015,46.22602091,127.889732,0.361452168,Saliva,Day 1
IgA,Beta,CV06UM015,35.91514492,95.39832929,0.376475617,Saliva,Day 3
IgA,Beta,CV06UM015,36.45849481,104.955536,0.34737086,Saliva,Day 15
IgA,Delta,CV06BW003,43.4352733,120.2366202,0.361248289,Saliva,Day 1
IgA,Delta,CV06BW003,63.2390981,145.231263,0.435437225,Saliva,Day 3
IgA,Delta,CV06BW003,51.08480431,160.9654703,0.317364986,Saliva,Day 15
IgA,Delta,CV06BW008,66.36914354,80.40322785,0.82545372,Saliva,Day 1
IgA,Delta,CV06BW008,169.8079381,186.0946692,0.912481474,Saliva,Day 3
IgA,Delta,CV06BW008,100.1526035,115.7602602,0.865172585,Saliva,Day 15
IgA,Delta,CV06BW010,320.132809,230.7617473,1.38728716,Saliva,Day 1
IgA,Delta,CV06BW010,252.2583454,174.3993355,1.446440978,Saliva,Day 3
IgA,Delta,CV06BW010,316.9786737,220.1363544,1.439919701,Saliva,Day 15
IgA,Delta,CV06BW011,84.34385724,173.1486164,0.487118286,Saliva,Day 1
IgA,Delta,CV06BW011,202.5599449,430.30605,0.470734597,Saliva,Day 3
IgA,Delta,CV06BW011,98.25406821,190.5064254,0.515751991,Saliva,Day 15
IgA,Delta,CV06BW012,32.77573043,48.4936912,0.675876173,Saliva,Day 1
IgA,Delta,CV06BW012,42.67406018,47.94701824,0.890025319,Saliva,Day 3
IgA,Delta,CV06BW012,102.4898352,164.1005912,0.624554942,Saliva,Day 15
IgA,Delta,CV06BW013,55.03153556,276.9350021,0.198716432,Saliva,Day 1
IgA,Delta,CV06BW013,92.5507282,358.390246,0.258240087,Saliva,Day 3
IgA,Delta,CV06BW013,32.69440076,89.42131581,0.365622005,Saliva,Day 15
IgA,Delta,CV06BW015,19.62934712,96.31346863,0.203806876,Saliva,Day 1
IgA,Delta,CV06BW015,14.77469605,80.03193773,0.18461,Saliva,Day 3
IgA,Delta,CV06BW015,57.23433874,93.68461384,0.610925705,Saliva,Day 15
IgA,Delta,CV06FH001,131.0874454,129.8128362,1.009818823,Saliva,Day 1
IgA,Delta,CV06FH001,163.5250901,176.5019327,0.926477618,Saliva,Day 3
IgA,Delta,CV06FH001,113.9617902,117.7868014,0.967525977,Saliva,Day 15
IgA,Delta,CV06FH002,11.65604646,249.4050766,0.046735402,Saliva,Day 1
IgA,Delta,CV06FH002,25.20785863,218.0614983,0.115599768,Saliva,Day 3
IgA,Delta,CV06FH003,184.4018626,90.57555916,2.035889862,Saliva,Day 1
IgA,Delta,CV06FH003,177.7700662,86.03460641,2.066262328,Saliva,Day 3
IgA,Delta,CV06FH003,117.2112557,64.05192596,1.82994116,Saliva,Day 15
IgA,Delta,CV06FH005,249.5172978,156.9473057,1.589815745,Saliva,Day 1
IgA,Delta,CV06FH005,83.03808986,50.15082534,1.655767164,Saliva,Day 3
IgA,Delta,CV06FH005,63.61863913,34.65745626,1.835640754,Saliva,Day 15
IgA,Delta,CV06FH007,48.93924725,201.5798483,0.24277847,Saliva,Day 1
IgA,Delta,CV06FH007,53.47027784,140.5776317,0.380361208,Saliva,Day 3
IgA,Delta,CV06FH007,27.69355359,99.37767989,0.278669754,Saliva,Day 15
IgA,Delta,CV06FH008,44.46238168,136.5157095,0.325694251,Saliva,Day 1
IgA,Delta,CV06FH008,7.343999359,36.15742445,0.203111794,Saliva,Day 3
IgA,Delta,CV06FH008,67.55544001,266.9642294,0.253050531,Saliva,Day 15
IgA,Delta,CV06FH009,59.25562553,157.6046521,0.375976373,Saliva,Day 1
IgA,Delta,CV06FH009,87.2846016,222.7951411,0.39177067,Saliva,Day 3
IgA,Delta,CV06FH009,83.50479451,234.9584423,0.355402401,Saliva,Day 15
IgA,Delta,CV06FH010,21.8840778,53.95745626,0.405580235,Saliva,Day 1
IgA,Delta,CV06FH010,27.93976609,56.3635204,0.495706547,Saliva,Day 3
IgA,Delta,CV06FH010,16.08922305,38.12074261,0.422059539,Saliva,Day 15
IgA,Delta,CV06FH011,99.37351034,100.0368142,0.993369402,Saliva,Day 1
IgA,Delta,CV06FH011,117.018988,83.17570477,1.406889046,Saliva,Day 3
IgA,Delta,CV06FH011,63.61866349,59.25111099,1.073712584,Saliva,Day 15
IgA,Delta,CV06HC001,12.64272714,37.6324244,0.335953034,Saliva,Day 1
IgA,Delta,CV06HC001,24.12577522,77.93274639,0.309571731,Saliva,Day 3
IgA,Delta,CV06HC001,5.922912614,27.24903508,0.217362288,Saliva,Day 15
IgA,Delta,CV06HC002,7.674959134,70.48235886,0.108891916,Saliva,Day 1
IgA,Delta,CV06HC002,7.539937985,67.91869474,0.111014177,Saliva,Day 3
IgA,Delta,CV06HC002,5.250374677,64.7012272,0.081147992,Saliva,Day 15
IgA,Delta,CV06HC003,44.00741461,118.4393127,0.371560875,Saliva,Day 1
IgA,Delta,CV06HC003,34.56980929,88.28370683,0.391576323,Saliva,Day 3
IgA,Delta,CV06HC003,58.59295758,167.8149426,0.349152207,Saliva,Day 15
IgA,Delta,CV06HC004,13.79436962,162.9348015,0.084661898,Saliva,Day 1
IgA,Delta,CV06HC004,25.95826507,94.84276416,0.273697897,Saliva,Day 3
IgA,Delta,CV06HC004,49.35781231,164.7573918,0.299578743,Saliva,Day 15
IgA,Delta,CV06HC005,80.59639284,97.63320173,0.825501893,Saliva,Day 1
IgA,Delta,CV06HC005,138.6194963,137.2825725,1.009738481,Saliva,Day 3
IgA,Delta,CV06HC005,62.99086898,100.6286969,0.625973215,Saliva,Day 15
IgA,Delta,CV06HC007,704.7462011,229.2109588,3.074661895,Saliva,Day 1
IgA,Delta,CV06HC007,619.5519846,227.1820855,2.727116371,Saliva,Day 3
IgA,Delta,CV06HC007,598.6531236,159.1400038,3.761801618,Saliva,Day 15
IgA,Delta,CV06HC008,73.61642335,136.6794577,0.538606347,Saliva,Day 1
IgA,Delta,CV06HC008,89.30200798,167.8653288,0.531986019,Saliva,Day 3
IgA,Delta,CV06HC008,70.6266535,122.4535218,0.576762942,Saliva,Day 15
IgA,Delta,CV06HC009,219.3139748,191.1235297,1.147498558,Saliva,Day 1
IgA,Delta,CV06HC009,52.21091202,57.88113921,0.902036704,Saliva,Day 15
IgA,Delta,CV06HC010,563.2331629,371.6914669,1.515324437,Saliva,Day 1
IgA,Delta,CV06HC010,582.3328623,356.0700432,1.635444692,Saliva,Day 3
IgA,Delta,CV06HC010,543.9628029,480.4637172,1.132162083,Saliva,Day 15
IgA,Delta,CV06HC011,37.25491039,110.7916803,0.336260902,Saliva,Day 1
IgA,Delta,CV06HC011,29.52968051,98.9356323,0.298473662,Saliva,Day 3
IgA,Delta,CV06HC011,49.40122714,160.2839607,0.308210671,Saliva,Day 15
IgA,Delta,CV06HC012,54.1648111,200.9861228,0.269495278,Saliva,Day 1
IgA,Delta,CV06HC012,55.46945224,166.7603202,0.332629802,Saliva,Day 3
IgA,Delta,CV06HC012,47.44752364,135.2312017,0.350862249,Saliva,Day 15
IgA,Delta,CV06HC013,129.5504181,107.8962481,1.200694374,Saliva,Day 1
IgA,Delta,CV06HC013,112.3748164,97.24263674,1.155612601,Saliva,Day 3
IgA,Delta,CV06HC013,194.7425053,211.4348891,0.921051895,Saliva,Day 15
IgA,Delta,CV06HC014,111.5642985,394.0290255,0.28313726,Saliva,Day 1
IgA,Delta,CV06HC014,48.79915572,274.0812942,0.178046283,Saliva,Day 3
IgA,Delta,CV06HC014,44.16590158,68.01760316,0.649330461,Saliva,Day 15
IgA,Delta,CV06HC015,14.93151775,77.82903219,0.19185023,Saliva,Day 1
IgA,Delta,CV06HC015,22.34085146,71.93817738,0.310556262,Saliva,Day 3
IgA,Delta,CV06HC015,18.89339793,82.28268868,0.229615709,Saliva,Day 15
IgA,Delta,CV06UM001,91.46678986,227.0185272,0.402904516,Saliva,Day 1
IgA,Delta,CV06UM001,168.8697076,367.7913618,0.459145388,Saliva,Day 3
IgA,Delta,CV06UM001,178.7043647,328.3031229,0.544327337,Saliva,Day 15
IgA,Delta,CV06UM002,32.82617271,111.9712467,0.293166091,Saliva,Day 1
IgA,Delta,CV06UM002,45.25064489,144.8312606,0.312437002,Saliva,Day 3
IgA,Delta,CV06UM002,47.84907962,158.3104692,0.30224836,Saliva,Day 15
IgA,Delta,CV06UM003,29.97203619,37.25370366,0.804538428,Saliva,Day 1
IgA,Delta,CV06UM003,255.5056026,272.386805,0.938024889,Saliva,Day 3
IgA,Delta,CV06UM005,20.96526477,115.2057254,0.181981101,Saliva,Day 1
IgA,Delta,CV06UM005,13.74445154,75.63388477,0.181723464,Saliva,Day 3
IgA,Delta,CV06UM005,15.69918748,94.13283245,0.166776958,Saliva,Day 15
IgA,Delta,CV06UM007,25.26880056,97.3229442,0.259638678,Saliva,Day 1
IgA,Delta,CV06UM007,38.73032196,152.7883609,0.253490002,Saliva,Day 3
IgA,Delta,CV06UM007,30.92838676,107.7499584,0.287038503,Saliva,Day 15
IgA,Delta,CV06UM008,27.67060448,65.67061286,0.421354443,Saliva,Day 1
IgA,Delta,CV06UM008,39.33229457,78.55207065,0.500716203,Saliva,Day 3
IgA,Delta,CV06UM008,66.32731606,179.4892977,0.369533543,Saliva,Day 15
IgA,Delta,CV06UM009,28.75064549,91.81065835,0.313151501,Saliva,Day 1
IgA,Delta,CV06UM009,29.04572261,79.50319324,0.365340327,Saliva,Day 3
IgA,Delta,CV06UM009,28.14862381,102.0980423,0.275701896,Saliva,Day 15
IgA,Delta,CV06UM010,15.11458105,36.53781095,0.413669584,Saliva,Day 1
IgA,Delta,CV06UM010,13.66177726,32.85383739,0.415835054,Saliva,Day 15
IgA,Delta,CV06UM011,6.464367692,28.3442293,0.228066448,Saliva,Day 1
IgA,Delta,CV06UM011,7.934949932,32.97554514,0.24063135,Saliva,Day 3
IgA,Delta,CV06UM011,8.177286475,28.53751187,0.28654518,Saliva,Day 15
IgA,Delta,CV06UM012,9.038773592,71.17492423,0.126993793,Saliva,Day 1
IgA,Delta,CV06UM012,38.03801964,180.5554685,0.21067221,Saliva,Day 3
IgA,Delta,CV06UM012,15.18172646,82.59328556,0.183813083,Saliva,Day 15
IgA,Delta,CV06UM013,182.2283475,122.6279461,1.486026255,Saliva,Day 1
IgA,Delta,CV06UM013,165.5794632,102.053998,1.622469148,Saliva,Day 3
IgA,Delta,CV06UM013,117.9684708,91.64684259,1.287207147,Saliva,Day 15
IgA,Delta,CV06UM014,21.02716703,47.8454334,0.43948117,Saliva,Day 1
IgA,Delta,CV06UM014,22.33702201,52.95478859,0.421813071,Saliva,Day 3
IgA,Delta,CV06UM014,37.0361384,88.06333154,0.42056254,Saliva,Day 15
IgA,Delta,CV06UM015,55.02155295,127.889732,0.430226509,Saliva,Day 1
IgA,Delta,CV06UM015,46.91318452,95.39832929,0.49176107,Saliva,Day 3
IgA,Delta,CV06UM015,45.4112462,104.955536,0.432671281,Saliva,Day 15
IgA,Gamma,CV06BW003,22.35408103,120.2366202,0.18591741,Saliva,Day 1
IgA,Gamma,CV06BW003,31.03341468,145.231263,0.213682743,Saliva,Day 3
IgA,Gamma,CV06BW003,24.47784588,160.9654703,0.152068924,Saliva,Day 15
IgA,Gamma,CV06BW008,102.2004375,80.40322785,1.271098689,Saliva,Day 1
IgA,Gamma,CV06BW008,245.649208,186.0946692,1.320022809,Saliva,Day 3
IgA,Gamma,CV06BW008,147.5039069,115.7602602,1.274218861,Saliva,Day 15
IgA,Gamma,CV06BW010,284.3716463,230.7617473,1.232317096,Saliva,Day 1
IgA,Gamma,CV06BW010,225.7264704,174.3993355,1.294308088,Saliva,Day 3
IgA,Gamma,CV06BW010,274.9962456,220.1363544,1.249208684,Saliva,Day 15
IgA,Gamma,CV06BW011,60.92544512,173.1486164,0.351867929,Saliva,Day 1
IgA,Gamma,CV06BW011,138.771899,430.30605,0.322495812,Saliva,Day 3
IgA,Gamma,CV06BW011,68.61906399,190.5064254,0.360192911,Saliva,Day 15
IgA,Gamma,CV06BW012,33.99830527,48.4936912,0.701087181,Saliva,Day 1
IgA,Gamma,CV06BW012,47.67529404,47.94701824,0.994332824,Saliva,Day 3
IgA,Gamma,CV06BW012,122.5564099,164.1005912,0.746837102,Saliva,Day 15
IgA,Gamma,CV06BW013,62.38796338,276.9350021,0.225280167,Saliva,Day 1
IgA,Gamma,CV06BW013,100.1196992,358.390246,0.279359442,Saliva,Day 3
IgA,Gamma,CV06BW013,31.23332335,89.42131581,0.349282753,Saliva,Day 15
IgA,Gamma,CV06BW015,75.68628682,96.31346863,0.785832842,Saliva,Day 1
IgA,Gamma,CV06BW015,51.0845105,80.03193773,0.638301557,Saliva,Day 3
IgA,Gamma,CV06BW015,80.27475312,93.68461384,0.856861653,Saliva,Day 15
IgA,Gamma,CV06FH001,149.5658448,129.8128362,1.152165296,Saliva,Day 1
IgA,Gamma,CV06FH001,189.0099,176.5019327,1.070865894,Saliva,Day 3
IgA,Gamma,CV06FH001,122.4636303,117.7868014,1.039705883,Saliva,Day 15
IgA,Gamma,CV06FH002,14.48569539,249.4050766,0.058080997,Saliva,Day 1
IgA,Gamma,CV06FH002,24.11496148,218.0614983,0.110587892,Saliva,Day 3
IgA,Gamma,CV06FH003,272.731763,90.57555916,3.011096653,Saliva,Day 1
IgA,Gamma,CV06FH003,263.5753472,86.03460641,3.063596827,Saliva,Day 3
IgA,Gamma,CV06FH003,169.8996936,64.05192596,2.652530601,Saliva,Day 15
IgA,Gamma,CV06FH005,235.0339968,156.9473057,1.497534448,Saliva,Day 1
IgA,Gamma,CV06FH005,80.2391536,50.15082534,1.599956791,Saliva,Day 3
IgA,Gamma,CV06FH005,57.74532674,34.65745626,1.666173256,Saliva,Day 15
IgA,Gamma,CV06FH007,54.78034941,201.5798483,0.271755088,Saliva,Day 1
IgA,Gamma,CV06FH007,60.76027888,140.5776317,0.432218683,Saliva,Day 3
IgA,Gamma,CV06FH007,31.39285689,99.37767989,0.315894444,Saliva,Day 15
IgA,Gamma,CV06FH008,57.35981044,136.5157095,0.420170035,Saliva,Day 1
IgA,Gamma,CV06FH008,10.5983345,36.15742445,0.293116411,Saliva,Day 3
IgA,Gamma,CV06FH008,84.23980006,266.9642294,0.315547144,Saliva,Day 15
IgA,Gamma,CV06FH009,53.75678353,157.6046521,0.341086274,Saliva,Day 1
IgA,Gamma,CV06FH009,67.03427463,222.7951411,0.30087853,Saliva,Day 3
IgA,Gamma,CV06FH009,60.30330751,234.9584423,0.256655206,Saliva,Day 15
IgA,Gamma,CV06FH010,30.9717354,53.95745626,0.574002882,Saliva,Day 1
IgA,Gamma,CV06FH010,37.02505991,56.3635204,0.656897576,Saliva,Day 3
IgA,Gamma,CV06FH010,22.45256278,38.12074261,0.588985451,Saliva,Day 15
IgA,Gamma,CV06FH011,86.52367053,100.0368142,0.864918293,Saliva,Day 1
IgA,Gamma,CV06FH011,103.2755061,83.17570477,1.241654717,Saliva,Day 3
IgA,Gamma,CV06FH011,56.42464819,59.25111099,0.952296881,Saliva,Day 15
IgA,Gamma,CV06HC001,8.923963397,37.6324244,0.237134958,Saliva,Day 1
IgA,Gamma,CV06HC001,18.41907087,77.93274639,0.236345718,Saliva,Day 3
IgA,Gamma,CV06HC001,5.619442474,27.24903508,0.206225375,Saliva,Day 15
IgA,Gamma,CV06HC002,23.79607889,70.48235886,0.337617515,Saliva,Day 1
IgA,Gamma,CV06HC002,22.47335412,67.91869474,0.330886131,Saliva,Day 3
IgA,Gamma,CV06HC002,23.13949442,64.7012272,0.357636098,Saliva,Day 15
IgA,Gamma,CV06HC003,36.92806415,118.4393127,0.311788909,Saliva,Day 1
IgA,Gamma,CV06HC003,27.38919527,88.28370683,0.310240658,Saliva,Day 3
IgA,Gamma,CV06HC003,45.86019455,167.8149426,0.273278374,Saliva,Day 15
IgA,Gamma,CV06HC004,19.09144866,162.9348015,0.11717232,Saliva,Day 1
IgA,Gamma,CV06HC004,42.87964651,94.84276416,0.452112999,Saliva,Day 3
IgA,Gamma,CV06HC004,72.97743679,164.7573918,0.442938772,Saliva,Day 15
IgA,Gamma,CV06HC005,77.22265642,97.63320173,0.790946677,Saliva,Day 1
IgA,Gamma,CV06HC005,127.8733262,137.2825725,0.931460737,Saliva,Day 3
IgA,Gamma,CV06HC005,63.35873898,100.6286969,0.629628932,Saliva,Day 15
IgA,Gamma,CV06HC007,539.3772403,229.2109588,2.353191327,Saliva,Day 1
IgA,Gamma,CV06HC007,600.6954808,227.1820855,2.644114651,Saliva,Day 3
IgA,Gamma,CV06HC007,477.9139996,159.1400038,3.003104111,Saliva,Day 15
IgA,Gamma,CV06HC008,39.74414206,136.6794577,0.29078358,Saliva,Day 1
IgA,Gamma,CV06HC008,52.04387991,167.8653288,0.310033527,Saliva,Day 3
IgA,Gamma,CV06HC008,40.3200923,122.4535218,0.32926854,Saliva,Day 15
IgA,Gamma,CV06HC009,187.2728632,191.1235297,0.979852473,Saliva,Day 1
IgA,Gamma,CV06HC009,49.7850851,57.88113921,0.860126213,Saliva,Day 15
IgA,Gamma,CV06HC010,532.5242877,371.6914669,1.432705174,Saliva,Day 1
IgA,Gamma,CV06HC010,548.6877302,356.0700432,1.540954486,Saliva,Day 3
IgA,Gamma,CV06HC010,494.672926,480.4637172,1.029573948,Saliva,Day 15
IgA,Gamma,CV06HC011,34.71480883,110.7916803,0.313334077,Saliva,Day 1
IgA,Gamma,CV06HC011,25.76739197,98.9356323,0.260446023,Saliva,Day 3
IgA,Gamma,CV06HC011,44.8037991,160.2839607,0.279527652,Saliva,Day 15
IgA,Gamma,CV06HC012,42.29412557,200.9861228,0.210433064,Saliva,Day 1
IgA,Gamma,CV06HC012,35.86861861,166.7603202,0.215090848,Saliva,Day 3
IgA,Gamma,CV06HC012,33.46116232,135.2312017,0.2474367,Saliva,Day 15
IgA,Gamma,CV06HC013,501.2542394,107.8962481,4.645705927,Saliva,Day 1
IgA,Gamma,CV06HC013,478.2626674,97.24263674,4.918240429,Saliva,Day 3
IgA,Gamma,CV06HC013,734.2206747,211.4348891,3.47256159,Saliva,Day 15
IgA,Gamma,CV06HC014,72.38917282,394.0290255,0.183715331,Saliva,Day 1
IgA,Gamma,CV06HC014,36.02243373,274.0812942,0.131429742,Saliva,Day 3
IgA,Gamma,CV06HC014,29.00912455,68.01760316,0.426494366,Saliva,Day 15
IgA,Gamma,CV06HC015,9.903996219,77.82903219,0.127253236,Saliva,Day 1
IgA,Gamma,CV06HC015,15.08002656,71.93817738,0.209624807,Saliva,Day 3
IgA,Gamma,CV06HC015,12.57422439,82.28268868,0.152817374,Saliva,Day 15
IgA,Gamma,CV06UM001,25.0902864,227.0185272,0.110520876,Saliva,Day 1
IgA,Gamma,CV06UM001,29.45685541,367.7913618,0.080091211,Saliva,Day 3
IgA,Gamma,CV06UM001,37.52779223,328.3031229,0.114308362,Saliva,Day 15
IgA,Gamma,CV06UM002,31.78946477,111.9712467,0.283907393,Saliva,Day 1
IgA,Gamma,CV06UM002,44.61332554,144.8312606,0.308036575,Saliva,Day 3
IgA,Gamma,CV06UM002,44.7235414,158.3104692,0.282505267,Saliva,Day 15
IgA,Gamma,CV06UM003,22.43895935,37.25370366,0.602328283,Saliva,Day 1
IgA,Gamma,CV06UM003,190.7350878,272.386805,0.700236151,Saliva,Day 3
IgA,Gamma,CV06UM005,18.9104988,115.2057254,0.164145477,Saliva,Day 1
IgA,Gamma,CV06UM005,13.26552719,75.63388477,0.175391324,Saliva,Day 3
IgA,Gamma,CV06UM005,14.4625485,94.13283245,0.153639789,Saliva,Day 15
IgA,Gamma,CV06UM007,21.74458881,97.3229442,0.223427158,Saliva,Day 1
IgA,Gamma,CV06UM007,31.06859896,152.7883609,0.203344016,Saliva,Day 3
IgA,Gamma,CV06UM007,24.94503211,107.7499584,0.231508508,Saliva,Day 15
IgA,Gamma,CV06UM008,31.35407669,65.67061286,0.477444557,Saliva,Day 1
IgA,Gamma,CV06UM008,46.18379459,78.55207065,0.587938602,Saliva,Day 3
IgA,Gamma,CV06UM008,76.41434368,179.4892977,0.425732033,Saliva,Day 15
IgA,Gamma,CV06UM009,30.03364436,91.81065835,0.327125901,Saliva,Day 1
IgA,Gamma,CV06UM009,29.48290728,79.50319324,0.370839284,Saliva,Day 3
IgA,Gamma,CV06UM009,29.19099049,102.0980423,0.285911364,Saliva,Day 15
IgA,Gamma,CV06UM010,10.94415859,36.53781095,0.299529674,Saliva,Day 1
IgA,Gamma,CV06UM010,10.23944909,32.85383739,0.311666761,Saliva,Day 15
IgA,Gamma,CV06UM011,7.140766691,28.3442293,0.251930177,Saliva,Day 1
IgA,Gamma,CV06UM011,8.443575759,32.97554514,0.256055684,Saliva,Day 3
IgA,Gamma,CV06UM011,8.206181829,28.53751187,0.287557719,Saliva,Day 15
IgA,Gamma,CV06UM012,6.968477704,71.17492423,0.097906359,Saliva,Day 1
IgA,Gamma,CV06UM012,33.59304087,180.5554685,0.186053854,Saliva,Day 3
IgA,Gamma,CV06UM012,14.51659959,82.59328556,0.175760045,Saliva,Day 15
IgA,Gamma,CV06UM013,182.9169147,122.6279461,1.491641347,Saliva,Day 1
IgA,Gamma,CV06UM013,156.220341,102.053998,1.530761597,Saliva,Day 3
IgA,Gamma,CV06UM013,118.9766883,91.64684259,1.298208263,Saliva,Day 15
IgA,Gamma,CV06UM014,23.47000746,47.8454334,0.490538089,Saliva,Day 1
IgA,Gamma,CV06UM014,25.48435206,52.95478859,0.481247357,Saliva,Day 3
IgA,Gamma,CV06UM014,37.41345132,88.06333154,0.424847103,Saliva,Day 15
IgA,Gamma,CV06UM015,38.01385905,127.889732,0.297239336,Saliva,Day 1
IgA,Gamma,CV06UM015,33.01967129,95.39832929,0.346124209,Saliva,Day 3
IgA,Gamma,CV06UM015,33.0864792,104.955536,0.31524282,Saliva,Day 15
IgA,Omicron.BA.1,CV06BW003,17.57038465,120.2366202,0.146131724,Saliva,Day 1
IgA,Omicron.BA.1,CV06BW003,25.11147442,145.231263,0.17290681,Saliva,Day 3
IgA,Omicron.BA.1,CV06BW003,20.25613804,160.9654703,0.125841511,Saliva,Day 15
IgA,Omicron.BA.1,CV06BW008,74.8889949,80.40322785,0.931417766,Saliva,Day 1
IgA,Omicron.BA.1,CV06BW008,181.6533415,186.0946692,0.976134041,Saliva,Day 3
IgA,Omicron.BA.1,CV06BW008,107.9026214,115.7602602,0.932121449,Saliva,Day 15
IgA,Omicron.BA.1,CV06BW010,177.7812935,230.7617473,0.770410588,Saliva,Day 1
IgA,Omicron.BA.1,CV06BW010,142.2220065,174.3993355,0.815496264,Saliva,Day 3
IgA,Omicron.BA.1,CV06BW010,171.1224955,220.1363544,0.77734773,Saliva,Day 15
IgA,Omicron.BA.1,CV06BW011,47.67329175,173.1486164,0.275331636,Saliva,Day 1
IgA,Omicron.BA.1,CV06BW011,106.7209511,430.30605,0.248011737,Saliva,Day 3
IgA,Omicron.BA.1,CV06BW011,53.27436651,190.5064254,0.279646035,Saliva,Day 15
IgA,Omicron.BA.1,CV06BW012,26.70506907,48.4936912,0.550691614,Saliva,Day 1
IgA,Omicron.BA.1,CV06BW012,25.90488934,47.94701824,0.54028155,Saliva,Day 3
IgA,Omicron.BA.1,CV06BW012,88.93332921,164.1005912,0.54194399,Saliva,Day 15
IgA,Omicron.BA.1,CV06BW013,33.49727962,276.9350021,0.12095719,Saliva,Day 1
IgA,Omicron.BA.1,CV06BW013,64.99925551,358.390246,0.181364466,Saliva,Day 3
IgA,Omicron.BA.1,CV06BW013,18.97181809,89.42131581,0.212162144,Saliva,Day 15
IgA,Omicron.BA.1,CV06BW015,10.48323478,96.31346863,0.108844951,Saliva,Day 1
IgA,Omicron.BA.1,CV06BW015,8.06246732,80.03193773,0.100740624,Saliva,Day 3
IgA,Omicron.BA.1,CV06BW015,60.20510128,93.68461384,0.642635955,Saliva,Day 15
IgA,Omicron.BA.1,CV06FH001,120.0011235,129.8128362,0.924416468,Saliva,Day 1
IgA,Omicron.BA.1,CV06FH001,144.3960374,176.5019327,0.818098902,Saliva,Day 3
IgA,Omicron.BA.1,CV06FH001,96.90180056,117.7868014,0.822688106,Saliva,Day 15
IgA,Omicron.BA.1,CV06FH002,7.735036968,249.4050766,0.031013952,Saliva,Day 1
IgA,Omicron.BA.1,CV06FH002,21.66495831,218.0614983,0.099352515,Saliva,Day 3
IgA,Omicron.BA.1,CV06FH003,190.867527,90.57555916,2.107274068,Saliva,Day 1
IgA,Omicron.BA.1,CV06FH003,188.7814414,86.03460641,2.194250073,Saliva,Day 3
IgA,Omicron.BA.1,CV06FH003,124.1391604,64.05192596,1.938101916,Saliva,Day 15
IgA,Omicron.BA.1,CV06FH005,142.6735572,156.9473057,0.90905388,Saliva,Day 1
IgA,Omicron.BA.1,CV06FH005,43.66889964,50.15082534,0.870751365,Saliva,Day 3
IgA,Omicron.BA.1,CV06FH005,35.30509477,34.65745626,1.018686845,Saliva,Day 15
IgA,Omicron.BA.1,CV06FH007,32.09820659,201.5798483,0.159233211,Saliva,Day 1
IgA,Omicron.BA.1,CV06FH007,33.08686485,140.5776317,0.235363653,Saliva,Day 3
IgA,Omicron.BA.1,CV06FH007,17.62555569,99.37767989,0.177359299,Saliva,Day 15
IgA,Omicron.BA.1,CV06FH008,28.99214937,136.5157095,0.212372257,Saliva,Day 1
IgA,Omicron.BA.1,CV06FH008,3.590874544,36.15742445,0.099312233,Saliva,Day 3
IgA,Omicron.BA.1,CV06FH008,43.98866998,266.9642294,0.164773648,Saliva,Day 15
IgA,Omicron.BA.1,CV06FH009,43.34859285,157.6046521,0.275046404,Saliva,Day 1
IgA,Omicron.BA.1,CV06FH009,67.88307292,222.7951411,0.304688301,Saliva,Day 3
IgA,Omicron.BA.1,CV06FH009,17.55902158,234.9584423,0.074732457,Saliva,Day 15
IgA,Omicron.BA.1,CV06FH010,11.63964392,53.95745626,0.215718915,Saliva,Day 1
IgA,Omicron.BA.1,CV06FH010,15.84941429,56.3635204,0.281199864,Saliva,Day 3
IgA,Omicron.BA.1,CV06FH010,9.393102273,38.12074261,0.246403969,Saliva,Day 15
IgA,Omicron.BA.1,CV06FH011,41.3706821,100.0368142,0.413554574,Saliva,Day 1
IgA,Omicron.BA.1,CV06FH011,52.45720383,83.17570477,0.630679403,Saliva,Day 3
IgA,Omicron.BA.1,CV06FH011,26.97240072,59.25111099,0.455221856,Saliva,Day 15
IgA,Omicron.BA.1,CV06HC001,7.086152306,37.6324244,0.188299118,Saliva,Day 1
IgA,Omicron.BA.1,CV06HC001,14.51043789,77.93274639,0.186191794,Saliva,Day 3
IgA,Omicron.BA.1,CV06HC001,3.55700936,27.24903508,0.130537076,Saliva,Day 15
IgA,Omicron.BA.1,CV06HC002,5.077379368,70.48235886,0.072037591,Saliva,Day 1
IgA,Omicron.BA.1,CV06HC002,4.978807549,67.91869474,0.073305407,Saliva,Day 3
IgA,Omicron.BA.1,CV06HC002,3.69430137,64.7012272,0.057097856,Saliva,Day 15
IgA,Omicron.BA.1,CV06HC003,12.32459635,118.4393127,0.104058324,Saliva,Day 1
IgA,Omicron.BA.1,CV06HC003,9.434861213,88.28370683,0.10686979,Saliva,Day 3
IgA,Omicron.BA.1,CV06HC003,17.63059474,167.8149426,0.105059743,Saliva,Day 15
IgA,Omicron.BA.1,CV06HC004,7.424606903,162.9348015,0.045567962,Saliva,Day 1
IgA,Omicron.BA.1,CV06HC004,15.28566246,94.84276416,0.161168462,Saliva,Day 3
IgA,Omicron.BA.1,CV06HC004,39.51629138,164.7573918,0.239845332,Saliva,Day 15
IgA,Omicron.BA.1,CV06HC005,56.26488105,97.63320173,0.576288394,Saliva,Day 1
IgA,Omicron.BA.1,CV06HC005,99.19249185,137.2825725,0.72254249,Saliva,Day 3
IgA,Omicron.BA.1,CV06HC005,45.50156549,100.6286969,0.452172858,Saliva,Day 15
IgA,Omicron.BA.1,CV06HC007,393.2689624,229.2109588,1.715751133,Saliva,Day 1
IgA,Omicron.BA.1,CV06HC007,462.890969,227.1820855,2.037532881,Saliva,Day 3
IgA,Omicron.BA.1,CV06HC007,382.3353436,159.1400038,2.402509329,Saliva,Day 15
IgA,Omicron.BA.1,CV06HC008,20.66385976,136.6794577,0.151184824,Saliva,Day 1
IgA,Omicron.BA.1,CV06HC008,23.73100173,167.8653288,0.141369286,Saliva,Day 3
IgA,Omicron.BA.1,CV06HC008,23.87573888,122.4535218,0.194977968,Saliva,Day 15
IgA,Omicron.BA.1,CV06HC009,114.781082,191.1235297,0.60055966,Saliva,Day 1
IgA,Omicron.BA.1,CV06HC009,26.85984076,57.88113921,0.464051695,Saliva,Day 15
IgA,Omicron.BA.1,CV06HC010,403.0499072,371.6914669,1.084366856,Saliva,Day 1
IgA,Omicron.BA.1,CV06HC010,430.105708,356.0700432,1.207924441,Saliva,Day 3
IgA,Omicron.BA.1,CV06HC010,382.985615,480.4637172,0.797116622,Saliva,Day 15
IgA,Omicron.BA.1,CV06HC011,25.72403628,110.7916803,0.232183827,Saliva,Day 1
IgA,Omicron.BA.1,CV06HC011,20.32674367,98.9356323,0.205454225,Saliva,Day 3
IgA,Omicron.BA.1,CV06HC011,33.23089942,160.2839607,0.20732517,Saliva,Day 15
IgA,Omicron.BA.1,CV06HC012,23.24217412,200.9861228,0.115640691,Saliva,Day 1
IgA,Omicron.BA.1,CV06HC012,26.52322158,166.7603202,0.159049956,Saliva,Day 3
IgA,Omicron.BA.1,CV06HC012,18.67242935,135.2312017,0.138077819,Saliva,Day 15
IgA,Omicron.BA.1,CV06HC013,166.7849874,107.8962481,1.545790426,Saliva,Day 1
IgA,Omicron.BA.1,CV06HC013,156.0809043,97.24263674,1.605066559,Saliva,Day 3
IgA,Omicron.BA.1,CV06HC013,243.3700784,211.4348891,1.151040301,Saliva,Day 15
IgA,Omicron.BA.1,CV06HC014,39.35782366,394.0290255,0.099885595,Saliva,Day 1
IgA,Omicron.BA.1,CV06HC014,19.01495568,274.0812942,0.069377065,Saliva,Day 3
IgA,Omicron.BA.1,CV06HC014,14.70137888,68.01760316,0.216140796,Saliva,Day 15
IgA,Omicron.BA.1,CV06HC015,6.218652604,77.82903219,0.079901451,Saliva,Day 1
IgA,Omicron.BA.1,CV06HC015,7.548334807,71.93817738,0.10492808,Saliva,Day 3
IgA,Omicron.BA.1,CV06HC015,7.063596733,82.28268868,0.085845478,Saliva,Day 15
IgA,Omicron.BA.1,CV06UM001,27.03201985,227.0185272,0.119074069,Saliva,Day 1
IgA,Omicron.BA.1,CV06UM001,37.97945354,367.7913618,0.103263582,Saliva,Day 3
IgA,Omicron.BA.1,CV06UM001,44.44160167,328.3031229,0.135367587,Saliva,Day 15
IgA,Omicron.BA.1,CV06UM002,19.52593289,111.9712467,0.174383455,Saliva,Day 1
IgA,Omicron.BA.1,CV06UM002,27.3196859,144.8312606,0.188631141,Saliva,Day 3
IgA,Omicron.BA.1,CV06UM002,28.78088344,158.3104692,0.181800254,Saliva,Day 15
IgA,Omicron.BA.1,CV06UM003,14.5436869,37.25370366,0.390395732,Saliva,Day 1
IgA,Omicron.BA.1,CV06UM003,114.3946014,272.386805,0.419971156,Saliva,Day 3
IgA,Omicron.BA.1,CV06UM005,11.51937684,115.2057254,0.099989621,Saliva,Day 1
IgA,Omicron.BA.1,CV06UM005,6.159743367,75.63388477,0.081441584,Saliva,Day 3
IgA,Omicron.BA.1,CV06UM005,5.564269952,94.13283245,0.059110831,Saliva,Day 15
IgA,Omicron.BA.1,CV06UM007,11.51310993,97.3229442,0.118298003,Saliva,Day 1
IgA,Omicron.BA.1,CV06UM007,15.51744173,152.7883609,0.101561674,Saliva,Day 3
IgA,Omicron.BA.1,CV06UM007,12.01161197,107.7499584,0.11147672,Saliva,Day 15
IgA,Omicron.BA.1,CV06UM008,15.60307863,65.67061286,0.237596056,Saliva,Day 1
IgA,Omicron.BA.1,CV06UM008,22.747561,78.55207065,0.289585759,Saliva,Day 3
IgA,Omicron.BA.1,CV06UM008,35.69800415,179.4892977,0.198886533,Saliva,Day 15
IgA,Omicron.BA.1,CV06UM009,13.31997704,91.81065835,0.145080945,Saliva,Day 1
IgA,Omicron.BA.1,CV06UM009,14.26062971,79.50319324,0.179371785,Saliva,Day 3
IgA,Omicron.BA.1,CV06UM009,13.70151536,102.0980423,0.134199589,Saliva,Day 15
IgA,Omicron.BA.1,CV06UM010,4.492137685,36.53781095,0.122944905,Saliva,Day 1
IgA,Omicron.BA.1,CV06UM010,3.852155315,32.85383739,0.117251305,Saliva,Day 15
IgA,Omicron.BA.1,CV06UM011,3.18993818,28.3442293,0.112542774,Saliva,Day 1
IgA,Omicron.BA.1,CV06UM011,4.28821095,32.97554514,0.130042155,Saliva,Day 3
IgA,Omicron.BA.1,CV06UM011,3.947279541,28.53751187,0.13831898,Saliva,Day 15
IgA,Omicron.BA.1,CV06UM012,4.364907099,71.17492423,0.061326473,Saliva,Day 1
IgA,Omicron.BA.1,CV06UM012,24.56269918,180.5554685,0.13603963,Saliva,Day 3
IgA,Omicron.BA.1,CV06UM012,9.959915595,82.59328556,0.120589895,Saliva,Day 15
IgA,Omicron.BA.1,CV06UM013,95.42499143,122.6279461,0.778166759,Saliva,Day 1
IgA,Omicron.BA.1,CV06UM013,78.51777943,102.053998,0.76937485,Saliva,Day 3
IgA,Omicron.BA.1,CV06UM013,61.55738284,91.64684259,0.671680345,Saliva,Day 15
IgA,Omicron.BA.1,CV06UM014,17.52214995,47.8454334,0.366224082,Saliva,Day 1
IgA,Omicron.BA.1,CV06UM014,17.39989055,52.95478859,0.328580115,Saliva,Day 3
IgA,Omicron.BA.1,CV06UM014,29.79234826,88.06333154,0.338305941,Saliva,Day 15
IgA,Omicron.BA.1,CV06UM015,22.42192952,127.889732,0.175322359,Saliva,Day 1
IgA,Omicron.BA.1,CV06UM015,16.9727031,95.39832929,0.17791405,Saliva,Day 3
IgA,Omicron.BA.1,CV06UM015,19.22524095,104.955536,0.183175101,Saliva,Day 15
IgA,Omicron.BA.5,CV06BW003,46.01569046,120.2366202,0.382709447,Saliva,Day 1
IgA,Omicron.BA.5,CV06BW003,63.02141849,145.231263,0.433938377,Saliva,Day 3
IgA,Omicron.BA.5,CV06BW003,51.98601106,160.9654703,0.322963745,Saliva,Day 15
IgA,Omicron.BA.5,CV06BW008,58.52832973,80.40322785,0.727935075,Saliva,Day 1
IgA,Omicron.BA.5,CV06BW008,138.3172099,186.0946692,0.743262612,Saliva,Day 3
IgA,Omicron.BA.5,CV06BW008,82.72518897,115.7602602,0.714625113,Saliva,Day 15
IgA,Omicron.BA.5,CV06BW010,270.0820752,230.7617473,1.170393613,Saliva,Day 1
IgA,Omicron.BA.5,CV06BW010,220.0941905,174.3993355,1.262012782,Saliva,Day 3
IgA,Omicron.BA.5,CV06BW010,267.3730319,220.1363544,1.214579176,Saliva,Day 15
IgA,Omicron.BA.5,CV06BW011,48.28872046,173.1486164,0.278885974,Saliva,Day 1
IgA,Omicron.BA.5,CV06BW011,114.2180199,430.30605,0.265434381,Saliva,Day 3
IgA,Omicron.BA.5,CV06BW011,57.8294945,190.5064254,0.303556662,Saliva,Day 15
IgA,Omicron.BA.5,CV06BW012,36.71012812,48.4936912,0.757008329,Saliva,Day 1
IgA,Omicron.BA.5,CV06BW012,46.59944282,47.94701824,0.97189449,Saliva,Day 3
IgA,Omicron.BA.5,CV06BW012,98.58112072,164.1005912,0.600735927,Saliva,Day 15
IgA,Omicron.BA.5,CV06BW013,46.63945032,276.9350021,0.168412985,Saliva,Day 1
IgA,Omicron.BA.5,CV06BW013,77.56899358,358.390246,0.216437234,Saliva,Day 3
IgA,Omicron.BA.5,CV06BW013,25.31919534,89.42131581,0.283144965,Saliva,Day 15
IgA,Omicron.BA.5,CV06BW015,18.25404942,96.31346863,0.189527484,Saliva,Day 1
IgA,Omicron.BA.5,CV06BW015,12.88648316,80.03193773,0.161016758,Saliva,Day 3
IgA,Omicron.BA.5,CV06BW015,70.68269092,93.68461384,0.754474913,Saliva,Day 15
IgA,Omicron.BA.5,CV06FH001,185.101129,129.8128362,1.425907748,Saliva,Day 1
IgA,Omicron.BA.5,CV06FH001,232.5048097,176.5019327,1.317293279,Saliva,Day 3
IgA,Omicron.BA.5,CV06FH001,153.9647666,117.7868014,1.30714787,Saliva,Day 15
IgA,Omicron.BA.5,CV06FH002,16.14926002,249.4050766,0.064751128,Saliva,Day 1
IgA,Omicron.BA.5,CV06FH002,21.72207257,218.0614983,0.099614433,Saliva,Day 3
IgA,Omicron.BA.5,CV06FH003,162.0532914,90.57555916,1.789150329,Saliva,Day 1
IgA,Omicron.BA.5,CV06FH003,159.5134515,86.03460641,1.854061501,Saliva,Day 3
IgA,Omicron.BA.5,CV06FH003,108.924422,64.05192596,1.700564352,Saliva,Day 15
IgA,Omicron.BA.5,CV06FH005,205.5307581,156.9473057,1.309552637,Saliva,Day 1
IgA,Omicron.BA.5,CV06FH005,62.93696114,50.15082534,1.254953646,Saliva,Day 3
IgA,Omicron.BA.5,CV06FH005,46.69796126,34.65745626,1.347414562,Saliva,Day 15
IgA,Omicron.BA.5,CV06FH007,66.60829858,201.5798483,0.330431336,Saliva,Day 1
IgA,Omicron.BA.5,CV06FH007,66.53999486,140.5776317,0.473332735,Saliva,Day 3
IgA,Omicron.BA.5,CV06FH007,36.86609975,99.37767989,0.370969616,Saliva,Day 15
IgA,Omicron.BA.5,CV06FH008,47.21502213,136.5157095,0.345857794,Saliva,Day 1
IgA,Omicron.BA.5,CV06FH008,8.504529496,36.15742445,0.235208387,Saliva,Day 3
IgA,Omicron.BA.5,CV06FH008,71.82451709,266.9642294,0.269041726,Saliva,Day 15
IgA,Omicron.BA.5,CV06FH009,48.69837218,157.6046521,0.308990702,Saliva,Day 1
IgA,Omicron.BA.5,CV06FH009,85.50687338,222.7951411,0.383791464,Saliva,Day 3
IgA,Omicron.BA.5,CV06FH009,68.39547075,234.9584423,0.291096034,Saliva,Day 15
IgA,Omicron.BA.5,CV06FH010,24.27560934,53.95745626,0.449902776,Saliva,Day 1
IgA,Omicron.BA.5,CV06FH010,29.84442063,56.3635204,0.529498875,Saliva,Day 3
IgA,Omicron.BA.5,CV06FH010,17.79824782,38.12074261,0.466891424,Saliva,Day 15
IgA,Omicron.BA.5,CV06FH011,66.08100789,100.0368142,0.660566896,Saliva,Day 1
IgA,Omicron.BA.5,CV06FH011,81.0483663,83.17570477,0.974423559,Saliva,Day 3
IgA,Omicron.BA.5,CV06FH011,42.26941206,59.25111099,0.713394422,Saliva,Day 15
IgA,Omicron.BA.5,CV06HC001,8.346951307,37.6324244,0.221802115,Saliva,Day 1
IgA,Omicron.BA.5,CV06HC001,19.48507206,77.93274639,0.250024194,Saliva,Day 3
IgA,Omicron.BA.5,CV06HC001,4.810551232,27.24903508,0.176540241,Saliva,Day 15
IgA,Omicron.BA.5,CV06HC002,7.202419567,70.48235886,0.10218755,Saliva,Day 1
IgA,Omicron.BA.5,CV06HC002,7.32786711,67.91869474,0.107891754,Saliva,Day 3
IgA,Omicron.BA.5,CV06HC002,5.622425887,64.7012272,0.086898288,Saliva,Day 15
IgA,Omicron.BA.5,CV06HC003,43.62558848,118.4393127,0.368337062,Saliva,Day 1
IgA,Omicron.BA.5,CV06HC003,33.18767561,88.28370683,0.375920731,Saliva,Day 3
IgA,Omicron.BA.5,CV06HC003,63.05142299,167.8149426,0.375719957,Saliva,Day 15
IgA,Omicron.BA.5,CV06HC004,26.64535811,162.9348015,0.163533867,Saliva,Day 1
IgA,Omicron.BA.5,CV06HC004,43.27406443,94.84276416,0.456271649,Saliva,Day 3
IgA,Omicron.BA.5,CV06HC004,77.84256968,164.7573918,0.472467844,Saliva,Day 15
IgA,Omicron.BA.5,CV06HC005,61.18941533,97.63320173,0.62672753,Saliva,Day 1
IgA,Omicron.BA.5,CV06HC005,97.02032622,137.2825725,0.706719902,Saliva,Day 3
IgA,Omicron.BA.5,CV06HC005,50.48336587,100.6286969,0.501679614,Saliva,Day 15
IgA,Omicron.BA.5,CV06HC007,508.4777364,229.2109588,2.218383183,Saliva,Day 1
IgA,Omicron.BA.5,CV06HC007,525.616064,227.1820855,2.313633414,Saliva,Day 3
IgA,Omicron.BA.5,CV06HC007,455.5535026,159.1400038,2.862595776,Saliva,Day 15
IgA,Omicron.BA.5,CV06HC008,68.48988235,136.6794577,0.501098581,Saliva,Day 1
IgA,Omicron.BA.5,CV06HC008,82.99016092,167.8653288,0.494385359,Saliva,Day 3
IgA,Omicron.BA.5,CV06HC008,67.18813521,122.4535218,0.548682751,Saliva,Day 15
IgA,Omicron.BA.5,CV06HC009,205.2858295,191.1235297,1.074100242,Saliva,Day 1
IgA,Omicron.BA.5,CV06HC009,43.79498388,57.88113921,0.756636522,Saliva,Day 15
IgA,Omicron.BA.5,CV06HC010,411.7108599,371.6914669,1.107668313,Saliva,Day 1
IgA,Omicron.BA.5,CV06HC010,420.5287696,356.0700432,1.181028221,Saliva,Day 3
IgA,Omicron.BA.5,CV06HC010,367.2986403,480.4637172,0.764466966,Saliva,Day 15
IgA,Omicron.BA.5,CV06HC011,28.18053066,110.7916803,0.254356018,Saliva,Day 1
IgA,Omicron.BA.5,CV06HC011,21.20911061,98.9356323,0.214372821,Saliva,Day 3
IgA,Omicron.BA.5,CV06HC011,36.47988746,160.2839607,0.227595371,Saliva,Day 15
IgA,Omicron.BA.5,CV06HC012,105.8537692,200.9861228,0.526672029,Saliva,Day 1
IgA,Omicron.BA.5,CV06HC012,114.7485075,166.7603202,0.688104384,Saliva,Day 3
IgA,Omicron.BA.5,CV06HC012,85.65040181,135.2312017,0.63336272,Saliva,Day 15
IgA,Omicron.BA.5,CV06HC013,317.8541752,107.8962481,2.945924263,Saliva,Day 1
IgA,Omicron.BA.5,CV06HC013,291.9767546,97.24263674,3.002559004,Saliva,Day 3
IgA,Omicron.BA.5,CV06HC013,496.2223633,211.4348891,2.346927536,Saliva,Day 15
IgA,Omicron.BA.5,CV06HC014,59.39583981,394.0290255,0.150739758,Saliva,Day 1
IgA,Omicron.BA.5,CV06HC014,34.52758028,274.0812942,0.12597569,Saliva,Day 3
IgA,Omicron.BA.5,CV06HC014,21.57925126,68.01760316,0.317259801,Saliva,Day 15
IgA,Omicron.BA.5,CV06HC015,13.24875868,77.82903219,0.170229005,Saliva,Day 1
IgA,Omicron.BA.5,CV06HC015,15.03824217,71.93817738,0.20904397,Saliva,Day 3
IgA,Omicron.BA.5,CV06HC015,13.20798879,82.28268868,0.160519655,Saliva,Day 15
IgA,Omicron.BA.5,CV06UM001,35.66029942,227.0185272,0.157081009,Saliva,Day 1
IgA,Omicron.BA.5,CV06UM001,58.99638537,367.7913618,0.160407208,Saliva,Day 3
IgA,Omicron.BA.5,CV06UM001,73.97157781,328.3031229,0.225314877,Saliva,Day 15
IgA,Omicron.BA.5,CV06UM002,21.42858856,111.9712467,0.191375815,Saliva,Day 1
IgA,Omicron.BA.5,CV06UM002,27.41127739,144.8312606,0.189263542,Saliva,Day 3
IgA,Omicron.BA.5,CV06UM002,32.38880576,158.3104692,0.204590422,Saliva,Day 15
IgA,Omicron.BA.5,CV06UM003,5.8340825,37.25370366,0.156604094,Saliva,Day 1
IgA,Omicron.BA.5,CV06UM003,51.56795444,272.386805,0.189318842,Saliva,Day 3
IgA,Omicron.BA.5,CV06UM005,13.50772738,115.2057254,0.117248751,Saliva,Day 1
IgA,Omicron.BA.5,CV06UM005,9.383775286,75.63388477,0.124068403,Saliva,Day 3
IgA,Omicron.BA.5,CV06UM005,9.756733075,94.13283245,0.103648566,Saliva,Day 15
IgA,Omicron.BA.5,CV06UM007,58.82304009,97.3229442,0.604410816,Saliva,Day 1
IgA,Omicron.BA.5,CV06UM007,79.19495392,152.7883609,0.518331066,Saliva,Day 3
IgA,Omicron.BA.5,CV06UM007,63.48068085,107.7499584,0.589148077,Saliva,Day 15
IgA,Omicron.BA.5,CV06UM008,19.10777041,65.67061286,0.29096379,Saliva,Day 1
IgA,Omicron.BA.5,CV06UM008,26.11124062,78.55207065,0.332406777,Saliva,Day 3
IgA,Omicron.BA.5,CV06UM008,45.5960055,179.4892977,0.25403189,Saliva,Day 15
IgA,Omicron.BA.5,CV06UM009,31.42310107,91.81065835,0.342259838,Saliva,Day 1
IgA,Omicron.BA.5,CV06UM009,29.73086423,79.50319324,0.373958114,Saliva,Day 3
IgA,Omicron.BA.5,CV06UM009,30.63088956,102.0980423,0.300014465,Saliva,Day 15
IgA,Omicron.BA.5,CV06UM010,9.882839224,36.53781095,0.270482521,Saliva,Day 1
IgA,Omicron.BA.5,CV06UM010,8.955863805,32.85383739,0.272597192,Saliva,Day 15
IgA,Omicron.BA.5,CV06UM011,5.255942673,28.3442293,0.185432548,Saliva,Day 1
IgA,Omicron.BA.5,CV06UM011,6.318377611,32.97554514,0.19160798,Saliva,Day 3
IgA,Omicron.BA.5,CV06UM011,6.755289769,28.53751187,0.236716144,Saliva,Day 15
IgA,Omicron.BA.5,CV06UM012,8.890669709,71.17492423,0.124912949,Saliva,Day 1
IgA,Omicron.BA.5,CV06UM012,37.40259534,180.5554685,0.207152936,Saliva,Day 3
IgA,Omicron.BA.5,CV06UM012,14.02559168,82.59328556,0.169815156,Saliva,Day 15
IgA,Omicron.BA.5,CV06UM013,190.994258,122.6279461,1.557510047,Saliva,Day 1
IgA,Omicron.BA.5,CV06UM013,159.0891888,102.053998,1.558872674,Saliva,Day 3
IgA,Omicron.BA.5,CV06UM013,120.3693342,91.64684259,1.31340405,Saliva,Day 15
IgA,Omicron.BA.5,CV06UM014,20.17407629,47.8454334,0.42165103,Saliva,Day 1
IgA,Omicron.BA.5,CV06UM014,22.65061236,52.95478859,0.427734922,Saliva,Day 3
IgA,Omicron.BA.5,CV06UM014,36.54228763,88.06333154,0.414954635,Saliva,Day 15
IgA,Omicron.BA.5,CV06UM015,47.58954443,127.889732,0.37211388,Saliva,Day 1
IgA,Omicron.BA.5,CV06UM015,35.57430134,95.39832929,0.372902771,Saliva,Day 3
IgA,Omicron.BA.5,CV06UM015,39.11884004,104.955536,0.372718215,Saliva,Day 15
IgA,RBD,CV06BW010,340.6268776,230.7617473,1.476097671,Saliva,Day 1
IgA,RBD,CV06BW010,305.9346479,174.3993355,1.754219115,Saliva,Day 3
IgA,RBD,CV06BW010,411.9865849,220.1363544,1.871506349,Saliva,Day 15
IgA,RBD,CV06BW011,133.8787464,173.1486164,0.773201364,Saliva,Day 1
IgA,RBD,CV06BW011,289.2815504,430.30605,0.672269308,Saliva,Day 3
IgA,RBD,CV06BW011,151.2581665,190.5064254,0.793979343,Saliva,Day 15
IgA,RBD,CV06BW012,45.36326758,48.4936912,0.935446786,Saliva,Day 1
IgA,RBD,CV06BW012,61.97209088,47.94701824,1.292511884,Saliva,Day 3
IgA,RBD,CV06BW012,365.1493911,164.1005912,2.225155854,Saliva,Day 15
IgA,RBD,CV06BW013,64.84298942,276.9350021,0.234145157,Saliva,Day 1
IgA,RBD,CV06BW013,125.4812287,358.390246,0.350124564,Saliva,Day 3
IgA,RBD,CV06BW013,35.15363124,89.42131581,0.393123619,Saliva,Day 15
IgA,RBD,CV06BW015,29.82196851,96.31346863,0.309634456,Saliva,Day 1
IgA,RBD,CV06BW015,22.89944738,80.03193773,0.286128863,Saliva,Day 3
IgA,RBD,CV06BW015,84.18989692,93.68461384,0.898652334,Saliva,Day 15
IgA,RBD,CV06FH001,285.6155825,129.8128362,2.200210632,Saliva,Day 1
IgA,RBD,CV06FH001,321.6599805,176.5019327,1.822416194,Saliva,Day 3
IgA,RBD,CV06FH001,233.7487114,117.7868014,1.984506825,Saliva,Day 15
IgA,RBD,CV06FH002,52.01257168,249.4050766,0.208546564,Saliva,Day 1
IgA,RBD,CV06FH002,57.14789085,218.0614983,0.262072357,Saliva,Day 3
IgA,RBD,CV06FH003,471.6634477,90.57555916,5.207403102,Saliva,Day 1
IgA,RBD,CV06FH003,455.3057549,86.03460641,5.292123412,Saliva,Day 3
IgA,RBD,CV06FH003,295.015192,64.05192596,4.60587543,Saliva,Day 15
IgA,RBD,CV06FH005,187.2596865,156.9473057,1.193137312,Saliva,Day 1
IgA,RBD,CV06FH005,69.56163669,50.15082534,1.387048692,Saliva,Day 3
IgA,RBD,CV06FH005,51.83947191,34.65745626,1.495766785,Saliva,Day 15
IgA,RBD,CV06FH007,57.29309658,201.5798483,0.284220358,Saliva,Day 1
IgA,RBD,CV06FH007,68.03709416,140.5776317,0.483982362,Saliva,Day 3
IgA,RBD,CV06FH007,34.00882346,99.37767989,0.342217926,Saliva,Day 15
IgA,RBD,CV06FH008,62.45512437,136.5157095,0.457494047,Saliva,Day 1
IgA,RBD,CV06FH008,10.86794803,36.15742445,0.300573069,Saliva,Day 3
IgA,RBD,CV06FH008,88.30958517,266.9642294,0.330791827,Saliva,Day 15
IgA,RBD,CV06FH009,67.07255855,157.6046521,0.425574738,Saliva,Day 1
IgA,RBD,CV06FH009,109.6479065,222.7951411,0.492146759,Saliva,Day 3
IgA,RBD,CV06FH009,63.96578263,234.9584423,0.272242963,Saliva,Day 15
IgA,RBD,CV06FH010,19.86195318,53.95745626,0.368103957,Saliva,Day 1
IgA,RBD,CV06FH010,26.36683127,56.3635204,0.467799582,Saliva,Day 3
IgA,RBD,CV06FH010,14.64368069,38.12074261,0.384139439,Saliva,Day 15
IgA,RBD,CV06FH011,106.246139,100.0368142,1.062070397,Saliva,Day 1
IgA,RBD,CV06FH011,138.901741,83.17570477,1.669979731,Saliva,Day 3
IgA,RBD,CV06FH011,68.17319279,59.25111099,1.150580836,Saliva,Day 15
IgA,RBD,CV06HC001,21.93294394,37.6324244,0.582820381,Saliva,Day 1
IgA,RBD,CV06HC001,64.14912735,77.93274639,0.823134437,Saliva,Day 3
IgA,RBD,CV06HC001,13.31063069,27.24903508,0.488480809,Saliva,Day 15
IgA,RBD,CV06HC002,15.67821431,70.48235886,0.22244168,Saliva,Day 1
IgA,RBD,CV06HC002,14.8681141,67.91869474,0.21891048,Saliva,Day 3
IgA,RBD,CV06HC002,10.93073849,64.7012272,0.168941749,Saliva,Day 15
IgA,RBD,CV06HC003,50.67510899,118.4393127,0.427857169,Saliva,Day 1
IgA,RBD,CV06HC003,46.66753508,88.28370683,0.528608695,Saliva,Day 3
IgA,RBD,CV06HC003,78.892073,167.8149426,0.470113518,Saliva,Day 15
IgA,RBD,CV06HC004,14.05729905,162.9348015,0.086275608,Saliva,Day 1
IgA,RBD,CV06HC004,33.98928428,94.84276416,0.358375091,Saliva,Day 3
IgA,RBD,CV06HC004,65.87624492,164.7573918,0.399837872,Saliva,Day 15
IgA,RBD,CV06HC005,91.59551548,97.63320173,0.938159498,Saliva,Day 1
IgA,RBD,CV06HC005,186.4284878,137.2825725,1.357990926,Saliva,Day 3
IgA,RBD,CV06HC005,74.95801476,100.6286969,0.744897003,Saliva,Day 15
IgA,RBD,CV06HC007,397.715349,229.2109588,1.735149798,Saliva,Day 1
IgA,RBD,CV06HC007,319.66519,227.1820855,1.407088016,Saliva,Day 3
IgA,RBD,CV06HC007,296.5382503,159.1400038,1.863379686,Saliva,Day 15
IgA,RBD,CV06HC008,56.83870052,136.6794577,0.41585401,Saliva,Day 1
IgA,RBD,CV06HC008,56.44885492,167.8653288,0.336274651,Saliva,Day 3
IgA,RBD,CV06HC008,52.52721815,122.4535218,0.42895637,Saliva,Day 15
IgA,RBD,CV06HC009,287.2005307,191.1235297,1.502695828,Saliva,Day 1
IgA,RBD,CV06HC009,64.38447547,57.88113921,1.112356743,Saliva,Day 15
IgA,RBD,CV06HC010,636.9554973,371.6914669,1.713667259,Saliva,Day 1
IgA,RBD,CV06HC010,661.9239885,356.0700432,1.858971293,Saliva,Day 3
IgA,RBD,CV06HC010,613.3220745,480.4637172,1.276521104,Saliva,Day 15
IgA,RBD,CV06HC011,50.41072012,110.7916803,0.455004563,Saliva,Day 1
IgA,RBD,CV06HC011,38.09607001,98.9356323,0.385059145,Saliva,Day 3
IgA,RBD,CV06HC011,61.91852477,160.2839607,0.386305183,Saliva,Day 15
IgA,RBD,CV06HC012,55.07105194,200.9861228,0.274004251,Saliva,Day 1
IgA,RBD,CV06HC012,77.27484086,166.7603202,0.463388657,Saliva,Day 3
IgA,RBD,CV06HC012,58.38244686,135.2312017,0.431723198,Saliva,Day 15
IgA,RBD,CV06HC013,84.81713324,107.8962481,0.786099005,Saliva,Day 1
IgA,RBD,CV06HC013,80.84388205,97.24263674,0.831362505,Saliva,Day 3
IgA,RBD,CV06HC013,131.1142068,211.4348891,0.620116233,Saliva,Day 15
IgA,RBD,CV06HC014,84.00598807,394.0290255,0.213197462,Saliva,Day 1
IgA,RBD,CV06HC014,47.00988264,274.0812942,0.171518026,Saliva,Day 3
IgA,RBD,CV06HC014,30.97105175,68.01760316,0.45533877,Saliva,Day 15
IgA,RBD,CV06HC015,19.7251637,77.82903219,0.253442233,Saliva,Day 1
IgA,RBD,CV06HC015,18.7171086,71.93817738,0.260183247,Saliva,Day 3
IgA,RBD,CV06HC015,17.5346916,82.28268868,0.213103046,Saliva,Day 15
IgA,RBD,CV06UM001,302.6105026,227.0185272,1.33297712,Saliva,Day 1
IgA,RBD,CV06UM001,485.2204124,367.7913618,1.319281698,Saliva,Day 3
IgA,RBD,CV06UM001,770.0274838,328.3031229,2.345477182,Saliva,Day 15
IgA,RBD,CV06UM002,65.79153428,111.9712467,0.587575259,Saliva,Day 1
IgA,RBD,CV06UM002,77.80337453,144.8312606,0.537200147,Saliva,Day 3
IgA,RBD,CV06UM002,85.64947612,158.3104692,0.541022186,Saliva,Day 15
IgA,RBD,CV06UM003,27.88362333,37.25370366,0.748479227,Saliva,Day 1
IgA,RBD,CV06UM003,241.460526,272.386805,0.886461905,Saliva,Day 3
IgA,RBD,CV06UM005,29.85530357,115.2057254,0.259147742,Saliva,Day 1
IgA,RBD,CV06UM005,24.23445233,75.63388477,0.320417924,Saliva,Day 3
IgA,RBD,CV06UM005,20.55441344,94.13283245,0.218355412,Saliva,Day 15
IgA,RBD,CV06UM007,48.96488778,97.3229442,0.503117617,Saliva,Day 1
IgA,RBD,CV06UM007,42.74368119,152.7883609,0.279757443,Saliva,Day 3
IgA,RBD,CV06UM007,37.88877061,107.7499584,0.351636058,Saliva,Day 15
IgA,RBD,CV06UM008,33.89482211,65.67061286,0.516133787,Saliva,Day 1
IgA,RBD,CV06UM008,42.1216194,78.55207065,0.53622545,Saliva,Day 3
IgA,RBD,CV06UM008,82.32459369,179.4892977,0.45866018,Saliva,Day 15
IgA,RBD,CV06UM009,30.31216125,91.81065835,0.330159502,Saliva,Day 1
IgA,RBD,CV06UM009,36.05806051,79.50319324,0.453542292,Saliva,Day 3
IgA,RBD,CV06UM009,34.92037168,102.0980423,0.342027828,Saliva,Day 15
IgA,RBD,CV06UM010,15.7050531,36.53781095,0.429830159,Saliva,Day 1
IgA,RBD,CV06UM010,13.55980757,32.85383739,0.412731317,Saliva,Day 15
IgA,RBD,CV06UM011,7.964639024,28.3442293,0.280996846,Saliva,Day 1
IgA,RBD,CV06UM011,9.680637258,32.97554514,0.293570196,Saliva,Day 3
IgA,RBD,CV06UM011,11.85501816,28.53751187,0.415418773,Saliva,Day 15
IgA,RBD,CV06UM012,12.80159309,71.17492423,0.179861001,Saliva,Day 1
IgA,RBD,CV06UM012,68.67512049,180.5554685,0.380354697,Saliva,Day 3
IgA,RBD,CV06UM012,29.60617115,82.59328556,0.358457361,Saliva,Day 15
IgA,RBD,CV06UM013,271.1860037,122.6279461,2.211453525,Saliva,Day 1
IgA,RBD,CV06UM013,241.8305113,102.053998,2.3696329,Saliva,Day 3
IgA,RBD,CV06UM013,197.8418988,91.64684259,2.158742114,Saliva,Day 15
IgA,RBD,CV06UM014,46.91319586,47.8454334,0.980515642,Saliva,Day 1
IgA,RBD,CV06UM014,50.64527067,52.95478859,0.956386986,Saliva,Day 3
IgA,RBD,CV06UM014,78.79136768,88.06333154,0.894712547,Saliva,Day 15
IgA,RBD,CV06UM015,40.58694019,127.889732,0.317358865,Saliva,Day 1
IgA,RBD,CV06UM015,30.68165177,95.39832929,0.321616238,Saliva,Day 3
IgA,RBD,CV06UM015,39.46377846,104.955536,0.376004735,Saliva,Day 15
IgA,Spike,CV06BW003,24.56473263,120.2366202,0.204303253,Saliva,Day 1
IgA,Spike,CV06BW003,33.28485422,145.231263,0.229185187,Saliva,Day 3
IgA,Spike,CV06BW003,28.26834011,160.9654703,0.175617417,Saliva,Day 15
IgA,Spike,CV06BW008,103.5855662,80.40322785,1.288325966,Saliva,Day 1
IgA,Spike,CV06BW008,239.207253,186.0946692,1.285406261,Saliva,Day 3
IgA,Spike,CV06BW008,143.7890461,115.7602602,1.242127876,Saliva,Day 15
IgA,Spike,CV06BW010,404.8182827,230.7617473,1.754269446,Saliva,Day 1
IgA,Spike,CV06BW010,320.1052416,174.3993355,1.835472828,Saliva,Day 3
IgA,Spike,CV06BW010,391.9254003,220.1363544,1.780375629,Saliva,Day 15
IgA,Spike,CV06BW011,70.30329292,173.1486164,0.406028615,Saliva,Day 1
IgA,Spike,CV06BW011,167.0490058,430.30605,0.388209754,Saliva,Day 3
IgA,Spike,CV06BW011,81.65674364,190.5064254,0.428629866,Saliva,Day 15
IgA,Spike,CV06BW012,54.25759714,48.4936912,1.118858883,Saliva,Day 1
IgA,Spike,CV06BW012,74.9222098,47.94701824,1.562604153,Saliva,Day 3
IgA,Spike,CV06BW012,150.1782962,164.1005912,0.915159995,Saliva,Day 15
IgA,Spike,CV06BW013,88.84697486,276.9350021,0.320822483,Saliva,Day 1
IgA,Spike,CV06BW013,120.7848626,358.390246,0.337020508,Saliva,Day 3
IgA,Spike,CV06BW013,40.03436475,89.42131581,0.447704939,Saliva,Day 15
IgA,Spike,CV06BW015,30.19458686,96.31346863,0.313503265,Saliva,Day 1
IgA,Spike,CV06BW015,23.60077817,80.03193773,0.294892,Saliva,Day 3
IgA,Spike,CV06BW015,66.77787301,93.68461384,0.712794452,Saliva,Day 15
IgA,Spike,CV06FH001,239.4626545,129.8128362,1.844676239,Saliva,Day 1
IgA,Spike,CV06FH001,279.3272594,176.5019327,1.582573375,Saliva,Day 3
IgA,Spike,CV06FH001,189.7630512,117.7868014,1.611072284,Saliva,Day 15
IgA,Spike,CV06FH002,24.17672813,249.4050766,0.096937594,Saliva,Day 1
IgA,Spike,CV06FH002,30.56988338,218.0614983,0.140189275,Saliva,Day 3
IgA,Spike,CV06FH003,287.5661984,90.57555916,3.174876326,Saliva,Day 1
IgA,Spike,CV06FH003,280.3420368,86.03460641,3.258479912,Saliva,Day 3
IgA,Spike,CV06FH003,185.2477059,64.05192596,2.89214888,Saliva,Day 15
IgA,Spike,CV06FH005,338.0869259,156.9473057,2.15414291,Saliva,Day 1
IgA,Spike,CV06FH005,109.0531508,50.15082534,2.174503612,Saliva,Day 3
IgA,Spike,CV06FH005,89.3004482,34.65745626,2.576659047,Saliva,Day 15
IgA,Spike,CV06FH007,71.8074483,201.5798483,0.356223347,Saliva,Day 1
IgA,Spike,CV06FH007,72.4670593,140.5776317,0.515494951,Saliva,Day 3
IgA,Spike,CV06FH007,37.92628577,99.37767989,0.381637867,Saliva,Day 15
IgA,Spike,CV06FH008,55.52012141,136.5157095,0.406694011,Saliva,Day 1
IgA,Spike,CV06FH008,8.489930615,36.15742445,0.234804628,Saliva,Day 3
IgA,Spike,CV06FH008,82.42965419,266.9642294,0.308766663,Saliva,Day 15
IgA,Spike,CV06FH009,78.10886858,157.6046521,0.495600019,Saliva,Day 1
IgA,Spike,CV06FH009,111.1132465,222.7951411,0.498723832,Saliva,Day 3
IgA,Spike,CV06FH009,89.70355543,234.9584423,0.381784772,Saliva,Day 15
IgA,Spike,CV06FH010,26.11842943,53.95745626,0.484055981,Saliva,Day 1
IgA,Spike,CV06FH010,31.36362813,56.3635204,0.556452612,Saliva,Day 3
IgA,Spike,CV06FH010,17.19246056,38.12074261,0.451000148,Saliva,Day 15
IgA,Spike,CV06FH011,114.9011782,100.0368142,1.148588938,Saliva,Day 1
IgA,Spike,CV06FH011,134.3079936,83.17570477,1.614750292,Saliva,Day 3
IgA,Spike,CV06FH011,72.06122787,59.25111099,1.21620045,Saliva,Day 15
IgA,Spike,CV06HC001,15.60133274,37.6324244,0.414571556,Saliva,Day 1
IgA,Spike,CV06HC001,28.05452903,77.93274639,0.359983837,Saliva,Day 3
IgA,Spike,CV06HC001,7.782355041,27.24903508,0.285601124,Saliva,Day 15
IgA,Spike,CV06HC002,12.92486522,70.48235886,0.183377308,Saliva,Day 1
IgA,Spike,CV06HC002,10.85410903,67.91869474,0.15981033,Saliva,Day 3
IgA,Spike,CV06HC002,8.08467333,64.7012272,0.124953941,Saliva,Day 15
IgA,Spike,CV06HC003,42.09862032,118.4393127,0.355444652,Saliva,Day 1
IgA,Spike,CV06HC003,32.34614287,88.28370683,0.36638859,Saliva,Day 3
IgA,Spike,CV06HC003,56.2015623,167.8149426,0.334902014,Saliva,Day 15
IgA,Spike,CV06HC004,20.61303765,162.9348015,0.126510957,Saliva,Day 1
IgA,Spike,CV06HC004,40.4124274,94.84276416,0.426099215,Saliva,Day 3
IgA,Spike,CV06HC004,68.92975698,164.7573918,0.418371256,Saliva,Day 15
IgA,Spike,CV06HC005,96.61954801,97.63320173,0.989617736,Saliva,Day 1
IgA,Spike,CV06HC005,147.8912321,137.2825725,1.077276084,Saliva,Day 3
IgA,Spike,CV06HC005,71.72269061,100.6286969,0.712745894,Saliva,Day 15
IgA,Spike,CV06HC007,705.2743132,229.2109588,3.076965939,Saliva,Day 1
IgA,Spike,CV06HC007,801.454782,227.1820855,3.527808015,Saliva,Day 3
IgA,Spike,CV06HC007,680.5253412,159.1400038,4.276268224,Saliva,Day 15
IgA,Spike,CV06HC008,64.71047709,136.6794577,0.473446985,Saliva,Day 1
IgA,Spike,CV06HC008,81.35287243,167.8653288,0.484631776,Saliva,Day 3
IgA,Spike,CV06HC008,63.13198973,122.4535218,0.515558792,Saliva,Day 15
IgA,Spike,CV06HC009,210.9644828,191.1235297,1.103812195,Saliva,Day 1
IgA,Spike,CV06HC009,57.77454846,57.88113921,0.998158455,Saliva,Day 15
IgA,Spike,CV06HC010,663.5974665,371.6914669,1.785344905,Saliva,Day 1
IgA,Spike,CV06HC010,703.6821844,356.0700432,1.976246522,Saliva,Day 3
IgA,Spike,CV06HC010,627.4388454,480.4637172,1.305902658,Saliva,Day 15
IgA,Spike,CV06HC011,54.6690997,110.7916803,0.493440478,Saliva,Day 1
IgA,Spike,CV06HC011,41.38803607,98.9356323,0.418332962,Saliva,Day 3
IgA,Spike,CV06HC011,71.86574232,160.2839607,0.448365152,Saliva,Day 15
IgA,Spike,CV06HC012,58.4271279,200.9861228,0.290702299,Saliva,Day 1
IgA,Spike,CV06HC012,56.84136139,166.7603202,0.340856634,Saliva,Day 3
IgA,Spike,CV06HC012,47.78473865,135.2312017,0.353355868,Saliva,Day 15
IgA,Spike,CV06HC013,523.9029833,107.8962481,4.855618175,Saliva,Day 1
IgA,Spike,CV06HC013,477.1361597,97.24263674,4.906655925,Saliva,Day 3
IgA,Spike,CV06HC013,743.1107158,211.4348891,3.514607825,Saliva,Day 15
IgA,Spike,CV06HC014,100.2802924,394.0290255,0.25449976,Saliva,Day 1
IgA,Spike,CV06HC014,52.76690255,274.0812942,0.192522816,Saliva,Day 3
IgA,Spike,CV06HC014,39.3345161,68.01760316,0.578299062,Saliva,Day 15
IgA,Spike,CV06HC015,15.53615965,77.82903219,0.199619078,Saliva,Day 1
IgA,Spike,CV06HC015,21.70826514,71.93817738,0.30176279,Saliva,Day 3
IgA,Spike,CV06HC015,18.61798624,82.28268868,0.226268569,Saliva,Day 15
IgA,Spike,CV06UM001,139.1256011,227.0185272,0.612838092,Saliva,Day 1
IgA,Spike,CV06UM001,271.7887481,367.7913618,0.738975344,Saliva,Day 3
IgA,Spike,CV06UM001,313.9614079,328.3031229,0.95631563,Saliva,Day 15
IgA,Spike,CV06UM002,40.43291029,111.9712467,0.361100831,Saliva,Day 1
IgA,Spike,CV06UM002,53.88639922,144.8312606,0.372063317,Saliva,Day 3
IgA,Spike,CV06UM002,59.18138432,158.3104692,0.373831147,Saliva,Day 15
IgA,Spike,CV06UM003,21.61083673,37.25370366,0.580099013,Saliva,Day 1
IgA,Spike,CV06UM003,174.9594638,272.386805,0.642319894,Saliva,Day 3
IgA,Spike,CV06UM005,20.80891117,115.2057254,0.180623932,Saliva,Day 1
IgA,Spike,CV06UM005,14.85020472,75.63388477,0.196343276,Saliva,Day 3
IgA,Spike,CV06UM005,17.0487993,94.13283245,0.181114271,Saliva,Day 15
IgA,Spike,CV06UM007,27.74129399,97.3229442,0.285043719,Saliva,Day 1
IgA,Spike,CV06UM007,43.22100845,152.7883609,0.282881551,Saliva,Day 3
IgA,Spike,CV06UM007,34.46486781,107.7499584,0.319859685,Saliva,Day 15
IgA,Spike,CV06UM008,36.54756521,65.67061286,0.556528462,Saliva,Day 1
IgA,Spike,CV06UM008,50.53867609,78.55207065,0.643378025,Saliva,Day 3
IgA,Spike,CV06UM008,84.00243038,179.4892977,0.468008017,Saliva,Day 15
IgA,Spike,CV06UM009,34.64544618,91.81065835,0.377357562,Saliva,Day 1
IgA,Spike,CV06UM009,37.10845322,79.50319324,0.466754249,Saliva,Day 3
IgA,Spike,CV06UM009,35.98210366,102.0980423,0.35242697,Saliva,Day 15
IgA,Spike,CV06UM010,18.32617538,36.53781095,0.501567415,Saliva,Day 1
IgA,Spike,CV06UM010,17.11821427,32.85383739,0.521041547,Saliva,Day 15
IgA,Spike,CV06UM011,6.985227278,28.3442293,0.24644266,Saliva,Day 1
IgA,Spike,CV06UM011,8.889344308,32.97554514,0.269573839,Saliva,Day 3
IgA,Spike,CV06UM011,8.349414652,28.53751187,0.292576826,Saliva,Day 15
IgA,Spike,CV06UM012,8.587696033,71.17492423,0.120656202,Saliva,Day 1
IgA,Spike,CV06UM012,33.01034356,180.5554685,0.182826606,Saliva,Day 3
IgA,Spike,CV06UM012,13.5824275,82.59328556,0.164449536,Saliva,Day 15
IgA,Spike,CV06UM013,184.3667921,122.6279461,1.503464732,Saliva,Day 1
IgA,Spike,CV06UM013,157.1772916,102.053998,1.540138502,Saliva,Day 3
IgA,Spike,CV06UM013,116.7696639,91.64684259,1.274126425,Saliva,Day 15
IgA,Spike,CV06UM014,22.59992121,47.8454334,0.472352733,Saliva,Day 1
IgA,Spike,CV06UM014,24.23619451,52.95478859,0.457677108,Saliva,Day 3
IgA,Spike,CV06UM014,37.55467139,88.06333154,0.426450723,Saliva,Day 15
IgA,Spike,CV06UM015,41.51156473,127.889732,0.324588722,Saliva,Day 1
IgA,Spike,CV06UM015,31.30587091,95.39832929,0.32815953,Saliva,Day 3
IgA,Spike,CV06UM015,33.23440361,104.955536,0.316652221,Saliva,Day 15
IgG,RBD,CV06BW003,2566.111123,13.07232162,196.3011008,Left,Day 1
IgA,RBD,CV06BW003,31.51483595,35.7687025,0.881072942,Left,Day 1
IgA,Beta,CV06BW003,35.62208993,35.7687025,0.995901093,Left,Day 1
IgA,Spike,CV06BW003,42.32987932,35.7687025,1.183433459,Left,Day 1
IgG,Delta,CV06BW003,3625.153786,13.07232162,277.3152232,Left,Day 1
IgG,Omicron.BA.1,CV06BW003,1332.951169,13.07232162,101.9674399,Left,Day 1
IgG,Omicron.BA.5,CV06BW003,1955.47815,13.07232162,149.5892013,Left,Day 1
IgG,Beta,CV06BW003,3226.130188,13.07232162,246.7909131,Left,Day 1
IgG,Gamma,CV06BW003,3183.337048,13.07232162,243.5173446,Left,Day 1
IgA,Alpha,CV06BW003,38.4087868,35.7687025,1.073809899,Left,Day 1
IgG,Spike,CV06BW003,4004.605738,13.07232162,306.3423511,Left,Day 1
IgA,Omicron.BA.5,CV06BW003,78.66197614,35.7687025,2.1991845,Left,Day 1
IgA,Gamma,CV06BW003,38.85644806,35.7687025,1.086325344,Left,Day 1
IgA,Delta,CV06BW003,50.03027812,35.7687025,1.398716605,Left,Day 1
IgG,Alpha,CV06BW003,3646.447431,13.07232162,278.9441338,Left,Day 1
IgA,Omicron.BA.1,CV06BW003,21.9178527,35.7687025,0.612766222,Left,Day 1
IgA,Omicron.BA.1,CV06BW003,34.53622752,37.45433229,0.922088992,Right,Day 1
IgG,Delta,CV06BW003,7650.062337,29.19400741,262.042214,Right,Day 1
IgG,Gamma,CV06BW003,6419.720095,29.19400741,219.8985568,Right,Day 1
IgG,RBD,CV06BW003,4967.913844,29.19400741,170.1689588,Right,Day 1
IgG,Spike,CV06BW003,8209.211997,29.19400741,281.1951056,Right,Day 1
IgA,Spike,CV06BW003,74.08562809,37.45433229,1.9780256,Right,Day 1
IgG,Omicron.BA.5,CV06BW003,4161.444903,29.19400741,142.5444902,Right,Day 1
IgG,Omicron.BA.1,CV06BW003,3028.701422,29.19400741,103.7439424,Right,Day 1
IgG,Beta,CV06BW003,6725.532115,29.19400741,230.3737209,Right,Day 1
IgA,Delta,CV06BW003,79.36857371,37.45433229,2.119075921,Right,Day 1
IgA,Gamma,CV06BW003,66.36861921,37.45433229,1.771987782,Right,Day 1
IgA,RBD,CV06BW003,55.97192411,37.45433229,1.494404537,Right,Day 1
IgA,Beta,CV06BW003,61.05460358,37.45433229,1.630107917,Right,Day 1
IgA,Alpha,CV06BW003,66.9388442,37.45433229,1.787212322,Right,Day 1
IgA,Omicron.BA.5,CV06BW003,109.533125,37.45433229,2.924444737,Right,Day 1
IgG,Alpha,CV06BW003,7476.428836,29.19400741,256.0946406,Right,Day 1
IgG,Alpha,CV06BW003,6081.50899,20.6290518,294.8031276,PooledNostril,Day 1
IgG,Delta,CV06BW003,6084.070876,20.6290518,294.9273158,PooledNostril,Day 1
IgG,Omicron.BA.1,CV06BW003,2231.419146,20.6290518,108.1687693,PooledNostril,Day 1
IgG,Beta,CV06BW003,5271.473749,20.6290518,255.5364056,PooledNostril,Day 1
IgG,Gamma,CV06BW003,5316.593714,20.6290518,257.7236106,PooledNostril,Day 1
IgG,Omicron.BA.5,CV06BW003,3247.912569,20.6290518,157.4436188,PooledNostril,Day 1
IgG,RBD,CV06BW003,3976.892048,20.6290518,192.7811364,PooledNostril,Day 1
IgA,Alpha,CV06BW003,52.22509432,35.15377398,1.485618425,PooledNostril,Day 1
IgG,Spike,CV06BW003,6586.999114,20.6290518,319.3069259,PooledNostril,Day 1
IgA,Beta,CV06BW003,45.88674285,35.15377398,1.30531484,PooledNostril,Day 1
IgA,Delta,CV06BW003,64.52718638,35.15377398,1.835569246,PooledNostril,Day 1
IgA,Omicron.BA.1,CV06BW003,27.16294517,35.15377398,0.772689305,PooledNostril,Day 1
IgA,Gamma,CV06BW003,48.16658891,35.15377398,1.370168362,PooledNostril,Day 1
IgA,Omicron.BA.5,CV06BW003,95.43378298,35.15377398,2.714752136,PooledNostril,Day 1
IgA,RBD,CV06BW003,38.1268866,35.15377398,1.084574493,PooledNostril,Day 1
IgA,Spike,CV06BW003,57.05481521,35.15377398,1.623006829,PooledNostril,Day 1
IgG,Alpha,CV06BW003,12063.11728,47.52491576,253.8272208,PooledNostril,Day 3
IgG,Delta,CV06BW003,11609.20953,47.52491576,244.2762779,PooledNostril,Day 3
IgG,Beta,CV06BW003,10897.32602,47.52491576,229.2971138,PooledNostril,Day 3
IgG,Gamma,CV06BW003,10373.0384,47.52491576,218.2652663,PooledNostril,Day 3
IgG,Omicron.BA.1,CV06BW003,4223.569917,47.52491576,88.870645,PooledNostril,Day 3
IgG,Omicron.BA.5,CV06BW003,5835.257762,47.52491576,122.7831269,PooledNostril,Day 3
IgG,RBD,CV06BW003,8437.877489,47.52491576,177.5463955,PooledNostril,Day 3
IgG,Spike,CV06BW003,13122.42464,47.52491576,276.1167365,PooledNostril,Day 3
IgA,Alpha,CV06BW003,73.02774913,74.55322216,0.979538469,PooledNostril,Day 3
IgA,Beta,CV06BW003,64.68380632,74.55322216,0.867619191,PooledNostril,Day 3
IgA,Delta,CV06BW003,104.2220187,74.55322216,1.397954585,PooledNostril,Day 3
IgA,Omicron.BA.1,CV06BW003,43.69918235,74.55322216,0.586147467,PooledNostril,Day 3
IgA,RBD,CV06BW003,64.38312426,74.55322216,0.863586072,PooledNostril,Day 3
IgA,Gamma,CV06BW003,71.87656633,74.55322216,0.964097382,PooledNostril,Day 3
IgA,Omicron.BA.5,CV06BW003,143.3140454,74.55322216,1.922305183,PooledNostril,Day 3
IgA,Spike,CV06BW003,89.81504747,74.55322216,1.204710472,PooledNostril,Day 3
IgG,Alpha,CV06BW003,18420.77324,79.94846456,230.4080928,PooledNostril,Day 15
IgG,Beta,CV06BW003,13552.87564,79.94846456,169.5201492,PooledNostril,Day 15
IgG,Delta,CV06BW003,18017.31615,79.94846456,225.3616283,PooledNostril,Day 15
IgG,Gamma,CV06BW003,14834.44722,79.94846456,185.5501204,PooledNostril,Day 15
IgG,Omicron.BA.1,CV06BW003,6126.482272,79.94846456,76.63039316,PooledNostril,Day 15
IgG,Omicron.BA.5,CV06BW003,8698.300832,79.94846456,108.7988478,PooledNostril,Day 15
IgG,RBD,CV06BW003,13412.85027,79.94846456,167.7687038,PooledNostril,Day 15
IgG,Spike,CV06BW003,19529.61357,79.94846456,244.2775316,PooledNostril,Day 15
IgA,Alpha,CV06BW003,177.7833061,153.7133873,1.156589606,PooledNostril,Day 15
IgA,Beta,CV06BW003,155.5535483,153.7133873,1.011971377,PooledNostril,Day 15
IgA,Delta,CV06BW003,239.6716632,153.7133873,1.559211383,PooledNostril,Day 15
IgA,Spike,CV06BW003,213.1480871,153.7133873,1.386659229,PooledNostril,Day 15
IgA,Omicron.BA.5,CV06BW003,307.5204678,153.7133873,2.000609531,PooledNostril,Day 15
IgA,Omicron.BA.1,CV06BW003,86.13038572,153.7133873,0.560331063,PooledNostril,Day 15
IgA,Gamma,CV06BW003,165.8509893,153.7133873,1.078962556,PooledNostril,Day 15
IgA,RBD,CV06BW003,148.0889729,153.7133873,0.963409729,PooledNostril,Day 15
IgG,Beta,CV06BW008,1289.775392,53.32899136,24.18525757,Left,Day 1
IgG,Alpha,CV06BW008,1733.483094,53.32899136,32.50545435,Left,Day 1
IgA,Omicron.BA.5,CV06BW008,235.1342475,76.75680585,3.063366759,Left,Day 1
IgA,Gamma,CV06BW008,1771.027586,76.75680585,23.07323196,Left,Day 1
IgG,Delta,CV06BW008,1696.672901,53.32899136,31.81520704,Left,Day 1
IgG,Omicron.BA.5,CV06BW008,408.319104,53.32899136,7.65660654,Left,Day 1
IgA,Delta,CV06BW008,345.7760616,76.75680585,4.50482609,Left,Day 1
IgG,Omicron.BA.1,CV06BW008,414.2892888,53.32899136,7.768556619,Left,Day 1
IgA,Alpha,CV06BW008,690.0423207,76.75680585,8.989982231,Left,Day 1
IgG,Spike,CV06BW008,2092.518975,53.32899136,39.23792523,Left,Day 1
IgA,Spike,CV06BW008,1187.593909,76.75680585,15.47216427,Left,Day 1
IgA,RBD,CV06BW008,431.5779226,76.75680585,5.622666522,Left,Day 1
IgG,Gamma,CV06BW008,1481.676447,53.32899136,27.78369531,Left,Day 1
IgA,Beta,CV06BW008,1744.353261,76.75680585,22.72571457,Left,Day 1
IgG,RBD,CV06BW008,1148.883751,53.32899136,21.54332421,Left,Day 1
IgA,Omicron.BA.1,CV06BW008,568.3152498,76.75680585,7.404102392,Left,Day 1
IgA,Gamma,CV06BW008,352.0067526,67.74517009,5.196042052,Right,Day 1
IgA,Omicron.BA.1,CV06BW008,174.6337653,67.74517009,2.577803925,Right,Day 1
IgG,Omicron.BA.1,CV06BW008,545.1226518,79.99338452,6.814596671,Right,Day 1
IgG,Beta,CV06BW008,1649.091946,79.99338452,20.61535409,Right,Day 1
IgA,Delta,CV06BW008,230.430099,67.74517009,3.401424762,Right,Day 1
IgA,Omicron.BA.5,CV06BW008,150.5154944,67.74517009,2.221789306,Right,Day 1
IgG,Delta,CV06BW008,2286.647668,79.99338452,28.58545968,Right,Day 1
IgG,Alpha,CV06BW008,2446.807795,79.99338452,30.58762684,Right,Day 1
IgG,Gamma,CV06BW008,1984.336311,79.99338452,24.80625521,Right,Day 1
IgA,RBD,CV06BW008,153.7917807,67.74517009,2.270151222,Right,Day 1
IgG,Spike,CV06BW008,2968.051663,79.99338452,37.10371403,Right,Day 1
IgA,Alpha,CV06BW008,227.1612264,67.74517009,3.35317228,Right,Day 1
IgA,Beta,CV06BW008,367.5340939,67.74517009,5.425244241,Right,Day 1
IgA,Spike,CV06BW008,351.7473654,67.74517009,5.192213186,Right,Day 1
IgG,RBD,CV06BW008,1592.788463,79.99338452,19.91150234,Right,Day 1
IgG,Omicron.BA.5,CV06BW008,533.5279955,79.99338452,6.669651481,Right,Day 1
IgG,Alpha,CV06BW008,2021.634405,61.18770773,33.0398781,PooledNostril,Day 1
IgG,Delta,CV06BW008,1948.440243,61.18770773,31.8436548,PooledNostril,Day 1
IgG,Omicron.BA.1,CV06BW008,473.8790629,61.18770773,7.744677492,PooledNostril,Day 1
IgG,RBD,CV06BW008,1328.717466,61.18770773,21.71543133,PooledNostril,Day 1
IgA,Alpha,CV06BW008,445.5659759,66.85899514,6.664263723,PooledNostril,Day 1
IgG,Beta,CV06BW008,1454.602665,61.18770773,23.77279227,PooledNostril,Day 1
IgG,Gamma,CV06BW008,1630.180255,61.18770773,26.64228348,PooledNostril,Day 1
IgG,Omicron.BA.5,CV06BW008,462.1974348,61.18770773,7.553762871,PooledNostril,Day 1
IgG,Spike,CV06BW008,2428.787715,61.18770773,39.69404649,PooledNostril,Day 1
IgA,Beta,CV06BW008,987.1298451,66.85899514,14.76435359,PooledNostril,Day 1
IgA,Delta,CV06BW008,293.9272492,66.85899514,4.396225946,PooledNostril,Day 1
IgA,Omicron.BA.1,CV06BW008,352.3121736,66.85899514,5.269480537,PooledNostril,Day 1
IgA,Gamma,CV06BW008,935.5077594,66.85899514,13.99224977,PooledNostril,Day 1
IgA,Omicron.BA.5,CV06BW008,198.6590199,66.85899514,2.971313276,PooledNostril,Day 1
IgA,RBD,CV06BW008,241.9929048,66.85899514,3.619451717,PooledNostril,Day 1
IgA,Spike,CV06BW008,735.845854,66.85899514,11.00593649,PooledNostril,Day 1
IgG,Alpha,CV06BW008,5798.863243,185.0866502,31.33053215,PooledNostril,Day 3
IgG,Delta,CV06BW008,5574.06777,185.0866502,30.11599035,PooledNostril,Day 3
IgG,Beta,CV06BW008,4054.081103,185.0866502,21.90369267,PooledNostril,Day 3
IgG,Gamma,CV06BW008,4683.464372,185.0866502,25.30417168,PooledNostril,Day 3
IgG,Omicron.BA.1,CV06BW008,1314.160116,185.0866502,7.100242589,PooledNostril,Day 3
IgG,RBD,CV06BW008,3828.01893,185.0866502,20.68230705,PooledNostril,Day 3
IgG,Omicron.BA.5,CV06BW008,1282.622239,185.0866502,6.929847388,PooledNostril,Day 3
IgG,Spike,CV06BW008,6989.390849,185.0866502,37.76280376,PooledNostril,Day 3
IgA,Alpha,CV06BW008,480.4483056,86.84155391,5.532470159,PooledNostril,Day 3
IgA,Delta,CV06BW008,369.0365227,86.84155391,4.249538454,PooledNostril,Day 3
IgA,Beta,CV06BW008,912.1456991,86.84155391,10.50356262,PooledNostril,Day 3
IgA,Gamma,CV06BW008,916.1559172,86.84155391,10.54974118,PooledNostril,Day 3
IgA,Omicron.BA.1,CV06BW008,355.161663,86.84155391,4.089766328,PooledNostril,Day 3
IgA,RBD,CV06BW008,316.3453389,86.84155391,3.642787637,PooledNostril,Day 3
IgA,Omicron.BA.5,CV06BW008,226.9877276,86.84155391,2.61381467,PooledNostril,Day 3
IgA,Spike,CV06BW008,761.6537627,86.84155391,8.770614163,PooledNostril,Day 3
IgG,Alpha,CV06BW008,4898.086607,162.94599,30.05957131,PooledNostril,Day 15
IgG,Beta,CV06BW008,3432.759873,162.94599,21.06685702,PooledNostril,Day 15
IgG,Delta,CV06BW008,4759.171004,162.94599,29.20704587,PooledNostril,Day 15
IgG,Gamma,CV06BW008,3753.308247,162.94599,23.03406329,PooledNostril,Day 15
IgG,Omicron.BA.1,CV06BW008,1149.407655,162.94599,7.053918021,PooledNostril,Day 15
IgG,Omicron.BA.5,CV06BW008,1093.676703,162.94599,6.711897011,PooledNostril,Day 15
IgG,RBD,CV06BW008,3016.131903,162.94599,18.51000999,PooledNostril,Day 15
IgG,Spike,CV06BW008,5783.466525,162.94599,35.49315037,PooledNostril,Day 15
IgA,Alpha,CV06BW008,615.123044,130.6825477,4.707002234,PooledNostril,Day 15
IgA,Beta,CV06BW008,1178.021988,130.6825477,9.014378804,PooledNostril,Day 15
IgA,Delta,CV06BW008,481.8535942,130.6825477,3.68720692,PooledNostril,Day 15
IgA,Spike,CV06BW008,1006.284108,130.6825477,7.700218015,PooledNostril,Day 15
IgA,Gamma,CV06BW008,1100.284975,130.6825477,8.419524978,PooledNostril,Day 15
IgA,Omicron.BA.5,CV06BW008,305.586881,130.6825477,2.338390905,PooledNostril,Day 15
IgA,Omicron.BA.1,CV06BW008,456.9631644,130.6825477,3.496742086,PooledNostril,Day 15
IgA,RBD,CV06BW008,318.5817043,130.6825477,2.437828998,PooledNostril,Day 15
IgG,Beta,CV06BW010,5316.120781,71.85251903,73.98656099,Left,Day 1
IgG,Gamma,CV06BW010,5122.613112,71.85251903,71.29343803,Left,Day 1
IgG,Alpha,CV06BW010,6783.384399,71.85251903,94.4070506,Left,Day 1
IgG,Omicron.BA.1,CV06BW010,2198.927956,71.85251903,30.60335233,Left,Day 1
IgA,Beta,CV06BW010,2168.872305,100.443326,21.59299569,Left,Day 1
IgA,Delta,CV06BW010,2418.519399,100.443326,24.07844797,Left,Day 1
IgG,Spike,CV06BW010,7748.019528,71.85251903,107.8322602,Left,Day 1
IgA,Omicron.BA.5,CV06BW010,1810.562712,100.443326,18.02571445,Left,Day 1
IgA,Alpha,CV06BW010,1799.375643,100.443326,17.91433752,Left,Day 1
IgG,RBD,CV06BW010,4600.526547,71.85251903,64.02735226,Left,Day 1
IgA,Spike,CV06BW010,2246.727829,100.443326,22.36811462,Left,Day 1
IgG,Omicron.BA.5,CV06BW010,2517.631337,71.85251903,35.03887367,Left,Day 1
IgG,Delta,CV06BW010,5557.33423,71.85251903,77.34362421,Left,Day 1
IgA,Gamma,CV06BW010,1862.279259,100.443326,18.5405973,Left,Day 1
IgA,Omicron.BA.1,CV06BW010,913.1405931,100.443326,9.09110271,Left,Day 1
IgA,RBD,CV06BW010,1952.798575,100.443326,19.44179521,Left,Day 1
IgA,Alpha,CV06BW010,2317.515045,107.9925232,21.45995831,Right,Day 1
IgA,Spike,CV06BW010,2803.006525,107.9925232,25.95556102,Right,Day 1
IgA,Beta,CV06BW010,2776.994683,107.9925232,25.71469395,Right,Day 1
IgG,RBD,CV06BW010,9016.29781,111.8538109,80.60787327,Right,Day 1
IgG,Alpha,CV06BW010,12640.24264,111.8538109,113.0068126,Right,Day 1
IgG,Beta,CV06BW010,9932.115537,111.8538109,88.79550425,Right,Day 1
IgG,Delta,CV06BW010,10508.66662,111.8538109,93.95000973,Right,Day 1
IgG,Omicron.BA.5,CV06BW010,5019.486919,111.8538109,44.8754216,Right,Day 1
IgA,Gamma,CV06BW010,2508.501015,107.9925232,23.22846935,Right,Day 1
IgG,Omicron.BA.1,CV06BW010,3951.016419,111.8538109,35.32303807,Right,Day 1
IgA,Omicron.BA.1,CV06BW010,1177.412096,107.9925232,10.90271865,Right,Day 1
IgA,Delta,CV06BW010,3129.350071,107.9925232,28.97746973,Right,Day 1
IgG,Gamma,CV06BW010,9904.307673,111.8538109,88.54689525,Right,Day 1
IgA,Omicron.BA.5,CV06BW010,2389.961319,107.9925232,22.13080358,Right,Day 1
IgA,RBD,CV06BW010,2769.06999,107.9925232,25.64131208,Right,Day 1
IgG,Spike,CV06BW010,14395.3699,111.8538109,128.6980729,Right,Day 1
IgG,Alpha,CV06BW010,8951.501716,93.75501095,95.47758168,PooledNostril,Day 1
IgG,Delta,CV06BW010,7161.825299,93.75501095,76.3887202,PooledNostril,Day 1
IgG,Omicron.BA.1,CV06BW010,2847.87993,93.75501095,30.37576233,PooledNostril,Day 1
IgG,RBD,CV06BW010,5851.821888,93.75501095,62.41609732,PooledNostril,Day 1
IgA,Alpha,CV06BW010,1857.623656,90.31190293,20.56897924,PooledNostril,Day 1
IgG,Beta,CV06BW010,6759.440888,93.75501095,72.09684922,PooledNostril,Day 1
IgG,Gamma,CV06BW010,6599.48793,93.75501095,70.39077552,PooledNostril,Day 1
IgG,Omicron.BA.5,CV06BW010,3348.127072,93.75501095,35.71144665,PooledNostril,Day 1
IgG,Spike,CV06BW010,10154.02788,93.75501095,108.3038419,PooledNostril,Day 1
IgA,Delta,CV06BW010,2517.25025,90.31190293,27.8728514,PooledNostril,Day 1
IgA,Beta,CV06BW010,2148.005402,90.31190293,23.7843001,PooledNostril,Day 1
IgA,Gamma,CV06BW010,1797.775641,90.31190293,19.90629787,PooledNostril,Day 1
IgA,Omicron.BA.1,CV06BW010,905.3530888,90.31190293,10.02473715,PooledNostril,Day 1
IgA,Omicron.BA.5,CV06BW010,1875.139744,90.31190293,20.76293028,PooledNostril,Day 1
IgA,RBD,CV06BW010,1907.322035,90.31190293,21.11927634,PooledNostril,Day 1
IgA,Spike,CV06BW010,2299.082022,90.31190293,25.45713187,PooledNostril,Day 1
IgG,Alpha,CV06BW010,5685.176501,61.88343359,91.86911863,PooledNostril,Day 3
IgG,Delta,CV06BW010,4690.929655,61.88343359,75.8026726,PooledNostril,Day 3
IgG,Beta,CV06BW010,4275.767496,61.88343359,69.09389555,PooledNostril,Day 3
IgG,Gamma,CV06BW010,4150.877883,61.88343359,67.07575263,PooledNostril,Day 3
IgG,Omicron.BA.1,CV06BW010,1781.606392,61.88343359,28.78971462,PooledNostril,Day 3
IgG,RBD,CV06BW010,3832.063345,61.88343359,61.92389664,PooledNostril,Day 3
IgG,Omicron.BA.5,CV06BW010,2045.371475,61.88343359,33.05200368,PooledNostril,Day 3
IgG,Spike,CV06BW010,6527.079269,61.88343359,105.4737737,PooledNostril,Day 3
IgA,Alpha,CV06BW010,1906.947598,85.56482892,22.28658225,PooledNostril,Day 3
IgA,Delta,CV06BW010,2558.387577,85.56482892,29.89999056,PooledNostril,Day 3
IgA,Beta,CV06BW010,2247.204528,85.56482892,26.26318029,PooledNostril,Day 3
IgA,Omicron.BA.1,CV06BW010,951.4127005,85.56482892,11.11920298,PooledNostril,Day 3
IgA,Gamma,CV06BW010,1947.236108,85.56482892,22.75743588,PooledNostril,Day 3
IgA,RBD,CV06BW010,2053.188468,85.56482892,23.99570587,PooledNostril,Day 3
IgA,Omicron.BA.5,CV06BW010,2036.093727,85.56482892,23.79591887,PooledNostril,Day 3
IgA,Spike,CV06BW010,2408.83558,85.56482892,28.15216965,PooledNostril,Day 3
IgG,Alpha,CV06BW010,15501.62324,168.7099683,91.88326806,PooledNostril,Day 15
IgG,Beta,CV06BW010,11666.88714,168.7099683,69.15351391,PooledNostril,Day 15
IgG,Delta,CV06BW010,12602.78716,168.7099683,74.70090407,PooledNostril,Day 15
IgG,Gamma,CV06BW010,11771.72041,168.7099683,69.77489547,PooledNostril,Day 15
IgG,Omicron.BA.1,CV06BW010,4544.941598,168.7099683,26.93937793,PooledNostril,Day 15
IgG,Omicron.BA.5,CV06BW010,5019.996784,168.7099683,29.75518776,PooledNostril,Day 15
IgG,RBD,CV06BW010,10817.48831,168.7099683,64.118845,PooledNostril,Day 15
IgG,Spike,CV06BW010,17420.24826,168.7099683,103.2555956,PooledNostril,Day 15
IgA,Beta,CV06BW010,3039.477643,112.3294674,27.0585957,PooledNostril,Day 15
IgA,Alpha,CV06BW010,2606.074562,112.3294674,23.20027525,PooledNostril,Day 15
IgA,Delta,CV06BW010,3583.112522,112.3294674,31.89824189,PooledNostril,Day 15
IgA,RBD,CV06BW010,2753.286303,112.3294674,24.51081063,PooledNostril,Day 15
IgA,Spike,CV06BW010,3106.700238,112.3294674,27.65703702,PooledNostril,Day 15
IgA,Gamma,CV06BW010,2619.191728,112.3294674,23.31704929,PooledNostril,Day 15
IgA,Omicron.BA.1,CV06BW010,1236.534121,112.3294674,11.00810099,PooledNostril,Day 15
IgA,Omicron.BA.5,CV06BW010,2584.387089,112.3294674,23.00720504,PooledNostril,Day 15
IgG,Alpha,CV06BW011,2497.480121,48.65095679,51.33465579,PooledNostril,Day 1
IgG,Beta,CV06BW011,2331.482547,48.65095679,47.92264532,PooledNostril,Day 1
IgG,Delta,CV06BW011,2506.054472,48.65095679,51.51089798,PooledNostril,Day 1
IgG,Gamma,CV06BW011,2248.450529,48.65095679,46.21595704,PooledNostril,Day 1
IgG,Omicron.BA.1,CV06BW011,801.1278534,48.65095679,16.46684682,PooledNostril,Day 1
IgG,Omicron.BA.5,CV06BW011,1145.455076,48.65095679,23.54434838,PooledNostril,Day 1
IgG,RBD,CV06BW011,1671.192489,48.65095679,34.35066027,PooledNostril,Day 1
IgG,Spike,CV06BW011,2695.118656,48.65095679,55.39703293,PooledNostril,Day 1
IgA,Alpha,CV06BW011,248.8605432,54.19099847,4.592285622,PooledNostril,Day 1
IgA,Delta,CV06BW011,290.8146898,54.19099847,5.366475946,PooledNostril,Day 1
IgA,Omicron.BA.5,CV06BW011,144.2635959,54.19099847,2.662132087,PooledNostril,Day 1
IgA,Beta,CV06BW011,210.0427614,54.19099847,3.875971422,PooledNostril,Day 1
IgA,Gamma,CV06BW011,203.3178815,54.19099847,3.751875538,PooledNostril,Day 1
IgA,Omicron.BA.1,CV06BW011,109.830559,54.19099847,2.026730677,PooledNostril,Day 1
IgA,Spike,CV06BW011,291.4018738,54.19099847,5.377311398,PooledNostril,Day 1
IgA,RBD,CV06BW011,226.3771684,54.19099847,4.177394304,PooledNostril,Day 1
IgG,Alpha,CV06BW011,600.653572,11.56136733,51.95350641,PooledNostril,Day 3
IgG,Beta,CV06BW011,562.0672909,11.56136733,48.6159876,PooledNostril,Day 3
IgG,Delta,CV06BW011,622.5038219,11.56136733,53.8434429,PooledNostril,Day 3
IgG,Omicron.BA.1,CV06BW011,176.434687,11.56136733,15.26071112,PooledNostril,Day 3
IgG,Gamma,CV06BW011,562.2062654,11.56136733,48.62800819,PooledNostril,Day 3
IgG,Omicron.BA.5,CV06BW011,263.6560333,11.56136733,22.80491793,PooledNostril,Day 3
IgG,RBD,CV06BW011,411.9544981,11.56136733,35.63198766,PooledNostril,Day 3
IgA,Alpha,CV06BW011,78.17747286,14.88772396,5.251136645,PooledNostril,Day 3
IgG,Spike,CV06BW011,676.0354162,11.56136733,58.47365598,PooledNostril,Day 3
IgA,Beta,CV06BW011,61.85465978,14.88772396,4.154742521,PooledNostril,Day 3
IgA,Gamma,CV06BW011,65.38045217,14.88772396,4.391568002,PooledNostril,Day 3
IgA,Delta,CV06BW011,92.20758589,14.88772396,6.193531403,PooledNostril,Day 3
IgA,Omicron.BA.5,CV06BW011,43.75873597,14.88772396,2.939249551,PooledNostril,Day 3
IgA,Omicron.BA.1,CV06BW011,32.83347897,14.88772396,2.205406216,PooledNostril,Day 3
IgA,RBD,CV06BW011,72.28266683,14.88772396,4.855185857,PooledNostril,Day 3
IgA,Spike,CV06BW011,92.71232074,14.88772396,6.227434158,PooledNostril,Day 3
IgG,Alpha,CV06BW011,2426.884275,47.64946569,50.93203543,PooledNostril,Day 15
IgG,Delta,CV06BW011,2510.539863,47.64946569,52.68768131,PooledNostril,Day 15
IgG,Omicron.BA.1,CV06BW011,790.1751607,47.64946569,16.58308544,PooledNostril,Day 15
IgG,RBD,CV06BW011,1615.236189,47.64946569,33.89830642,PooledNostril,Day 15
IgA,Alpha,CV06BW011,238.890736,49.48621785,4.82741956,PooledNostril,Day 15
IgG,Beta,CV06BW011,2304.585775,47.64946569,48.36540645,PooledNostril,Day 15
IgG,Gamma,CV06BW011,2142.821024,47.64946569,44.97051525,PooledNostril,Day 15
IgG,Omicron.BA.5,CV06BW011,1121.135027,47.64946569,23.52880585,PooledNostril,Day 15
IgG,Spike,CV06BW011,2682.540641,47.64946569,56.29739183,PooledNostril,Day 15
IgA,Beta,CV06BW011,205.6208382,49.48621785,4.155113223,PooledNostril,Day 15
IgA,Delta,CV06BW011,300.8201174,49.48621785,6.07886661,PooledNostril,Day 15
IgA,Omicron.BA.1,CV06BW011,109.9020835,49.48621785,2.22086246,PooledNostril,Day 15
IgA,Gamma,CV06BW011,197.2787882,49.48621785,3.986540026,PooledNostril,Day 15
IgA,RBD,CV06BW011,216.6504302,49.48621785,4.377995321,PooledNostril,Day 15
IgA,Omicron.BA.5,CV06BW011,143.9390202,49.48621785,2.908668846,PooledNostril,Day 15
IgA,Spike,CV06BW011,296.9035767,49.48621785,5.999722541,PooledNostril,Day 15
IgG,Alpha,CV06BW012,2759.385813,70.7308243,39.01249336,Left,Day 1
IgG,Omicron.BA.1,CV06BW012,858.9020708,70.7308243,12.14324984,Left,Day 1
IgG,Omicron.BA.5,CV06BW012,1264.791385,70.7308243,17.88175661,Left,Day 1
IgG,Delta,CV06BW012,2489.883549,70.7308243,35.20224137,Left,Day 1
IgA,Spike,CV06BW012,2511.491733,108.3346194,23.1827254,Left,Day 1
IgA,RBD,CV06BW012,1940.142835,108.3346194,17.90879818,Left,Day 1
IgA,Omicron.BA.1,CV06BW012,817.9202177,108.3346194,7.549943149,Left,Day 1
IgA,Omicron.BA.5,CV06BW012,1270.104886,108.3346194,11.72390592,Left,Day 1
IgG,RBD,CV06BW012,2361.854298,70.7308243,33.39215004,Left,Day 1
IgG,Gamma,CV06BW012,2199.848298,70.7308243,31.10169179,Left,Day 1
IgG,Beta,CV06BW012,2391.184254,70.7308243,33.80682012,Left,Day 1
IgA,Gamma,CV06BW012,1696.814956,108.3346194,15.66272135,Left,Day 1
IgA,Beta,CV06BW012,1722.240615,108.3346194,15.89741695,Left,Day 1
IgG,Spike,CV06BW012,3337.7323,70.7308243,47.18921818,Left,Day 1
IgA,Alpha,CV06BW012,1670.400183,108.3346194,15.41889557,Left,Day 1
IgA,Delta,CV06BW012,1520.622068,108.3346194,14.03634476,Left,Day 1
IgG,Omicron.BA.1,CV06BW012,304.8027546,24.97003335,12.20674199,Right,Day 1
IgG,Gamma,CV06BW012,834.6686897,24.97003335,33.42681517,Right,Day 1
IgA,Spike,CV06BW012,1029.823514,57.66581184,17.85847596,Right,Day 1
IgG,Omicron.BA.5,CV06BW012,472.1904871,24.97003335,18.9102866,Right,Day 1
IgA,Omicron.BA.5,CV06BW012,551.6065604,57.66581184,9.565573479,Right,Day 1
IgA,Delta,CV06BW012,693.5083368,57.66581184,12.0263344,Right,Day 1
IgA,Gamma,CV06BW012,723.2592616,57.66581184,12.54225404,Right,Day 1
IgA,RBD,CV06BW012,932.000163,57.66581184,16.16209212,Right,Day 1
IgG,Delta,CV06BW012,937.2099684,24.97003335,37.53338873,Right,Day 1
IgG,Spike,CV06BW012,1243.801599,24.97003335,49.81177163,Right,Day 1
IgA,Omicron.BA.1,CV06BW012,388.0197644,57.66581184,6.728766179,Right,Day 1
IgA,Alpha,CV06BW012,690.7829597,57.66581184,11.97907283,Right,Day 1
IgA,Beta,CV06BW012,739.6122186,57.66581184,12.82583553,Right,Day 1
IgG,Alpha,CV06BW012,1054.277423,24.97003335,42.22170663,Right,Day 1
IgG,Beta,CV06BW012,862.9776324,24.97003335,34.56053183,Right,Day 1
IgG,RBD,CV06BW012,802.4117817,24.97003335,32.13499038,Right,Day 1
IgG,Alpha,CV06BW012,1350.97321,30.9112322,43.70492906,PooledNostril,Day 1
IgG,Beta,CV06BW012,1139.657158,30.9112322,36.86870686,PooledNostril,Day 1
IgG,Delta,CV06BW012,1200.836787,30.9112322,38.84791068,PooledNostril,Day 1
IgG,Gamma,CV06BW012,1035.683445,30.9112322,33.50508444,PooledNostril,Day 1
IgG,Omicron.BA.1,CV06BW012,405.4324351,30.9112322,13.11602309,PooledNostril,Day 1
IgG,Omicron.BA.5,CV06BW012,604.725511,30.9112322,19.5632936,PooledNostril,Day 1
IgG,RBD,CV06BW012,1045.388311,30.9112322,33.81904366,PooledNostril,Day 1
IgG,Spike,CV06BW012,1644.140079,30.9112322,53.18908248,PooledNostril,Day 1
IgA,Alpha,CV06BW012,824.1409338,59.76717937,13.78918902,PooledNostril,Day 1
IgA,Beta,CV06BW012,838.4881574,59.76717937,14.0292409,PooledNostril,Day 1
IgA,Delta,CV06BW012,781.7238008,59.76717937,13.0794829,PooledNostril,Day 1
IgA,Omicron.BA.1,CV06BW012,415.4518381,59.76717937,6.951170232,PooledNostril,Day 1
IgA,Gamma,CV06BW012,807.3890965,59.76717937,13.50890413,PooledNostril,Day 1
IgA,RBD,CV06BW012,1003.244775,59.76717937,16.78588123,PooledNostril,Day 1
IgA,Omicron.BA.5,CV06BW012,658.8402259,59.76717937,11.02344519,PooledNostril,Day 1
IgA,Spike,CV06BW012,1249.338276,59.76717937,20.90341704,PooledNostril,Day 1
IgG,Alpha,CV06BW012,2265.292617,54.90071661,41.26162202,PooledNostril,Day 3
IgG,Beta,CV06BW012,1876.900737,54.90071661,34.18718102,PooledNostril,Day 3
IgG,Delta,CV06BW012,2033.936138,54.90071661,37.04753351,PooledNostril,Day 3
IgG,Gamma,CV06BW012,1749.730382,54.90071661,31.87081134,PooledNostril,Day 3
IgG,Omicron.BA.1,CV06BW012,676.9878067,54.90071661,12.33112878,PooledNostril,Day 3
IgG,Omicron.BA.5,CV06BW012,974.4674078,54.90071661,17.74963002,PooledNostril,Day 3
IgG,RBD,CV06BW012,1706.301118,54.90071661,31.0797604,PooledNostril,Day 3
IgA,Alpha,CV06BW012,1148.351265,79.78292861,14.39344588,PooledNostril,Day 3
IgG,Spike,CV06BW012,2716.558591,54.90071661,49.48129567,PooledNostril,Day 3
IgA,Beta,CV06BW012,1187.324031,79.78292861,14.88193091,PooledNostril,Day 3
IgA,Delta,CV06BW012,1099.110515,79.78292861,13.77626184,PooledNostril,Day 3
IgA,Gamma,CV06BW012,1170.457672,79.78292861,14.6705278,PooledNostril,Day 3
IgA,Omicron.BA.5,CV06BW012,900.6666342,79.78292861,11.28896432,PooledNostril,Day 3
IgA,RBD,CV06BW012,1408.285053,79.78292861,17.6514585,PooledNostril,Day 3
IgA,Omicron.BA.1,CV06BW012,579.707849,79.78292861,7.266063795,PooledNostril,Day 3
IgA,Spike,CV06BW012,1813.893158,79.78292861,22.73535441,PooledNostril,Day 3
IgG,Alpha,CV06BW012,2646.622719,67.63402465,39.13152785,PooledNostril,Day 15
IgG,Delta,CV06BW012,2397.051137,67.63402465,35.44149782,PooledNostril,Day 15
IgG,Beta,CV06BW012,2206.660112,67.63402465,32.6264794,PooledNostril,Day 15
IgG,Gamma,CV06BW012,2115.498414,67.63402465,31.27861198,PooledNostril,Day 15
IgG,Omicron.BA.1,CV06BW012,798.798197,67.63402465,11.81059683,PooledNostril,Day 15
IgG,RBD,CV06BW012,2029.777575,67.63402465,30.01119015,PooledNostril,Day 15
IgA,Alpha,CV06BW012,1031.773331,74.84143202,13.78612492,PooledNostril,Day 15
IgG,Omicron.BA.5,CV06BW012,1208.338698,67.63402465,17.86584052,PooledNostril,Day 15
IgG,Spike,CV06BW012,3196.960273,67.63402465,47.26852038,PooledNostril,Day 15
IgA,Beta,CV06BW012,1074.863303,74.84143202,14.36187516,PooledNostril,Day 15
IgA,Delta,CV06BW012,985.8703309,74.84143202,13.17278818,PooledNostril,Day 15
IgA,Gamma,CV06BW012,1033.375762,74.84143202,13.80753593,PooledNostril,Day 15
IgA,Omicron.BA.1,CV06BW012,526.9473228,74.84143202,7.040850349,PooledNostril,Day 15
IgA,Omicron.BA.5,CV06BW012,809.1445518,74.84143202,10.81145203,PooledNostril,Day 15
IgA,RBD,CV06BW012,1318.461782,74.84143202,17.61673644,PooledNostril,Day 15
IgA,Spike,CV06BW012,1533.417698,74.84143202,20.48888773,PooledNostril,Day 15
IgA,Gamma,CV06BW013,222.1494405,65.71015187,3.380747634,Left,Day 1
IgG,Alpha,CV06BW013,2891.377251,44.69923016,64.68516887,Left,Day 1
IgG,Spike,CV06BW013,3167.100427,44.69923016,70.85357883,Left,Day 1
IgG,Omicron.BA.1,CV06BW013,1027.864776,44.69923016,22.99513375,Left,Day 1
IgG,Beta,CV06BW013,2656.170961,44.69923016,59.42319257,Left,Day 1
IgA,Alpha,CV06BW013,221.6557161,65.71015187,3.373233964,Left,Day 1
IgG,Delta,CV06BW013,2385.238607,44.69923016,53.36196169,Left,Day 1
IgG,Gamma,CV06BW013,2342.429125,44.69923016,52.40423866,Left,Day 1
IgA,Beta,CV06BW013,217.6301653,65.71015187,3.311971728,Left,Day 1
IgA,Omicron.BA.5,CV06BW013,131.4627864,65.71015187,2.000646516,Left,Day 1
IgA,Spike,CV06BW013,280.2386676,65.71015187,4.264769744,Left,Day 1
IgA,Delta,CV06BW013,195.5089953,65.71015187,2.975324052,Left,Day 1
IgG,RBD,CV06BW013,2115.166048,44.69923016,47.31996593,Left,Day 1
IgG,Omicron.BA.5,CV06BW013,1086.177111,44.69923016,24.29968274,Left,Day 1
IgA,RBD,CV06BW013,267.4810177,65.71015187,4.07061938,Left,Day 1
IgA,Omicron.BA.1,CV06BW013,131.7156323,65.71015187,2.004494413,Left,Day 1
IgA,Delta,CV06BW013,130.2500611,61.6485442,2.112784053,Right,Day 1
IgA,Alpha,CV06BW013,151.1578918,61.6485442,2.451929623,Right,Day 1
IgG,RBD,CV06BW013,1717.138808,35.99845268,47.70035043,Right,Day 1
IgG,Alpha,CV06BW013,2408.885869,35.99845268,66.91637251,Right,Day 1
IgA,Beta,CV06BW013,143.7425478,61.6485442,2.331645454,Right,Day 1
IgA,Omicron.BA.5,CV06BW013,90.51319426,61.6485442,1.468213004,Right,Day 1
IgG,Spike,CV06BW013,2687.338368,35.99845268,74.65149662,Right,Day 1
IgG,Omicron.BA.5,CV06BW013,910.1668319,35.99845268,25.28349871,Right,Day 1
IgA,RBD,CV06BW013,178.5182503,61.6485442,2.89574154,Right,Day 1
IgG,Delta,CV06BW013,2012.842514,35.99845268,55.91469534,Right,Day 1
IgA,Spike,CV06BW013,187.4956478,61.6485442,3.041363754,Right,Day 1
IgA,Gamma,CV06BW013,144.3051267,61.6485442,2.340771037,Right,Day 1
IgG,Gamma,CV06BW013,1908.809448,35.99845268,53.02476373,Right,Day 1
IgG,Beta,CV06BW013,2211.711302,35.99845268,61.43906577,Right,Day 1
IgG,Omicron.BA.1,CV06BW013,844.3514935,35.99845268,23.45521628,Right,Day 1
IgA,Omicron.BA.1,CV06BW013,90.4878682,61.6485442,1.46780219,Right,Day 1
IgG,Alpha,CV06BW013,2384.739718,39.03196974,61.09708871,PooledNostril,Day 1
IgG,Beta,CV06BW013,2216.454393,39.03196974,56.78561465,PooledNostril,Day 1
IgG,Delta,CV06BW013,1975.235033,39.03196974,50.60556887,PooledNostril,Day 1
IgG,Gamma,CV06BW013,1965.882043,39.03196974,50.36594506,PooledNostril,Day 1
IgG,Omicron.BA.1,CV06BW013,858.838168,39.03196974,22.00345444,PooledNostril,Day 1
IgG,Omicron.BA.5,CV06BW013,881.3574814,39.03196974,22.58039979,PooledNostril,Day 1
IgG,RBD,CV06BW013,1817.024861,39.03196974,46.55222047,PooledNostril,Day 1
IgG,Spike,CV06BW013,2653.056548,39.03196974,67.97137234,PooledNostril,Day 1
IgA,Alpha,CV06BW013,164.6538977,66.76869791,2.466034277,PooledNostril,Day 1
IgA,Beta,CV06BW013,158.4071065,66.76869791,2.372475597,PooledNostril,Day 1
IgA,Gamma,CV06BW013,173.5476631,66.76869791,2.599236896,PooledNostril,Day 1
IgA,Delta,CV06BW013,147.671346,66.76869791,2.211685275,PooledNostril,Day 1
IgA,Spike,CV06BW013,207.400685,66.76869791,3.106256248,PooledNostril,Day 1
IgA,Omicron.BA.5,CV06BW013,98.72394303,66.76869791,1.4785962,PooledNostril,Day 1
IgA,RBD,CV06BW013,205.7650835,66.76869791,3.081759715,PooledNostril,Day 1
IgA,Omicron.BA.1,CV06BW013,105.8647624,66.76869791,1.585544809,PooledNostril,Day 1
IgG,Alpha,CV06BW013,1417.856704,19.71630792,71.91289106,PooledNostril,Day 3
IgG,Beta,CV06BW013,1316.838515,19.71630792,66.78930561,PooledNostril,Day 3
IgG,Delta,CV06BW013,1121.033968,19.71630792,56.85820956,PooledNostril,Day 3
IgG,Gamma,CV06BW013,1164.023271,19.71630792,59.03860274,PooledNostril,Day 3
IgG,Omicron.BA.1,CV06BW013,514.339065,19.71630792,26.08698682,PooledNostril,Day 3
IgG,Omicron.BA.5,CV06BW013,528.1912178,19.71630792,26.78956019,PooledNostril,Day 3
IgG,RBD,CV06BW013,1003.514217,19.71630792,50.89767417,PooledNostril,Day 3
IgG,Spike,CV06BW013,1590.175467,19.71630792,80.65280136,PooledNostril,Day 3
IgA,Alpha,CV06BW013,85.11947604,29.98871751,2.838383335,PooledNostril,Day 3
IgA,Beta,CV06BW013,81.17344315,29.98871751,2.706799419,PooledNostril,Day 3
IgA,Omicron.BA.5,CV06BW013,47.90489354,29.98871751,1.597430551,PooledNostril,Day 3
IgA,RBD,CV06BW013,97.92458727,29.98871751,3.265380963,PooledNostril,Day 3
IgA,Gamma,CV06BW013,80.32927329,29.98871751,2.678649837,PooledNostril,Day 3
IgA,Delta,CV06BW013,77.76423418,29.98871751,2.593116366,PooledNostril,Day 3
IgA,Spike,CV06BW013,103.8147968,29.98871751,3.46179515,PooledNostril,Day 3
IgA,Omicron.BA.1,CV06BW013,50.92941588,29.98871751,1.698285892,PooledNostril,Day 3
IgG,Alpha,CV06BW013,1498.410282,25.32428672,59.16890368,PooledNostril,Day 15
IgG,Delta,CV06BW013,1238.891321,25.32428672,48.92107465,PooledNostril,Day 15
IgG,RBD,CV06BW013,1095.172819,25.32428672,43.24594928,PooledNostril,Day 15
IgG,Beta,CV06BW013,1396.23006,25.32428672,55.13403299,PooledNostril,Day 15
IgG,Gamma,CV06BW013,1230.14425,25.32428672,48.57567219,PooledNostril,Day 15
IgG,Spike,CV06BW013,1701.632038,25.32428672,67.19368077,PooledNostril,Day 15
IgG,Omicron.BA.1,CV06BW013,544.4042848,25.32428672,21.49731958,PooledNostril,Day 15
IgG,Omicron.BA.5,CV06BW013,564.1301732,25.32428672,22.27625123,PooledNostril,Day 15
IgA,Beta,CV06BW013,83.12202855,51.4718345,1.614903167,PooledNostril,Day 15
IgA,Alpha,CV06BW013,85.0914608,51.4718345,1.653165496,PooledNostril,Day 15
IgA,Delta,CV06BW013,80.16855943,51.4718345,1.557522871,PooledNostril,Day 15
IgA,Gamma,CV06BW013,91.75378923,51.4718345,1.782601886,PooledNostril,Day 15
IgA,Omicron.BA.1,CV06BW013,55.35312547,51.4718345,1.075406113,PooledNostril,Day 15
IgA,RBD,CV06BW013,101.0157535,51.4718345,1.962544264,PooledNostril,Day 15
IgA,Omicron.BA.5,CV06BW013,53.23700858,51.4718345,1.03429398,PooledNostril,Day 15
IgA,Spike,CV06BW013,110.7861038,51.4718345,2.152363615,PooledNostril,Day 15
IgA,Omicron.BA.5,CV06BW015,57.64126846,50.99758826,1.1302744,Left,Day 1
IgG,Alpha,CV06BW015,9904.516306,193.7387662,51.12304832,Left,Day 1
IgG,Spike,CV06BW015,10884.36402,193.7387662,56.18062007,Left,Day 1
IgA,Spike,CV06BW015,173.5979305,50.99758826,3.404041965,Left,Day 1
IgG,Gamma,CV06BW015,7311.527827,193.7387662,37.73910596,Left,Day 1
IgA,Beta,CV06BW015,123.5120038,50.99758826,2.421918526,Left,Day 1
IgG,RBD,CV06BW015,8540.135396,193.7387662,44.08067401,Left,Day 1
IgG,Omicron.BA.5,CV06BW015,4108.768633,193.7387662,21.20777743,Left,Day 1
IgA,Delta,CV06BW015,98.89897336,50.99758826,1.939287263,Left,Day 1
IgA,Omicron.BA.1,CV06BW015,39.10319812,50.99758826,0.766765634,Left,Day 1
IgA,Alpha,CV06BW015,131.8320115,50.99758826,2.585063648,Left,Day 1
IgG,Omicron.BA.1,CV06BW015,3473.080662,193.7387662,17.92661701,Left,Day 1
IgA,RBD,CV06BW015,152.5650484,50.99758826,2.991613008,Left,Day 1
IgG,Delta,CV06BW015,8158.015416,193.7387662,42.1083275,Left,Day 1
IgA,Gamma,CV06BW015,133.3670437,50.99758826,2.615163741,Left,Day 1
IgG,Beta,CV06BW015,7756.542864,193.7387662,40.03609095,Left,Day 1
IgG,RBD,CV06BW015,4950.653501,107.6673994,45.98098893,Right,Day 1
IgG,Delta,CV06BW015,4519.094845,107.6673994,41.97273148,Right,Day 1
IgG,Gamma,CV06BW015,4344.300344,107.6673994,40.3492642,Right,Day 1
IgG,Spike,CV06BW015,6045.999403,107.6673994,56.15441105,Right,Day 1
IgA,Omicron.BA.5,CV06BW015,51.69709102,43.53319311,1.187532715,Right,Day 1
IgA,Spike,CV06BW015,131.694536,43.53319311,3.025152225,Right,Day 1
IgG,Omicron.BA.5,CV06BW015,2335.666653,107.6673994,21.69335069,Right,Day 1
IgG,Alpha,CV06BW015,5846.775652,107.6673994,54.30404824,Right,Day 1
IgA,Delta,CV06BW015,81.7641362,43.53319311,1.878202134,Right,Day 1
IgG,Omicron.BA.1,CV06BW015,1868.128043,107.6673994,17.35091637,Right,Day 1
IgA,RBD,CV06BW015,121.4887756,43.53319311,2.790715934,Right,Day 1
IgG,Beta,CV06BW015,4461.792254,107.6673994,41.44051289,Right,Day 1
IgA,Omicron.BA.1,CV06BW015,33.3146829,43.53319311,0.765270832,Right,Day 1
IgA,Alpha,CV06BW015,103.547144,43.53319311,2.378579116,Right,Day 1
IgA,Beta,CV06BW015,99.19670006,43.53319311,2.278645166,Right,Day 1
IgA,Gamma,CV06BW015,106.41858,43.53319311,2.444538809,Right,Day 1
IgG,Alpha,CV06BW015,7241.436906,139.1370877,52.04533907,PooledNostril,Day 1
IgG,Beta,CV06BW015,5703.827249,139.1370877,40.9942981,PooledNostril,Day 1
IgG,Delta,CV06BW015,5796.04084,139.1370877,41.65705159,PooledNostril,Day 1
IgG,Gamma,CV06BW015,5202.220931,139.1370877,37.38917508,PooledNostril,Day 1
IgG,Omicron.BA.1,CV06BW015,2471.776512,139.1370877,17.7650442,PooledNostril,Day 1
IgG,Omicron.BA.5,CV06BW015,3019.432831,139.1370877,21.70113577,PooledNostril,Day 1
IgG,Spike,CV06BW015,7788.763493,139.1370877,55.97906082,PooledNostril,Day 1
IgG,RBD,CV06BW015,6029.311701,139.1370877,43.33360574,PooledNostril,Day 1
IgA,Alpha,CV06BW015,108.0542464,45.88424761,2.354931203,PooledNostril,Day 1
IgA,Delta,CV06BW015,83.6104304,45.88424761,1.822203365,PooledNostril,Day 1
IgA,Omicron.BA.1,CV06BW015,31.68429992,45.88424761,0.69052674,PooledNostril,Day 1
IgA,RBD,CV06BW015,118.1685803,45.88424761,2.575362711,PooledNostril,Day 1
IgA,Omicron.BA.5,CV06BW015,51.32750319,45.88424761,1.118630159,PooledNostril,Day 1
IgA,Spike,CV06BW015,143.0134839,45.88424761,3.116831839,PooledNostril,Day 1
IgA,Beta,CV06BW015,100.5280577,45.88424761,2.190905657,PooledNostril,Day 1
IgA,Gamma,CV06BW015,104.6751733,45.88424761,2.281287778,PooledNostril,Day 1
IgG,Alpha,CV06BW015,3229.797056,58.35477774,55.34760273,PooledNostril,Day 3
IgG,Beta,CV06BW015,2477.827105,58.35477774,42.46142649,PooledNostril,Day 3
IgG,Delta,CV06BW015,2573.840491,58.35477774,44.1067654,PooledNostril,Day 3
IgG,Gamma,CV06BW015,2308.417647,58.35477774,39.55833157,PooledNostril,Day 3
IgG,Omicron.BA.1,CV06BW015,1038.160733,58.35477774,17.79050102,PooledNostril,Day 3
IgG,Omicron.BA.5,CV06BW015,1263.677534,58.35477774,21.65508264,PooledNostril,Day 3
IgG,RBD,CV06BW015,2672.619728,58.35477774,45.79950146,PooledNostril,Day 3
IgA,Alpha,CV06BW015,87.59868055,46.51533655,1.883221472,PooledNostril,Day 3
IgG,Spike,CV06BW015,3539.490063,58.35477774,60.65467474,PooledNostril,Day 3
IgA,Beta,CV06BW015,90.06558309,46.51533655,1.936255648,PooledNostril,Day 3
IgA,Gamma,CV06BW015,94.0532263,46.51533655,2.021983141,PooledNostril,Day 3
IgA,Delta,CV06BW015,79.15246174,46.51533655,1.701642246,PooledNostril,Day 3
IgA,Omicron.BA.5,CV06BW015,50.35390706,46.51533655,1.082522686,PooledNostril,Day 3
IgA,RBD,CV06BW015,99.79969159,46.51533655,2.145522294,PooledNostril,Day 3
IgA,Omicron.BA.1,CV06BW015,32.49969845,46.51533655,0.698687806,PooledNostril,Day 3
IgA,Spike,CV06BW015,126.6526166,46.51533655,2.722814152,PooledNostril,Day 3
IgG,Alpha,CV06BW015,5630.241243,109.4588645,51.43705145,PooledNostril,Day 15
IgG,Delta,CV06BW015,4428.812135,109.4588645,40.46097278,PooledNostril,Day 15
IgG,Beta,CV06BW015,4374.049247,109.4588645,39.96066714,PooledNostril,Day 15
IgG,Gamma,CV06BW015,4087.55164,109.4588645,37.34326736,PooledNostril,Day 15
IgG,Omicron.BA.1,CV06BW015,1845.002289,109.4588645,16.8556681,PooledNostril,Day 15
IgG,RBD,CV06BW015,4867.4336,109.4588645,44.46815363,PooledNostril,Day 15
IgG,Omicron.BA.5,CV06BW015,2270.275444,109.4588645,20.74090075,PooledNostril,Day 15
IgG,Spike,CV06BW015,6081.501462,109.4588645,55.55969808,PooledNostril,Day 15
IgA,Beta,CV06BW015,83.09443903,29.50788171,2.816008274,PooledNostril,Day 15
IgA,Alpha,CV06BW015,88.29867423,29.50788171,2.992375905,PooledNostril,Day 15
IgA,Gamma,CV06BW015,88.39283709,29.50788171,2.995567014,PooledNostril,Day 15
IgA,Delta,CV06BW015,66.83247958,29.50788171,2.264902654,PooledNostril,Day 15
IgA,Omicron.BA.1,CV06BW015,29.12043357,29.50788171,0.986869673,PooledNostril,Day 15
IgA,Omicron.BA.5,CV06BW015,39.96327158,29.50788171,1.354325328,PooledNostril,Day 15
IgA,RBD,CV06BW015,98.98977899,29.50788171,3.354689435,PooledNostril,Day 15
IgA,Spike,CV06BW015,113.3571307,29.50788171,3.841588218,PooledNostril,Day 15
IgA,Omicron.BA.5,CV06FH001,673.4622036,64.99902045,10.36111312,Left,Day 1
IgG,Beta,CV06FH001,6980.302552,88.11138913,79.22134267,Left,Day 1
IgA,Spike,CV06FH001,1172.975301,64.99902045,18.04604582,Left,Day 1
IgG,Delta,CV06FH001,7137.663987,88.11138913,81.00728019,Left,Day 1
IgA,RBD,CV06FH001,749.540344,64.99902045,11.53156369,Left,Day 1
IgA,Gamma,CV06FH001,706.2774887,64.99902045,10.86597127,Left,Day 1
IgG,Gamma,CV06FH001,7103.091291,88.11138913,80.6149053,Left,Day 1
IgG,Omicron.BA.1,CV06FH001,3348.434476,88.11138913,38.00228902,Left,Day 1
IgA,Alpha,CV06FH001,946.4533056,64.99902045,14.56103952,Left,Day 1
IgG,Alpha,CV06FH001,8941.583084,88.11138913,101.4804462,Left,Day 1
IgA,Delta,CV06FH001,678.1195201,64.99902045,10.43276522,Left,Day 1
IgG,RBD,CV06FH001,6452.81872,88.11138913,73.23478592,Left,Day 1
IgA,Omicron.BA.1,CV06FH001,539.7313469,64.99902045,8.30368432,Left,Day 1
IgG,Omicron.BA.5,CV06FH001,3680.236016,88.11138913,41.7679945,Left,Day 1
IgG,Spike,CV06FH001,10033.01039,88.11138913,113.8673501,Left,Day 1
IgA,Beta,CV06FH001,666.2626972,64.99902045,10.25034981,Left,Day 1
IgG,Delta,CV06FH001,4056.878632,48.088354,84.36301712,Right,Day 1
IgA,Spike,CV06FH001,915.9268471,76.6748638,11.94559471,Right,Day 1
IgA,Omicron.BA.5,CV06FH001,645.7961034,76.6748638,8.422526907,Right,Day 1
IgA,RBD,CV06FH001,587.5970737,76.6748638,7.663490283,Right,Day 1
IgG,Alpha,CV06FH001,5221.836571,48.088354,108.5883824,Right,Day 1
IgG,Gamma,CV06FH001,4253.716983,48.088354,88.4562816,Right,Day 1
IgG,Omicron.BA.5,CV06FH001,2113.962748,48.088354,43.9599731,Right,Day 1
IgA,Delta,CV06FH001,586.6079821,76.6748638,7.650590468,Right,Day 1
IgG,Beta,CV06FH001,4165.987201,48.088354,86.63193591,Right,Day 1
IgA,Gamma,CV06FH001,606.8129421,76.6748638,7.91410525,Right,Day 1
IgG,RBD,CV06FH001,3922.080228,48.088354,81.55987682,Right,Day 1
IgA,Omicron.BA.1,CV06FH001,436.0606556,76.6748638,5.687139618,Right,Day 1
IgG,Spike,CV06FH001,5821.411867,48.088354,121.056584,Right,Day 1
IgG,Omicron.BA.1,CV06FH001,1905.712652,48.088354,39.62940076,Right,Day 1
IgA,Beta,CV06FH001,529.17303,76.6748638,6.901519009,Right,Day 1
IgA,Alpha,CV06FH001,741.6790738,76.6748638,9.673040643,Right,Day 1
IgG,Alpha,CV06FH001,5698.675854,55.26257917,103.1199763,PooledNostril,Day 1
IgG,Beta,CV06FH001,4430.128279,55.26257917,80.1650655,PooledNostril,Day 1
IgG,Delta,CV06FH001,4323.907606,55.26257917,78.24295701,PooledNostril,Day 1
IgG,Gamma,CV06FH001,4496.170936,55.26257917,81.36013562,PooledNostril,Day 1
IgG,Omicron.BA.1,CV06FH001,2081.53876,55.26257917,37.66633391,PooledNostril,Day 1
IgG,Omicron.BA.5,CV06FH001,2294.175091,55.26257917,41.51407924,PooledNostril,Day 1
IgG,RBD,CV06FH001,3928.61959,55.26257917,71.09005133,PooledNostril,Day 1
IgA,Alpha,CV06FH001,623.2539537,59.98752537,10.38972603,PooledNostril,Day 1
IgA,Delta,CV06FH001,490.337822,59.98752537,8.173996493,PooledNostril,Day 1
IgG,Spike,CV06FH001,6379.819155,55.26257917,115.4455556,PooledNostril,Day 1
IgA,Beta,CV06FH001,475.4032263,59.98752537,7.925034804,PooledNostril,Day 1
IgA,Gamma,CV06FH001,506.4615449,59.98752537,8.442781092,PooledNostril,Day 1
IgA,Omicron.BA.1,CV06FH001,353.1563992,59.98752537,5.88716399,PooledNostril,Day 1
IgA,RBD,CV06FH001,566.9589333,59.98752537,9.451280576,PooledNostril,Day 1
IgA,Omicron.BA.5,CV06FH001,542.1990499,59.98752537,9.038530037,PooledNostril,Day 1
IgA,Spike,CV06FH001,789.3402979,59.98752537,13.1584074,PooledNostril,Day 1
IgG,Alpha,CV06FH001,10566.21526,111.9001826,94.42536207,PooledNostril,Day 3
IgG,Beta,CV06FH001,8399.066288,111.9001826,75.05855746,PooledNostril,Day 3
IgG,Delta,CV06FH001,8358.550891,111.9001826,74.69649016,PooledNostril,Day 3
IgG,Gamma,CV06FH001,8752.413573,111.9001826,78.21625816,PooledNostril,Day 3
IgG,Omicron.BA.1,CV06FH001,3507.062261,111.9001826,31.34098782,PooledNostril,Day 3
IgG,Omicron.BA.5,CV06FH001,4000.061616,111.9001826,35.74669426,PooledNostril,Day 3
IgG,RBD,CV06FH001,7538.62654,111.9001826,67.36920676,PooledNostril,Day 3
IgG,Spike,CV06FH001,11903.61417,111.9001826,106.3770754,PooledNostril,Day 3
IgA,Alpha,CV06FH001,900.1611431,91.34445779,9.854578645,PooledNostril,Day 3
IgA,Delta,CV06FH001,687.9549169,91.34445779,7.531435772,PooledNostril,Day 3
IgA,Beta,CV06FH001,644.6522017,91.34445779,7.057376193,PooledNostril,Day 3
IgA,Gamma,CV06FH001,784.8372247,91.34445779,8.592061782,PooledNostril,Day 3
IgA,Spike,CV06FH001,1089.178027,91.34445779,11.92385453,PooledNostril,Day 3
IgA,Omicron.BA.5,CV06FH001,691.3185758,91.34445779,7.568259669,PooledNostril,Day 3
IgA,RBD,CV06FH001,993.5540876,91.34445779,10.8770046,PooledNostril,Day 3
IgA,Omicron.BA.1,CV06FH001,638.209797,91.34445779,6.986847505,PooledNostril,Day 3
IgG,Alpha,CV06FH001,21886.8865,255.8897935,85.53247163,PooledNostril,Day 15
IgG,Beta,CV06FH001,14946.49653,255.8897935,58.40989719,PooledNostril,Day 15
IgG,Delta,CV06FH001,15888.67194,255.8897935,62.09185495,PooledNostril,Day 15
IgG,Gamma,CV06FH001,16400.31456,255.8897935,64.09131967,PooledNostril,Day 15
IgG,Omicron.BA.1,CV06FH001,8073.374923,255.8897935,31.55020297,PooledNostril,Day 15
IgG,RBD,CV06FH001,19059.85907,255.8897935,74.4846397,PooledNostril,Day 15
IgG,Omicron.BA.5,CV06FH001,8130.561897,255.8897935,31.77368579,PooledNostril,Day 15
IgG,Spike,CV06FH001,25233.28856,255.8897935,98.60998445,PooledNostril,Day 15
IgA,Alpha,CV06FH001,901.7164438,109.8784043,8.206493805,PooledNostril,Day 15
IgA,Beta,CV06FH001,660.6934592,109.8784043,6.012950986,PooledNostril,Day 15
IgA,Delta,CV06FH001,695.4527282,109.8784043,6.329294031,PooledNostril,Day 15
IgA,Omicron.BA.1,CV06FH001,617.3073427,109.8784043,5.618095265,PooledNostril,Day 15
IgA,Gamma,CV06FH001,764.406174,109.8784043,6.956837234,PooledNostril,Day 15
IgA,RBD,CV06FH001,995.7843936,109.8784043,9.062603341,PooledNostril,Day 15
IgA,Omicron.BA.5,CV06FH001,725.6902377,109.8784043,6.604484681,PooledNostril,Day 15
IgA,Spike,CV06FH001,1064.882889,109.8784043,9.691466638,PooledNostril,Day 15
IgG,Delta,CV06FH002,364.1637868,22.50154075,16.18394895,Left,Day 1
IgG,RBD,CV06FH002,222.9206628,22.50154075,9.906906612,Left,Day 1
IgG,Omicron.BA.1,CV06FH002,95.14630834,22.50154075,4.228435262,Left,Day 1
IgG,Beta,CV06FH002,237.863679,22.50154075,10.57099519,Left,Day 1
IgA,Alpha,CV06FH002,6.934217417,44.53391063,0.155706456,Left,Day 1
IgA,Spike,CV06FH002,7.782842403,44.53391063,0.17476216,Left,Day 1
IgA,RBD,CV06FH002,8.274304648,44.53391063,0.185797846,Left,Day 1
IgG,Spike,CV06FH002,393.5375675,22.50154075,17.48936093,Left,Day 1
IgG,Omicron.BA.5,CV06FH002,109.2190712,22.50154075,4.853848562,Left,Day 1
IgG,Gamma,CV06FH002,217.6072488,22.50154075,9.670771046,Left,Day 1
IgA,Beta,CV06FH002,20.71130015,44.53391063,0.465068076,Left,Day 1
IgG,Alpha,CV06FH002,314.1979494,22.50154075,13.96339713,Left,Day 1
IgA,Omicron.BA.1,CV06FH002,3.3524999,44.53391063,0.07527971,Left,Day 1
IgA,Gamma,CV06FH002,5.360340198,44.53391063,0.12036536,Left,Day 1
IgA,Delta,CV06FH002,7.377800044,44.53391063,0.165667015,Left,Day 1
IgA,Omicron.BA.5,CV06FH002,6.101408791,44.53391063,0.137005906,Left,Day 1
IgA,Beta,CV06FH002,40.89404692,68.43330246,0.597575237,Right,Day 1
IgA,Alpha,CV06FH002,15.98050506,68.43330246,0.233519419,Right,Day 1
IgG,Omicron.BA.1,CV06FH002,257.3424375,72.38120142,3.555376706,Right,Day 1
IgG,Delta,CV06FH002,920.6814907,72.38120142,12.71989788,Right,Day 1
IgG,Spike,CV06FH002,1044.437309,72.38120142,14.42967633,Right,Day 1
IgG,RBD,CV06FH002,602.6362365,72.38120142,8.325866727,Right,Day 1
IgA,Omicron.BA.1,CV06FH002,7.295840668,68.43330246,0.10661243,Right,Day 1
IgG,Omicron.BA.5,CV06FH002,281.4204531,72.38120142,3.888032356,Right,Day 1
IgA,Gamma,CV06FH002,14.53401518,68.43330246,0.212382198,Right,Day 1
IgA,Delta,CV06FH002,19.07507771,68.43330246,0.278739693,Right,Day 1
IgA,Omicron.BA.5,CV06FH002,12.63982604,68.43330246,0.184702851,Right,Day 1
IgG,Gamma,CV06FH002,605.2149618,72.38120142,8.36149373,Right,Day 1
IgA,Spike,CV06FH002,20.32472316,68.43330246,0.297000472,Right,Day 1
IgG,Alpha,CV06FH002,810.2266452,72.38120142,11.19388224,Right,Day 1
IgG,Beta,CV06FH002,624.7966858,72.38120142,8.632029774,Right,Day 1
IgA,RBD,CV06FH002,19.29208666,68.43330246,0.281910794,Right,Day 1
IgG,Alpha,CV06FH002,571.9641568,47.01607645,12.16528898,PooledNostril,Day 1
IgG,Delta,CV06FH002,610.2060614,47.01607645,12.97866831,PooledNostril,Day 1
IgG,Beta,CV06FH002,434.3114238,47.01607645,9.237508881,PooledNostril,Day 1
IgG,Gamma,CV06FH002,417.0461488,47.01607645,8.870288214,PooledNostril,Day 1
IgG,Omicron.BA.1,CV06FH002,179.922256,47.01607645,3.826824134,PooledNostril,Day 1
IgG,RBD,CV06FH002,449.6045806,47.01607645,9.562783936,PooledNostril,Day 1
IgG,Omicron.BA.5,CV06FH002,200.7325284,47.01607645,4.269444488,PooledNostril,Day 1
IgA,Alpha,CV06FH002,9.849088968,63.45415782,0.155215817,PooledNostril,Day 1
IgA,Delta,CV06FH002,14.50656062,63.45415782,0.228614816,PooledNostril,Day 1
IgA,RBD,CV06FH002,14.10848066,63.45415782,0.222341311,PooledNostril,Day 1
IgG,Spike,CV06FH002,705.8348112,47.01607645,15.01262684,PooledNostril,Day 1
IgA,Beta,CV06FH002,34.70273684,63.45415782,0.546894609,PooledNostril,Day 1
IgA,Gamma,CV06FH002,8.607696026,63.45415782,0.135652199,PooledNostril,Day 1
IgA,Omicron.BA.1,CV06FH002,5.670103265,63.45415782,0.089357474,PooledNostril,Day 1
IgA,Omicron.BA.5,CV06FH002,9.525883562,63.45415782,0.150122291,PooledNostril,Day 1
IgA,Spike,CV06FH002,13.25745989,63.45415782,0.208929727,PooledNostril,Day 1
IgG,Alpha,CV06FH002,269.094084,19.3261081,13.92386313,PooledNostril,Day 3
IgG,Beta,CV06FH002,202.9218676,19.3261081,10.49988268,PooledNostril,Day 3
IgG,Delta,CV06FH002,295.8511141,19.3261081,15.30836486,PooledNostril,Day 3
IgG,Gamma,CV06FH002,187.8856752,19.3261081,9.721857821,PooledNostril,Day 3
IgG,Omicron.BA.1,CV06FH002,81.13044174,19.3261081,4.197971021,PooledNostril,Day 3
IgG,Omicron.BA.5,CV06FH002,96.37328961,19.3261081,4.986688945,PooledNostril,Day 3
IgG,RBD,CV06FH002,208.4061281,19.3261081,10.78365737,PooledNostril,Day 3
IgG,Spike,CV06FH002,330.881236,19.3261081,17.12094511,PooledNostril,Day 3
IgA,Alpha,CV06FH002,5.474642701,49.33565895,0.110967256,PooledNostril,Day 3
IgA,Beta,CV06FH002,21.5447687,49.33565895,0.436697698,PooledNostril,Day 3
IgA,Omicron.BA.1,CV06FH002,3.018158053,49.33565895,0.061175996,PooledNostril,Day 3
IgA,RBD,CV06FH002,8.142109242,49.33565895,0.165034975,PooledNostril,Day 3
IgA,Spike,CV06FH002,6.314585121,49.33565895,0.127992313,PooledNostril,Day 3
IgA,Delta,CV06FH002,6.393953,49.33565895,0.129601046,PooledNostril,Day 3
IgA,Gamma,CV06FH002,4.434602024,49.33565895,0.089886344,PooledNostril,Day 3
IgA,Omicron.BA.5,CV06FH002,6.002863205,49.33565895,0.121673924,PooledNostril,Day 3
IgG,Alpha,CV06FH002,260.3681019,22.04779627,11.80925743,PooledNostril,Day 15
IgG,Beta,CV06FH002,193.2827537,22.04779627,8.766533913,PooledNostril,Day 15
IgG,Delta,CV06FH002,277.7141517,22.04779627,12.59600498,PooledNostril,Day 15
IgG,Gamma,CV06FH002,175.7694996,22.04779627,7.972202637,PooledNostril,Day 15
IgG,Omicron.BA.1,CV06FH002,82.6046632,22.04779627,3.746617674,PooledNostril,Day 15
IgG,Omicron.BA.5,CV06FH002,91.7822481,22.04779627,4.162876278,PooledNostril,Day 15
IgG,RBD,CV06FH002,189.165885,22.04779627,8.579809184,PooledNostril,Day 15
IgG,Spike,CV06FH002,333.3684102,22.04779627,15.12025991,PooledNostril,Day 15
IgA,Alpha,CV06FH002,4.03601696,35.5165374,0.113637681,PooledNostril,Day 15
IgA,Omicron.BA.1,CV06FH002,1.953568139,35.5165374,0.055004465,PooledNostril,Day 15
IgA,RBD,CV06FH002,8.033321032,35.5165374,0.226185367,PooledNostril,Day 15
IgA,Beta,CV06FH002,18.09993571,35.5165374,0.509619941,PooledNostril,Day 15
IgA,Omicron.BA.5,CV06FH002,3.610520754,35.5165374,0.101657454,PooledNostril,Day 15
IgA,Delta,CV06FH002,4.704034936,35.5165374,0.132446327,PooledNostril,Day 15
IgA,Spike,CV06FH002,5.416785292,35.5165374,0.152514454,PooledNostril,Day 15
IgA,Gamma,CV06FH002,3.920811037,35.5165374,0.110393955,PooledNostril,Day 15
IgA,Omicron.BA.5,CV06FH003,30405.30778,315.9081471,96.24730497,Left,Day 1
IgA,Alpha,CV06FH003,46261.10809,315.9081471,146.4384775,Left,Day 1
IgG,Omicron.BA.5,CV06FH003,6081.25004,86.58983826,70.23052776,Left,Day 1
IgA,RBD,CV06FH003,63234.00258,315.9081471,200.165786,Left,Day 1
IgA,Spike,CV06FH003,54933.6704,315.9081471,173.8912747,Left,Day 1
IgG,Spike,CV06FH003,13532.34332,86.58983826,156.2809632,Left,Day 1
IgG,Gamma,CV06FH003,11579.45116,86.58983826,133.7275989,Left,Day 1
IgA,Delta,CV06FH003,35622.9901,315.9081471,112.7637588,Left,Day 1
IgG,Omicron.BA.1,CV06FH003,5921.566767,86.58983826,68.38639368,Left,Day 1
IgG,Alpha,CV06FH003,12269.6135,86.58983826,141.6980762,Left,Day 1
IgA,Omicron.BA.1,CV06FH003,34140.08257,315.9081471,108.069649,Left,Day 1
IgA,Beta,CV06FH003,41471.62632,315.9081471,131.2774827,Left,Day 1
IgG,Delta,CV06FH003,9522.820285,86.58983826,109.9761875,Left,Day 1
IgG,Beta,CV06FH003,11077.04536,86.58983826,127.9254654,Left,Day 1
IgG,RBD,CV06FH003,9934.181011,86.58983826,114.7268688,Left,Day 1
IgA,Gamma,CV06FH003,48350.34166,315.9081471,153.0518985,Left,Day 1
IgG,Omicron.BA.1,CV06FH003,4100.684099,92.67441549,44.24828662,Right,Day 1
IgA,RBD,CV06FH003,20241.43181,319.373123,63.37863256,Right,Day 1
IgG,Alpha,CV06FH003,10093.77923,92.67441549,108.9165675,Right,Day 1
IgG,Delta,CV06FH003,7831.704896,92.67441549,84.50773446,Right,Day 1
IgG,Omicron.BA.5,CV06FH003,4860.839565,92.67441549,52.45071727,Right,Day 1
IgG,Beta,CV06FH003,9074.18073,92.67441549,97.91462597,Right,Day 1
IgA,Omicron.BA.1,CV06FH003,12566.07426,319.373123,39.34606062,Right,Day 1
IgA,Omicron.BA.5,CV06FH003,9399.615947,319.373123,29.43145578,Right,Day 1
IgG,Gamma,CV06FH003,9717.544763,92.67441549,104.8568228,Right,Day 1
IgG,RBD,CV06FH003,8322.148841,92.67441549,89.79985249,Right,Day 1
IgA,Gamma,CV06FH003,16280.4614,319.373123,50.97630398,Right,Day 1
IgA,Alpha,CV06FH003,16517.57871,319.373123,51.71875003,Right,Day 1
IgG,Spike,CV06FH003,11363.62109,92.67441549,122.6187512,Right,Day 1
IgA,Delta,CV06FH003,11728.67144,319.373123,36.72404031,Right,Day 1
IgA,Spike,CV06FH003,19214.86363,319.373123,60.16431016,Right,Day 1
IgA,Beta,CV06FH003,14920.55371,319.373123,46.71825095,Right,Day 1
IgG,Alpha,CV06FH003,11508.45804,91.1326338,126.2825133,PooledNostril,Day 1
IgG,Delta,CV06FH003,9255.597785,91.1326338,101.5618379,PooledNostril,Day 1
IgG,Beta,CV06FH003,10429.74008,91.1326338,114.4457221,PooledNostril,Day 1
IgG,Gamma,CV06FH003,10836.37592,91.1326338,118.9077443,PooledNostril,Day 1
IgG,Omicron.BA.1,CV06FH003,4648.82749,91.1326338,51.01166614,PooledNostril,Day 1
IgG,RBD,CV06FH003,9228.331539,91.1326338,101.2626449,PooledNostril,Day 1
IgA,Alpha,CV06FH003,33145.96225,463.2858053,71.54538703,PooledNostril,Day 1
IgG,Omicron.BA.5,CV06FH003,4519.311486,91.1326338,49.59048474,PooledNostril,Day 1
IgG,Spike,CV06FH003,12845.88819,91.1326338,140.9581579,PooledNostril,Day 1
IgA,Delta,CV06FH003,24971.64413,463.2858053,53.90116391,PooledNostril,Day 1
IgA,RBD,CV06FH003,43075.32712,463.2858053,92.97786944,PooledNostril,Day 1
IgA,Beta,CV06FH003,29656.84295,463.2858053,64.0141412,PooledNostril,Day 1
IgA,Omicron.BA.1,CV06FH003,25302.15598,463.2858053,54.61457202,PooledNostril,Day 1
IgA,Gamma,CV06FH003,34203.28234,463.2858053,73.82760696,PooledNostril,Day 1
IgA,Spike,CV06FH003,39402.23582,463.2858053,85.04952098,PooledNostril,Day 1
IgA,Omicron.BA.5,CV06FH003,20936.53947,463.2858053,45.1914115,PooledNostril,Day 1
IgG,Alpha,CV06FH003,3826.238763,18.42555523,207.6593467,PooledNostril,Day 3
IgG,Beta,CV06FH003,3223.301801,18.42555523,174.9364815,PooledNostril,Day 3
IgG,Omicron.BA.5,CV06FH003,2325.121595,18.42555523,126.1900423,PooledNostril,Day 3
IgG,Delta,CV06FH003,2878.221421,18.42555523,156.2081242,PooledNostril,Day 3
IgG,Gamma,CV06FH003,4484.996348,18.42555523,243.411734,PooledNostril,Day 3
IgG,Omicron.BA.1,CV06FH003,1881.083199,18.42555523,102.0909913,PooledNostril,Day 3
IgA,Beta,CV06FH003,15993.89895,113.9116863,140.4061293,PooledNostril,Day 3
IgG,RBD,CV06FH003,3889.726442,18.42555523,211.1049786,PooledNostril,Day 3
IgA,Alpha,CV06FH003,17656.70878,113.9116863,155.0034887,PooledNostril,Day 3
IgA,Omicron.BA.1,CV06FH003,13862.04103,113.9116863,121.691123,PooledNostril,Day 3
IgG,Spike,CV06FH003,5058.484619,18.42555523,274.5363467,PooledNostril,Day 3
IgA,Gamma,CV06FH003,18728.13274,113.9116863,164.409231,PooledNostril,Day 3
IgA,Delta,CV06FH003,13263.51953,113.9116863,116.4368641,PooledNostril,Day 3
IgA,Omicron.BA.5,CV06FH003,11015.56812,113.9116863,96.70270436,PooledNostril,Day 3
IgA,RBD,CV06FH003,21927.33201,113.9116863,192.4941393,PooledNostril,Day 3
IgA,Spike,CV06FH003,20641.55799,113.9116863,181.2066757,PooledNostril,Day 3
IgG,Alpha,CV06FH003,3127.954686,18.367853,170.2950631,PooledNostril,Day 15
IgG,Beta,CV06FH003,2862.457452,18.367853,155.840612,PooledNostril,Day 15
IgG,Delta,CV06FH003,2416.740091,18.367853,131.5744464,PooledNostril,Day 15
IgG,Gamma,CV06FH003,3154.370648,18.367853,171.7332259,PooledNostril,Day 15
IgG,Omicron.BA.5,CV06FH003,1545.049229,18.367853,84.11702927,PooledNostril,Day 15
IgG,Omicron.BA.1,CV06FH003,1453.389678,18.367853,79.12681344,PooledNostril,Day 15
IgG,RBD,CV06FH003,2681.685342,18.367853,145.998846,PooledNostril,Day 15
IgG,Spike,CV06FH003,3549.419149,18.367853,193.2408294,PooledNostril,Day 15
IgA,Alpha,CV06FH003,26951.08405,198.7769335,135.5845649,PooledNostril,Day 15
IgA,Delta,CV06FH003,21049.94638,198.7769335,105.8973293,PooledNostril,Day 15
IgA,Beta,CV06FH003,24467.77468,198.7769335,123.0916196,PooledNostril,Day 15
IgA,Gamma,CV06FH003,28116.83463,198.7769335,141.449182,PooledNostril,Day 15
IgA,Omicron.BA.5,CV06FH003,17118.07291,198.7769335,86.11699862,PooledNostril,Day 15
IgA,Omicron.BA.1,CV06FH003,20476.0409,198.7769335,103.0101458,PooledNostril,Day 15
IgA,RBD,CV06FH003,34127.43487,198.7769335,171.6870981,PooledNostril,Day 15
IgA,Spike,CV06FH003,32192.18109,198.7769335,161.9512915,PooledNostril,Day 15
IgA,Gamma,CV06FH005,2793.964965,166.6572017,16.76474185,Left,Day 1
IgG,Alpha,CV06FH005,7027.791453,59.03634503,119.0417776,Left,Day 1
IgA,Omicron.BA.5,CV06FH005,1990.267462,166.6572017,11.94228297,Left,Day 1
IgA,Delta,CV06FH005,3923.559954,166.6572017,23.5426967,Left,Day 1
IgA,Alpha,CV06FH005,2832.360668,166.6572017,16.99512916,Left,Day 1
IgG,Beta,CV06FH005,5586.502777,59.03634503,94.62819513,Left,Day 1
IgA,Beta,CV06FH005,3014.22983,166.6572017,18.0864061,Left,Day 1
IgG,Spike,CV06FH005,7974.283644,59.03634503,135.0741419,Left,Day 1
IgG,RBD,CV06FH005,6529.648956,59.03634503,110.6038823,Left,Day 1
IgA,RBD,CV06FH005,3128.829083,166.6572017,18.77404067,Left,Day 1
IgG,Gamma,CV06FH005,5634.240249,59.03634503,95.4368067,Left,Day 1
IgG,Omicron.BA.1,CV06FH005,2589.718842,59.03634503,43.86651716,Left,Day 1
IgA,Omicron.BA.1,CV06FH005,1741.475332,166.6572017,10.44944541,Left,Day 1
IgG,Omicron.BA.5,CV06FH005,2177.054727,59.03634503,36.87651608,Left,Day 1
IgG,Delta,CV06FH005,5306.967938,59.03634503,89.89323332,Left,Day 1
IgA,Spike,CV06FH005,4268.514319,166.6572017,25.61254044,Left,Day 1
IgA,Gamma,CV06FH005,842.2449292,91.17449369,9.237725323,Right,Day 1
IgA,Omicron.BA.5,CV06FH005,529.2062537,91.17449369,5.80432347,Right,Day 1
IgA,Beta,CV06FH005,853.4594478,91.17449369,9.360725936,Right,Day 1
IgA,RBD,CV06FH005,1139.528699,91.17449369,12.49832769,Right,Day 1
IgG,RBD,CV06FH005,5578.802072,58.08064238,96.05269232,Right,Day 1
IgA,Omicron.BA.1,CV06FH005,454.6617322,91.17449369,4.986720669,Right,Day 1
IgG,Gamma,CV06FH005,5241.795961,58.08064238,90.25030969,Right,Day 1
IgG,Alpha,CV06FH005,6252.319557,58.08064238,107.6489395,Right,Day 1
IgA,Spike,CV06FH005,1208.300221,91.17449369,13.25261234,Right,Day 1
IgA,Alpha,CV06FH005,906.2604041,91.17449369,9.939845755,Right,Day 1
IgA,Delta,CV06FH005,1123.138341,91.17449369,12.31855858,Right,Day 1
IgG,Spike,CV06FH005,6907.236142,58.08064238,118.9249268,Right,Day 1
IgG,Delta,CV06FH005,4242.536631,58.08064238,73.0456217,Right,Day 1
IgG,Omicron.BA.1,CV06FH005,2247.892705,58.08064238,38.70295873,Right,Day 1
IgG,Omicron.BA.5,CV06FH005,1800.010808,58.08064238,30.99157886,Right,Day 1
IgG,Beta,CV06FH005,4832.162338,58.08064238,83.19746719,Right,Day 1
IgG,Alpha,CV06FH005,5260.829998,50.33923422,104.5075492,PooledNostril,Day 1
IgG,Delta,CV06FH005,3646.570428,50.33923422,72.43992652,PooledNostril,Day 1
IgG,Beta,CV06FH005,4090.370236,50.33923422,81.25610768,PooledNostril,Day 1
IgG,Gamma,CV06FH005,4361.919589,50.33923422,86.65049553,PooledNostril,Day 1
IgG,Omicron.BA.1,CV06FH005,1889.520133,50.33923422,37.53573456,PooledNostril,Day 1
IgG,RBD,CV06FH005,4785.397971,50.33923422,95.06298706,PooledNostril,Day 1
IgG,Omicron.BA.5,CV06FH005,1622.391462,50.33923422,32.22916454,PooledNostril,Day 1
IgG,Spike,CV06FH005,5750.278619,50.33923422,114.2305541,PooledNostril,Day 1
IgA,Omicron.BA.5,CV06FH005,818.377135,86.36215539,9.476108271,PooledNostril,Day 1
IgA,Alpha,CV06FH005,1194.674769,86.36215539,13.83331349,PooledNostril,Day 1
IgA,Delta,CV06FH005,1644.522933,86.36215539,19.04217102,PooledNostril,Day 1
IgA,Omicron.BA.1,CV06FH005,762.2892435,86.36215539,8.82665839,PooledNostril,Day 1
IgA,RBD,CV06FH005,1378.207163,86.36215539,15.95846186,PooledNostril,Day 1
IgA,Beta,CV06FH005,1225.889905,86.36215539,14.19475811,PooledNostril,Day 1
IgA,Gamma,CV06FH005,1322.851947,86.36215539,15.31749574,PooledNostril,Day 1
IgA,Spike,CV06FH005,1798.234757,86.36215539,20.82202266,PooledNostril,Day 1
IgG,Alpha,CV06FH005,3679.985809,26.92391162,136.6809497,PooledNostril,Day 3
IgG,Beta,CV06FH005,2845.521148,26.92391162,105.6875089,PooledNostril,Day 3
IgG,Delta,CV06FH005,2554.554359,26.92391162,94.88050602,PooledNostril,Day 3
IgG,Gamma,CV06FH005,2970.40634,26.92391162,110.3259579,PooledNostril,Day 3
IgG,Omicron.BA.1,CV06FH005,1265.162909,26.92391162,46.99030836,PooledNostril,Day 3
IgG,RBD,CV06FH005,3094.22238,26.92391162,114.9246968,PooledNostril,Day 3
IgA,Alpha,CV06FH005,765.6451189,48.18056545,15.89116092,PooledNostril,Day 3
IgG,Omicron.BA.5,CV06FH005,1093.856268,26.92391162,40.62768752,PooledNostril,Day 3
IgG,Spike,CV06FH005,3929.178685,26.92391162,145.9363981,PooledNostril,Day 3
IgA,Beta,CV06FH005,795.1890017,48.18056545,16.50435179,PooledNostril,Day 3
IgA,Delta,CV06FH005,1059.335738,48.18056545,21.9867851,PooledNostril,Day 3
IgA,Omicron.BA.1,CV06FH005,452.7931937,48.18056545,9.397838931,PooledNostril,Day 3
IgA,Gamma,CV06FH005,802.3999233,48.18056545,16.65401632,PooledNostril,Day 3
IgA,Omicron.BA.5,CV06FH005,506.1212512,48.18056545,10.50467645,PooledNostril,Day 3
IgA,RBD,CV06FH005,819.7147607,48.18056545,17.01339021,PooledNostril,Day 3
IgA,Spike,CV06FH005,1187.098554,48.18056545,24.63853511,PooledNostril,Day 3
IgG,Alpha,CV06FH005,8328.939829,70.13080068,118.7629365,PooledNostril,Day 15
IgG,Beta,CV06FH005,6793.619018,70.13080068,96.87068952,PooledNostril,Day 15
IgG,Delta,CV06FH005,6192.41126,70.13080068,88.29802597,PooledNostril,Day 15
IgG,Gamma,CV06FH005,6507.712372,70.13080068,92.79392663,PooledNostril,Day 15
IgG,Omicron.BA.1,CV06FH005,2925.937165,70.13080068,41.72114301,PooledNostril,Day 15
IgG,Omicron.BA.5,CV06FH005,2455.650509,70.13080068,35.01529264,PooledNostril,Day 15
IgG,RBD,CV06FH005,6868.934981,70.13080068,97.9446251,PooledNostril,Day 15
IgA,Alpha,CV06FH005,1003.178955,53.01679149,18.92190995,PooledNostril,Day 15
IgG,Spike,CV06FH005,9285.445362,70.13080068,132.4018159,PooledNostril,Day 15
IgA,Beta,CV06FH005,1062.506809,53.01679149,20.0409489,PooledNostril,Day 15
IgA,Delta,CV06FH005,1426.364778,53.01679149,26.90401923,PooledNostril,Day 15
IgA,RBD,CV06FH005,1107.960481,53.01679149,20.89829373,PooledNostril,Day 15
IgA,Gamma,CV06FH005,1050.919641,53.01679149,19.82239233,PooledNostril,Day 15
IgA,Omicron.BA.1,CV06FH005,621.2917717,53.01679149,11.71877351,PooledNostril,Day 15
IgA,Spike,CV06FH005,1555.375118,53.01679149,29.33740564,PooledNostril,Day 15
IgA,Omicron.BA.5,CV06FH005,699.1927562,53.01679149,13.18813788,PooledNostril,Day 15
IgG,Alpha,CV06FH007,450.5441058,16.54094332,27.23811436,PooledNostril,Day 3
IgG,Beta,CV06FH007,351.3620361,16.54094332,21.24195878,PooledNostril,Day 3
IgG,Delta,CV06FH007,330.4131966,16.54094332,19.97547481,PooledNostril,Day 3
IgG,Omicron.BA.1,CV06FH007,173.9989428,16.54094332,10.51928777,PooledNostril,Day 3
IgG,Gamma,CV06FH007,442.1308496,16.54094332,26.72948217,PooledNostril,Day 3
IgG,Omicron.BA.5,CV06FH007,169.7107731,16.54094332,10.260042,PooledNostril,Day 3
IgG,RBD,CV06FH007,383.0774512,16.54094332,23.15934731,PooledNostril,Day 3
IgG,Spike,CV06FH007,576.1533671,16.54094332,34.83195341,PooledNostril,Day 3
IgA,Alpha,CV06FH007,114.1173635,37.91217542,3.01004525,PooledNostril,Day 3
IgA,Beta,CV06FH007,102.890595,37.91217542,2.713919574,PooledNostril,Day 3
IgA,Delta,CV06FH007,120.3906898,37.91217542,3.175515213,PooledNostril,Day 3
IgA,Gamma,CV06FH007,140.7109764,37.91217542,3.711498347,PooledNostril,Day 3
IgA,Omicron.BA.1,CV06FH007,67.98902586,37.91217542,1.793329586,PooledNostril,Day 3
IgA,Omicron.BA.5,CV06FH007,92.12912487,37.91217542,2.43006696,PooledNostril,Day 3
IgA,Spike,CV06FH007,171.8432319,37.91217542,4.53266609,PooledNostril,Day 3
IgA,RBD,CV06FH007,118.3269689,37.91217542,3.121080961,PooledNostril,Day 3
IgG,Alpha,CV06FH007,881.2386845,40.22953139,21.90526845,PooledNostril,Day 15
IgG,Delta,CV06FH007,630.7222651,40.22953139,15.67809128,PooledNostril,Day 15
IgG,Omicron.BA.1,CV06FH007,352.2689651,40.22953139,8.756476969,PooledNostril,Day 15
IgG,Beta,CV06FH007,703.3064338,40.22953139,17.48234219,PooledNostril,Day 15
IgG,Gamma,CV06FH007,813.3231306,40.22953139,20.21706698,PooledNostril,Day 15
IgG,Omicron.BA.5,CV06FH007,324.1733892,40.22953139,8.058095086,PooledNostril,Day 15
IgG,RBD,CV06FH007,747.0721867,40.22953139,18.57024332,PooledNostril,Day 15
IgG,Spike,CV06FH007,1045.4276,40.22953139,25.98657165,PooledNostril,Day 15
IgA,Alpha,CV06FH007,159.0365659,49.83530113,3.191243201,PooledNostril,Day 15
IgA,Beta,CV06FH007,145.4141763,49.83530113,2.917895006,PooledNostril,Day 15
IgA,Delta,CV06FH007,153.9854408,49.83530113,3.089886834,PooledNostril,Day 15
IgA,RBD,CV06FH007,168.5677553,49.83530113,3.382496975,PooledNostril,Day 15
IgA,Gamma,CV06FH007,191.5443397,49.83530113,3.843547353,PooledNostril,Day 15
IgA,Omicron.BA.1,CV06FH007,96.10924604,49.83530113,1.92853748,PooledNostril,Day 15
IgA,Omicron.BA.5,CV06FH007,137.2675365,49.83530113,2.75442374,PooledNostril,Day 15
IgA,Spike,CV06FH007,233.1202603,49.83530113,4.67781382,PooledNostril,Day 15
IgG,Spike,CV06FH008,2900.022516,42.74137353,67.85047547,Left,Day 1
IgG,Omicron.BA.5,CV06FH008,1009.590955,42.74137353,23.62092912,Left,Day 1
IgG,Gamma,CV06FH008,2153.391361,42.74137353,50.38189424,Left,Day 1
IgG,RBD,CV06FH008,1906.162552,42.74137353,44.59759699,Left,Day 1
IgA,Spike,CV06FH008,208.8913033,88.04064803,2.372668852,Left,Day 1
IgG,Omicron.BA.1,CV06FH008,761.1904862,42.74137353,17.80921911,Left,Day 1
IgA,Beta,CV06FH008,127.0293508,88.04064803,1.442848885,Left,Day 1
IgA,Omicron.BA.5,CV06FH008,90.82664881,88.04064803,1.031644483,Left,Day 1
IgG,Beta,CV06FH008,2222.401516,42.74137353,51.99649267,Left,Day 1
IgA,Omicron.BA.1,CV06FH008,66.30026055,88.04064803,0.753064204,Left,Day 1
IgG,Alpha,CV06FH008,2491.58859,42.74137353,58.29453721,Left,Day 1
IgG,Delta,CV06FH008,2506.326731,42.74137353,58.63935862,Left,Day 1
IgA,Alpha,CV06FH008,144.4184114,88.04064803,1.640360613,Left,Day 1
IgA,RBD,CV06FH008,147.5418975,88.04064803,1.675838387,Left,Day 1
IgA,Gamma,CV06FH008,146.6107439,88.04064803,1.665261981,Left,Day 1
IgA,Delta,CV06FH008,169.8587988,88.04064803,1.929322451,Left,Day 1
IgA,RBD,CV06FH008,142.5920025,79.49885722,1.793635877,Right,Day 1
IgG,Omicron.BA.1,CV06FH008,398.5141013,11.84744004,33.6371486,Right,Day 1
IgA,Delta,CV06FH008,157.7321827,79.49885722,1.984081133,Right,Day 1
IgG,Gamma,CV06FH008,1092.355022,11.84744004,92.20177678,Right,Day 1
IgG,RBD,CV06FH008,985.3686407,11.84744004,83.17143932,Right,Day 1
IgG,Alpha,CV06FH008,1270.037628,11.84744004,107.1993294,Right,Day 1
IgG,Spike,CV06FH008,1481.441672,11.84744004,125.0431879,Right,Day 1
IgA,Alpha,CV06FH008,124.1955022,79.49885722,1.562230031,Right,Day 1
IgA,Omicron.BA.5,CV06FH008,97.07152557,79.49885722,1.221043031,Right,Day 1
IgA,Gamma,CV06FH008,130.0498098,79.49885722,1.635870179,Right,Day 1
IgA,Spike,CV06FH008,178.0377809,79.49885722,2.239501134,Right,Day 1
IgA,Omicron.BA.1,CV06FH008,54.699523,79.49885722,0.688054205,Right,Day 1
IgG,Delta,CV06FH008,1238.922584,11.84744004,104.5730199,Right,Day 1
IgG,Omicron.BA.5,CV06FH008,528.5599165,11.84744004,44.6138503,Right,Day 1
IgA,Beta,CV06FH008,112.5133266,79.49885722,1.415282313,Right,Day 1
IgG,Beta,CV06FH008,1100.499033,11.84744004,92.88918359,Right,Day 1
IgG,Alpha,CV06FH008,2205.53426,24.88774469,88.61928984,PooledNostril,Day 1
IgG,Beta,CV06FH008,1958.982553,24.88774469,78.71273905,PooledNostril,Day 1
IgG,Delta,CV06FH008,2170.912734,24.88774469,87.22818244,PooledNostril,Day 1
IgG,Gamma,CV06FH008,1829.775758,24.88774469,73.52115595,PooledNostril,Day 1
IgG,Omicron.BA.1,CV06FH008,705.9657056,24.88774469,28.36599758,PooledNostril,Day 1
IgG,RBD,CV06FH008,1717.655491,24.88774469,69.01611669,PooledNostril,Day 1
IgG,Omicron.BA.5,CV06FH008,916.1298089,24.88774469,36.81047923,PooledNostril,Day 1
IgG,Spike,CV06FH008,2720.661988,24.88774469,109.3173376,PooledNostril,Day 1
IgA,Delta,CV06FH008,195.2266234,85.21189792,2.291072353,PooledNostril,Day 1
IgA,Gamma,CV06FH008,177.3561433,85.21189792,2.081354219,PooledNostril,Day 1
IgA,Omicron.BA.5,CV06FH008,106.6808119,85.21189792,1.251947375,PooledNostril,Day 1
IgA,Alpha,CV06FH008,159.1924622,85.21189792,1.868195241,PooledNostril,Day 1
IgA,RBD,CV06FH008,158.4187796,85.21189792,1.859115728,PooledNostril,Day 1
IgA,Beta,CV06FH008,148.5641751,85.21189792,1.743467505,PooledNostril,Day 1
IgA,Spike,CV06FH008,233.3316323,85.21189792,2.738251794,PooledNostril,Day 1
IgA,Omicron.BA.1,CV06FH008,70.52107546,85.21189792,0.827596582,PooledNostril,Day 1
IgG,Alpha,CV06FH008,4589.598202,67.54624191,67.94749896,PooledNostril,Day 3
IgG,Beta,CV06FH008,4138.346661,67.54624191,61.26686761,PooledNostril,Day 3
IgG,Delta,CV06FH008,4666.519826,67.54624191,69.08629841,PooledNostril,Day 3
IgG,Gamma,CV06FH008,4051.458103,67.54624191,59.98051095,PooledNostril,Day 3
IgG,Omicron.BA.1,CV06FH008,1485.436018,67.54624191,21.99139399,PooledNostril,Day 3
IgG,Omicron.BA.5,CV06FH008,1917.835116,67.54624191,28.39292108,PooledNostril,Day 3
IgG,RBD,CV06FH008,3677.030918,67.54624191,54.43723905,PooledNostril,Day 3
IgG,Spike,CV06FH008,5320.03434,67.54624191,78.76136688,PooledNostril,Day 3
IgA,Alpha,CV06FH008,357.3450171,442.2835273,0.807954615,PooledNostril,Day 3
IgA,Delta,CV06FH008,430.3227406,442.2835273,0.972956744,PooledNostril,Day 3
IgA,Gamma,CV06FH008,371.5658444,442.2835273,0.840107807,PooledNostril,Day 3
IgA,Beta,CV06FH008,312.8369967,442.2835273,0.707322289,PooledNostril,Day 3
IgA,Omicron.BA.1,CV06FH008,163.3109465,442.2835273,0.369244922,PooledNostril,Day 3
IgA,RBD,CV06FH008,382.977734,442.2835273,0.865910011,PooledNostril,Day 3
IgA,Omicron.BA.5,CV06FH008,234.5553621,442.2835273,0.530328054,PooledNostril,Day 3
IgA,Spike,CV06FH008,501.9235796,442.2835273,1.134845746,PooledNostril,Day 3
IgG,Alpha,CV06FH008,3138.601406,52.15616657,60.17699559,PooledNostril,Day 15
IgG,Beta,CV06FH008,2752.134672,52.15616657,52.76719616,PooledNostril,Day 15
IgG,Delta,CV06FH008,3016.354384,52.15616657,57.83313043,PooledNostril,Day 15
IgG,Omicron.BA.1,CV06FH008,957.6420089,52.15616657,18.36105051,PooledNostril,Day 15
IgG,Gamma,CV06FH008,2807.359493,52.15616657,53.82603205,PooledNostril,Day 15
IgG,Omicron.BA.5,CV06FH008,1266.64684,52.15616657,24.28565831,PooledNostril,Day 15
IgG,RBD,CV06FH008,2414.739547,52.15616657,46.29825591,PooledNostril,Day 15
IgA,Alpha,CV06FH008,171.2663135,104.1589823,1.644277908,PooledNostril,Day 15
IgG,Spike,CV06FH008,3505.864447,52.15616657,67.21859902,PooledNostril,Day 15
IgA,Beta,CV06FH008,151.7971551,104.1589823,1.457360198,PooledNostril,Day 15
IgA,Omicron.BA.1,CV06FH008,80.52535385,104.1589823,0.773100429,PooledNostril,Day 15
IgA,Omicron.BA.5,CV06FH008,108.3641965,104.1589823,1.040373035,PooledNostril,Day 15
IgA,RBD,CV06FH008,194.0382675,104.1589823,1.862904794,PooledNostril,Day 15
IgA,Gamma,CV06FH008,185.2061465,104.1589823,1.778110178,PooledNostril,Day 15
IgA,Delta,CV06FH008,198.164354,104.1589823,1.902518147,PooledNostril,Day 15
IgA,Spike,CV06FH008,245.5000964,104.1589823,2.356974799,PooledNostril,Day 15
IgG,Omicron.BA.1,CV06FH009,2730.222505,76.29114405,35.78688639,Left,Day 1
IgG,Alpha,CV06FH009,8547.98139,76.29114405,112.0442156,Left,Day 1
IgG,Beta,CV06FH009,7458.570164,76.29114405,97.76456044,Left,Day 1
IgG,Gamma,CV06FH009,7797.985375,76.29114405,102.2135069,Left,Day 1
IgA,Alpha,CV06FH009,133.6471213,71.29922993,1.874453924,Left,Day 1
IgG,Delta,CV06FH009,8627.004225,76.29114405,113.0800217,Left,Day 1
IgA,Omicron.BA.1,CV06FH009,46.70655709,71.29922993,0.655078002,Left,Day 1
IgA,Gamma,CV06FH009,123.5837825,71.29922993,1.733311602,Left,Day 1
IgA,Beta,CV06FH009,117.743537,71.29922993,1.651399841,Left,Day 1
IgA,Delta,CV06FH009,173.1200028,71.29922993,2.428076754,Left,Day 1
IgA,RBD,CV06FH009,101.1142653,71.29922993,1.418167705,Left,Day 1
IgA,Omicron.BA.5,CV06FH009,93.23888131,71.29922993,1.307712319,Left,Day 1
IgG,Spike,CV06FH009,10321.05123,76.29114405,135.2850499,Left,Day 1
IgG,RBD,CV06FH009,7232.597245,76.29114405,94.80257944,Left,Day 1
IgA,Spike,CV06FH009,147.173612,71.29922993,2.064168324,Left,Day 1
IgG,Omicron.BA.5,CV06FH009,3115.544549,76.29114405,40.83756493,Left,Day 1
IgG,Beta,CV06FH009,8677.355791,82.9411132,104.6206815,Right,Day 1
IgA,Omicron.BA.1,CV06FH009,66.80687784,81.93497558,0.815364591,Right,Day 1
IgG,Gamma,CV06FH009,9180.01555,82.9411132,110.681123,Right,Day 1
IgG,Delta,CV06FH009,10326.67197,82.9411132,124.5060691,Right,Day 1
IgG,Omicron.BA.1,CV06FH009,3098.571101,82.9411132,37.35868717,Right,Day 1
IgG,Spike,CV06FH009,11966.84711,82.9411132,144.2812455,Right,Day 1
IgA,Alpha,CV06FH009,165.2542655,81.93497558,2.01689528,Right,Day 1
IgA,Beta,CV06FH009,150.1818822,81.93497558,1.832939854,Right,Day 1
IgA,Omicron.BA.5,CV06FH009,118.5568252,81.93497558,1.446962354,Right,Day 1
IgG,Alpha,CV06FH009,10241.81004,82.9411132,123.4829103,Right,Day 1
IgA,Delta,CV06FH009,214.2152622,81.93497558,2.614454459,Right,Day 1
IgA,RBD,CV06FH009,139.6167451,81.93497558,1.703994468,Right,Day 1
IgA,Gamma,CV06FH009,162.5288333,81.93497558,1.983631925,Right,Day 1
IgG,Omicron.BA.5,CV06FH009,3744.207869,82.9411132,45.14296619,Right,Day 1
IgG,RBD,CV06FH009,7637.256324,82.9411132,92.08046563,Right,Day 1
IgA,Spike,CV06FH009,192.8814418,81.93497558,2.354079445,Right,Day 1
IgG,Alpha,CV06FH009,8402.101589,72.90952343,115.2401112,PooledNostril,Day 1
IgG,Beta,CV06FH009,7546.732135,72.90952343,103.5081808,PooledNostril,Day 1
IgG,Delta,CV06FH009,7893.950274,72.90952343,108.2704961,PooledNostril,Day 1
IgG,Gamma,CV06FH009,7727.174449,72.90952343,105.9830607,PooledNostril,Day 1
IgG,Omicron.BA.1,CV06FH009,2757.425221,72.90952343,37.81982231,PooledNostril,Day 1
IgG,RBD,CV06FH009,6472.954633,72.90952343,88.78064659,PooledNostril,Day 1
IgA,Alpha,CV06FH009,131.0606668,73.63286046,1.779920894,PooledNostril,Day 1
IgA,Delta,CV06FH009,180.7732699,73.63286046,2.455062438,PooledNostril,Day 1
IgG,Omicron.BA.5,CV06FH009,3052.694712,72.90952343,41.86962921,PooledNostril,Day 1
IgG,Spike,CV06FH009,9797.59673,72.90952343,134.3802053,PooledNostril,Day 1
IgA,Beta,CV06FH009,124.9350931,73.63286046,1.696730133,PooledNostril,Day 1
IgA,Gamma,CV06FH009,124.5039279,73.63286046,1.690874525,PooledNostril,Day 1
IgA,Omicron.BA.1,CV06FH009,49.19696337,73.63286046,0.668138696,PooledNostril,Day 1
IgA,Omicron.BA.5,CV06FH009,91.55010326,73.63286046,1.243332158,PooledNostril,Day 1
IgA,Spike,CV06FH009,149.596048,73.63286046,2.031647923,PooledNostril,Day 1
IgA,RBD,CV06FH009,107.3787351,73.63286046,1.458299112,PooledNostril,Day 1
IgG,Alpha,CV06FH009,9793.296704,92.09995581,106.3333486,PooledNostril,Day 3
IgG,Beta,CV06FH009,8613.492,92.09995581,93.5233022,PooledNostril,Day 3
IgG,Delta,CV06FH009,10066.85752,92.09995581,109.3036086,PooledNostril,Day 3
IgG,Omicron.BA.1,CV06FH009,3011.010721,92.09995581,32.69285739,PooledNostril,Day 3
IgG,Gamma,CV06FH009,9107.537693,92.09995581,98.88753597,PooledNostril,Day 3
IgG,Omicron.BA.5,CV06FH009,3613.340577,92.09995581,39.23281553,PooledNostril,Day 3
IgG,Spike,CV06FH009,11954.85892,92.09995581,129.8030907,PooledNostril,Day 3
IgG,RBD,CV06FH009,8469.181934,92.09995581,91.95641691,PooledNostril,Day 3
IgA,Beta,CV06FH009,146.1397456,78.93525227,1.851387579,PooledNostril,Day 3
IgA,Alpha,CV06FH009,164.3615745,78.93525227,2.08223284,PooledNostril,Day 3
IgA,Delta,CV06FH009,213.2936648,78.93525227,2.702134455,PooledNostril,Day 3
IgA,Omicron.BA.1,CV06FH009,59.31078843,78.93525227,0.751385303,PooledNostril,Day 3
IgA,RBD,CV06FH009,120.7776661,78.93525227,1.530085261,PooledNostril,Day 3
IgA,Omicron.BA.5,CV06FH009,113.607089,78.93525227,1.439244011,PooledNostril,Day 3
IgA,Spike,CV06FH009,184.561756,78.93525227,2.33814108,PooledNostril,Day 3
IgA,Gamma,CV06FH009,149.058756,78.93525227,1.888367386,PooledNostril,Day 3
IgG,Alpha,CV06FH009,15470.29195,148.0298632,104.5079123,PooledNostril,Day 15
IgG,Delta,CV06FH009,15553.34322,148.0298632,105.0689563,PooledNostril,Day 15
IgG,Beta,CV06FH009,15561.98757,148.0298632,105.1273522,PooledNostril,Day 15
IgG,Gamma,CV06FH009,18485.84481,148.0298632,124.8791589,PooledNostril,Day 15
IgG,Omicron.BA.5,CV06FH009,7287.889843,148.0298632,49.23256488,PooledNostril,Day 15
IgG,Omicron.BA.1,CV06FH009,6420.406231,148.0298632,43.37237158,PooledNostril,Day 15
IgG,Spike,CV06FH009,18623.0147,148.0298632,125.8057955,PooledNostril,Day 15
IgG,RBD,CV06FH009,13585.71239,148.0298632,91.77683539,PooledNostril,Day 15
IgA,Alpha,CV06FH009,174.4027913,83.87610939,2.079290427,PooledNostril,Day 15
IgA,Beta,CV06FH009,160.4216967,83.87610939,1.912602979,PooledNostril,Day 15
IgA,Delta,CV06FH009,233.10364,83.87610939,2.779142257,PooledNostril,Day 15
IgA,Gamma,CV06FH009,170.0956668,83.87610939,2.027939399,PooledNostril,Day 15
IgA,Spike,CV06FH009,207.2942037,83.87610939,2.471433227,PooledNostril,Day 15
IgA,Omicron.BA.1,CV06FH009,66.63792603,83.87610939,0.794480413,PooledNostril,Day 15
IgA,RBD,CV06FH009,137.80344,83.87610939,1.642940296,PooledNostril,Day 15
IgA,Omicron.BA.5,CV06FH009,119.5174868,83.87610939,1.424928835,PooledNostril,Day 15
IgG,RBD,CV06FH010,3057.864489,68.24359146,44.80808268,Left,Day 1
IgA,Beta,CV06FH010,1187.883566,97.99127191,12.12234052,Left,Day 1
IgG,Spike,CV06FH010,4031.224686,68.24359146,59.07110982,Left,Day 1
IgG,Delta,CV06FH010,3503.516338,68.24359146,51.33839328,Left,Day 1
IgA,RBD,CV06FH010,812.7756459,97.99127191,8.294367754,Left,Day 1
IgA,Gamma,CV06FH010,1268.894922,97.99127191,12.94906064,Left,Day 1
IgG,Alpha,CV06FH010,3443.383276,68.24359146,50.45724005,Left,Day 1
IgA,Alpha,CV06FH010,955.0164821,97.99127191,9.745934138,Left,Day 1
IgG,Omicron.BA.1,CV06FH010,1768.065498,68.24359146,25.90815431,Left,Day 1
IgA,Omicron.BA.1,CV06FH010,642.4229798,97.99127191,6.555920413,Left,Day 1
IgA,Spike,CV06FH010,1306.894028,97.99127191,13.33684115,Left,Day 1
IgA,Omicron.BA.5,CV06FH010,937.8543984,97.99127191,9.570795237,Left,Day 1
IgG,Omicron.BA.5,CV06FH010,2356.797722,68.24359146,34.53507753,Left,Day 1
IgG,Gamma,CV06FH010,3365.810914,68.24359146,49.32054193,Left,Day 1
IgA,Delta,CV06FH010,1117.832325,97.99127191,11.40746827,Left,Day 1
IgG,Beta,CV06FH010,3533.603368,68.24359146,51.77927029,Left,Day 1
IgA,Beta,CV06FH010,1229.920153,177.1722357,6.941946336,Right,Day 1
IgA,Spike,CV06FH010,1001.473276,177.1722357,5.652540717,Right,Day 1
IgG,Spike,CV06FH010,2853.354164,70.64032234,40.39271154,Right,Day 1
IgA,Delta,CV06FH010,1028.446528,177.1722357,5.804783822,Right,Day 1
IgG,Gamma,CV06FH010,2395.351475,70.64032234,33.90912436,Right,Day 1
IgA,Alpha,CV06FH010,807.1856399,177.1722357,4.555937541,Right,Day 1
IgG,RBD,CV06FH010,2029.756459,70.64032234,28.73368059,Right,Day 1
IgA,Gamma,CV06FH010,1256.526391,177.1722357,7.092117935,Right,Day 1
IgG,Alpha,CV06FH010,2478.852043,70.64032234,35.09117684,Right,Day 1
IgG,Delta,CV06FH010,2545.916125,70.64032234,36.04055078,Right,Day 1
IgG,Omicron.BA.1,CV06FH010,1235.497708,70.64032234,17.48997834,Right,Day 1
IgA,Omicron.BA.1,CV06FH010,530.588435,177.1722357,2.994760623,Right,Day 1
IgA,Omicron.BA.5,CV06FH010,1013.451167,177.1722357,5.720146629,Right,Day 1
IgA,RBD,CV06FH010,677.6698158,177.1722357,3.824921061,Right,Day 1
IgG,Omicron.BA.5,CV06FH010,1749.570683,70.64032234,24.76730889,Right,Day 1
IgG,Beta,CV06FH010,2615.180823,70.64032234,37.02107715,Right,Day 1
IgG,Alpha,CV06FH010,2898.25971,70.91881129,40.86729116,PooledNostril,Day 1
IgG,Beta,CV06FH010,3022.621291,70.91881129,42.62086795,PooledNostril,Day 1
IgG,Delta,CV06FH010,3165.891593,70.91881129,44.64106964,PooledNostril,Day 1
IgG,Omicron.BA.1,CV06FH010,1571.946552,70.91881129,22.16543853,PooledNostril,Day 1
IgG,RBD,CV06FH010,2452.518691,70.91881129,34.58206147,PooledNostril,Day 1
IgG,Gamma,CV06FH010,2708.715122,70.91881129,38.19459284,PooledNostril,Day 1
IgG,Omicron.BA.5,CV06FH010,2063.296253,70.91881129,29.09377943,PooledNostril,Day 1
IgG,Spike,CV06FH010,3431.348893,70.91881129,48.38418511,PooledNostril,Day 1
IgA,Alpha,CV06FH010,863.9294807,129.2717656,6.683048514,PooledNostril,Day 1
IgA,Delta,CV06FH010,1044.23585,129.2717656,8.077833897,PooledNostril,Day 1
IgA,Beta,CV06FH010,1115.490684,129.2717656,8.62903573,PooledNostril,Day 1
IgA,Gamma,CV06FH010,1159.123634,129.2717656,8.966564576,PooledNostril,Day 1
IgA,Omicron.BA.1,CV06FH010,570.5001678,129.2717656,4.413184622,PooledNostril,Day 1
IgA,Omicron.BA.5,CV06FH010,898.0080131,129.2717656,6.946667814,PooledNostril,Day 1
IgA,Spike,CV06FH010,1132.541314,129.2717656,8.760933288,PooledNostril,Day 1
IgA,RBD,CV06FH010,743.218906,129.2717656,5.749274815,PooledNostril,Day 1
IgG,Alpha,CV06FH010,1599.968979,41.38541856,38.66021016,PooledNostril,Day 3
IgG,Beta,CV06FH010,1677.365066,41.38541856,40.53033954,PooledNostril,Day 3
IgG,Delta,CV06FH010,1787.555137,41.38541856,43.19287322,PooledNostril,Day 3
IgG,Gamma,CV06FH010,1525.637295,41.38541856,36.86412624,PooledNostril,Day 3
IgG,Omicron.BA.1,CV06FH010,853.6968207,41.38541856,20.6279615,PooledNostril,Day 3
IgG,RBD,CV06FH010,1022.935368,41.38541856,24.71728941,PooledNostril,Day 3
IgG,Omicron.BA.5,CV06FH010,1115.000371,41.38541856,26.94186527,PooledNostril,Day 3
IgG,Spike,CV06FH010,1864.588311,41.38541856,45.05423349,PooledNostril,Day 3
IgA,Alpha,CV06FH010,603.5117299,95.45672879,6.322359225,PooledNostril,Day 3
IgA,Beta,CV06FH010,841.154511,95.45672879,8.811893322,PooledNostril,Day 3
IgA,Delta,CV06FH010,754.8510678,95.45672879,7.907782692,PooledNostril,Day 3
IgA,Omicron.BA.1,CV06FH010,424.1145925,95.45672879,4.44300363,PooledNostril,Day 3
IgA,Gamma,CV06FH010,855.9097834,95.45672879,8.966468831,PooledNostril,Day 3
IgA,Spike,CV06FH010,792.7863729,95.45672879,8.305191085,PooledNostril,Day 3
IgA,Omicron.BA.5,CV06FH010,706.4143914,95.45672879,7.400362451,PooledNostril,Day 3
IgA,RBD,CV06FH010,517.3004039,95.45672879,5.419213611,PooledNostril,Day 3
IgG,Alpha,CV06FH010,2158.132853,48.63146477,44.37729489,PooledNostril,Day 15
IgG,Delta,CV06FH010,2225.210187,48.63146477,45.75659395,PooledNostril,Day 15
IgG,Beta,CV06FH010,2177.881548,48.63146477,44.78338372,PooledNostril,Day 15
IgG,Gamma,CV06FH010,1931.683743,48.63146477,39.72086287,PooledNostril,Day 15
IgG,Omicron.BA.1,CV06FH010,1040.891059,48.63146477,21.40365427,PooledNostril,Day 15
IgG,Omicron.BA.5,CV06FH010,1452.732183,48.63146477,29.87226869,PooledNostril,Day 15
IgG,RBD,CV06FH010,1866.694682,48.63146477,38.38450457,PooledNostril,Day 15
IgG,Spike,CV06FH010,2470.958019,48.63146477,50.80986211,PooledNostril,Day 15
IgA,Alpha,CV06FH010,744.6607018,94.77921699,7.856793139,PooledNostril,Day 15
IgA,Beta,CV06FH010,974.2909274,94.77921699,10.27958405,PooledNostril,Day 15
IgA,Delta,CV06FH010,884.8807746,94.77921699,9.336232169,PooledNostril,Day 15
IgA,Omicron.BA.1,CV06FH010,491.9837136,94.77921699,5.190839608,PooledNostril,Day 15
IgA,Gamma,CV06FH010,973.8862336,94.77921699,10.27531419,PooledNostril,Day 15
IgA,Omicron.BA.5,CV06FH010,819.0379201,94.77921699,8.641534992,PooledNostril,Day 15
IgA,Spike,CV06FH010,933.1386532,94.77921699,9.845393145,PooledNostril,Day 15
IgA,RBD,CV06FH010,666.8348255,94.77921699,7.035665061,PooledNostril,Day 15
IgA,Spike,CV06FH011,2647.012033,173.0438425,15.29677101,Left,Day 1
IgG,Delta,CV06FH011,6520.000528,38.94556525,167.4131698,Left,Day 1
IgA,Delta,CV06FH011,2340.543961,173.0438425,13.52572809,Left,Day 1
IgA,Omicron.BA.5,CV06FH011,1591.3659,173.0438425,9.196316244,Left,Day 1
IgG,Gamma,CV06FH011,7144.761612,38.94556525,183.4550755,Left,Day 1
IgG,Beta,CV06FH011,6554.633002,38.94556525,168.3024231,Left,Day 1
IgA,Alpha,CV06FH011,1894.068728,173.0438425,10.94560026,Left,Day 1
IgA,Omicron.BA.1,CV06FH011,1174.943978,173.0438425,6.789862967,Left,Day 1
IgA,RBD,CV06FH011,2253.162691,173.0438425,13.02076202,Left,Day 1
IgA,Gamma,CV06FH011,2104.405798,173.0438425,12.16111344,Left,Day 1
IgG,RBD,CV06FH011,7721.772273,38.94556525,198.2709,Left,Day 1
IgG,Omicron.BA.1,CV06FH011,2590.569265,38.94556525,66.51769588,Left,Day 1
IgA,Beta,CV06FH011,1970.670766,173.0438425,11.38827442,Left,Day 1
IgG,Alpha,CV06FH011,7690.191854,38.94556525,197.4600138,Left,Day 1
IgG,Omicron.BA.5,CV06FH011,3037.241526,38.94556525,77.98683897,Left,Day 1
IgG,Spike,CV06FH011,8859.594449,38.94556525,227.4866058,Left,Day 1
IgG,Omicron.BA.1,CV06FH011,2642.409217,39.50098339,66.89477046,Right,Day 1
IgG,Omicron.BA.5,CV06FH011,2871.162079,39.50098339,72.68583799,Right,Day 1
IgG,Delta,CV06FH011,6167.773637,39.50098339,156.1422807,Right,Day 1
IgG,Gamma,CV06FH011,6707.335706,39.50098339,169.8017398,Right,Day 1
IgA,Spike,CV06FH011,2933.541427,238.6281325,12.29335953,Right,Day 1
IgA,RBD,CV06FH011,2293.525991,238.6281325,9.611297573,Right,Day 1
IgA,Alpha,CV06FH011,2018.001387,238.6281325,8.456678455,Right,Day 1
IgG,Beta,CV06FH011,6173.837013,39.50098339,156.2957801,Right,Day 1
IgA,Omicron.BA.5,CV06FH011,1574.806057,238.6281325,6.599414914,Right,Day 1
IgA,Beta,CV06FH011,2027.719716,238.6281325,8.497404283,Right,Day 1
IgA,Gamma,CV06FH011,2123.923198,238.6281325,8.900556589,Right,Day 1
IgG,Alpha,CV06FH011,7473.859927,39.50098339,189.2069332,Right,Day 1
IgA,Omicron.BA.1,CV06FH011,1185.003264,238.6281325,4.965899248,Right,Day 1
IgA,Delta,CV06FH011,2432.344128,238.6281325,10.19303174,Right,Day 1
IgG,RBD,CV06FH011,7075.796263,39.50098339,179.129623,Right,Day 1
IgG,Spike,CV06FH011,9005.342533,39.50098339,227.9776795,Right,Day 1
IgG,Alpha,CV06FH011,6801.884488,33.52922141,202.8643733,PooledNostril,Day 1
IgG,Beta,CV06FH011,5617.27916,33.52922141,167.5338384,PooledNostril,Day 1
IgG,Delta,CV06FH011,5574.445749,33.52922141,166.2563434,PooledNostril,Day 1
IgG,Omicron.BA.1,CV06FH011,2423.303169,33.52922141,72.27436448,PooledNostril,Day 1
IgG,Gamma,CV06FH011,6087.219267,33.52922141,181.5496755,PooledNostril,Day 1
IgG,Omicron.BA.5,CV06FH011,2673.452196,33.52922141,79.73499187,PooledNostril,Day 1
IgG,RBD,CV06FH011,6805.213797,33.52922141,202.963669,PooledNostril,Day 1
IgA,Alpha,CV06FH011,1677.911968,160.2165164,10.47277775,PooledNostril,Day 1
IgA,Delta,CV06FH011,2080.200226,160.2165164,12.98368154,PooledNostril,Day 1
IgG,Spike,CV06FH011,8158.027691,33.52922141,243.3109791,PooledNostril,Day 1
IgA,Beta,CV06FH011,1770.470819,160.2165164,11.0504888,PooledNostril,Day 1
IgA,Gamma,CV06FH011,1833.401752,160.2165164,11.4432756,PooledNostril,Day 1
IgA,Omicron.BA.1,CV06FH011,1006.950283,160.2165164,6.284934324,PooledNostril,Day 1
IgA,Omicron.BA.5,CV06FH011,1413.524811,160.2165164,8.8225911,PooledNostril,Day 1
IgA,Spike,CV06FH011,2429.335981,160.2165164,15.16283112,PooledNostril,Day 1
IgA,RBD,CV06FH011,2000.331163,160.2165164,12.48517449,PooledNostril,Day 1
IgG,Alpha,CV06FH011,7429.804201,38.36439083,193.6640734,PooledNostril,Day 3
IgG,Beta,CV06FH011,6467.987882,38.36439083,168.5935249,PooledNostril,Day 3
IgG,Delta,CV06FH011,6369.039042,38.36439083,166.0143405,PooledNostril,Day 3
IgG,Gamma,CV06FH011,7016.459698,38.36439083,182.8899025,PooledNostril,Day 3
IgG,Omicron.BA.1,CV06FH011,2683.577091,38.36439083,69.94968598,PooledNostril,Day 3
IgG,Omicron.BA.5,CV06FH011,2941.590297,38.36439083,76.67501644,PooledNostril,Day 3
IgG,RBD,CV06FH011,7493.395548,38.36439083,195.3216351,PooledNostril,Day 3
IgA,Alpha,CV06FH011,1574.646217,154.5383648,10.18935472,PooledNostril,Day 3
IgG,Spike,CV06FH011,8867.791585,38.36439083,231.1464197,PooledNostril,Day 3
IgA,Beta,CV06FH011,1614.29128,154.5383648,10.44589336,PooledNostril,Day 3
IgA,Delta,CV06FH011,1883.887735,154.5383648,12.19042105,PooledNostril,Day 3
IgA,Gamma,CV06FH011,1797.362618,154.5383648,11.63052696,PooledNostril,Day 3
IgA,Spike,CV06FH011,2219.793713,154.5383648,14.36403003,PooledNostril,Day 3
IgA,Omicron.BA.1,CV06FH011,990.9286497,154.5383648,6.41218542,PooledNostril,Day 3
IgA,RBD,CV06FH011,1878.480336,154.5383648,12.15543039,PooledNostril,Day 3
IgA,Omicron.BA.5,CV06FH011,1286.88182,154.5383648,8.327264374,PooledNostril,Day 3
IgG,Alpha,CV06FH011,5890.666656,30.58464932,192.6020663,PooledNostril,Day 15
IgG,Beta,CV06FH011,4779.581083,30.58464932,156.273856,PooledNostril,Day 15
IgG,Delta,CV06FH011,4968.781305,30.58464932,162.4599731,PooledNostril,Day 15
IgG,Gamma,CV06FH011,5209.921205,30.58464932,170.3443172,PooledNostril,Day 15
IgG,Omicron.BA.1,CV06FH011,2046.813899,30.58464932,66.92291539,PooledNostril,Day 15
IgG,Omicron.BA.5,CV06FH011,2239.031786,30.58464932,73.20769849,PooledNostril,Day 15
IgG,RBD,CV06FH011,5149.379046,30.58464932,168.3648223,PooledNostril,Day 15
IgG,Spike,CV06FH011,6999.063729,30.58464932,228.8423731,PooledNostril,Day 15
IgA,Alpha,CV06FH011,1799.311884,191.012553,9.419861971,PooledNostril,Day 15
IgA,Omicron.BA.5,CV06FH011,1448.551127,191.012553,7.583538903,PooledNostril,Day 15
IgA,Delta,CV06FH011,2243.481523,191.012553,11.74520463,PooledNostril,Day 15
IgA,Omicron.BA.1,CV06FH011,1096.269726,191.012553,5.739254873,PooledNostril,Day 15
IgA,Beta,CV06FH011,1844.299829,191.012553,9.655385471,PooledNostril,Day 15
IgA,Gamma,CV06FH011,1956.6211,191.012553,10.2434163,PooledNostril,Day 15
IgA,RBD,CV06FH011,2075.937012,191.012553,10.86806589,PooledNostril,Day 15
IgA,Spike,CV06FH011,2598.097848,191.012553,13.60171259,PooledNostril,Day 15
IgG,Beta,CV06HC001,1134.532325,106.3096727,10.67195765,Left,Day 1
IgA,Omicron.BA.1,CV06HC001,137.6234601,63.9592774,2.151735693,Left,Day 1
IgA,Beta,CV06HC001,175.3559677,63.9592774,2.741681501,Left,Day 1
IgG,Delta,CV06HC001,1478.626297,106.3096727,13.90867133,Left,Day 1
IgG,Spike,CV06HC001,1739.920264,106.3096727,16.36652827,Left,Day 1
IgA,Delta,CV06HC001,223.2942502,63.9592774,3.491194074,Left,Day 1
IgA,Alpha,CV06HC001,237.3559389,63.9592774,3.711047851,Left,Day 1
IgG,Alpha,CV06HC001,1593.229316,106.3096727,14.98668254,Left,Day 1
IgG,Omicron.BA.5,CV06HC001,331.9551509,106.3096727,3.12253008,Left,Day 1
IgA,Omicron.BA.5,CV06HC001,108.8814064,63.9592774,1.702355168,Left,Day 1
IgA,Spike,CV06HC001,266.2887252,63.9592774,4.16341047,Left,Day 1
IgG,RBD,CV06HC001,1240.605624,106.3096727,11.66973421,Left,Day 1
IgA,Gamma,CV06HC001,189.8023307,63.9592774,2.967549642,Left,Day 1
IgG,Gamma,CV06HC001,1116.235736,106.3096727,10.49985111,Left,Day 1
IgG,Omicron.BA.1,CV06HC001,454.7163114,106.3096727,4.2772807,Left,Day 1
IgA,RBD,CV06HC001,257.3915733,63.9592774,4.024303959,Left,Day 1
IgA,Omicron.BA.1,CV06HC001,196.3288834,93.02858251,2.11041465,Right,Day 1
IgA,Beta,CV06HC001,244.5610389,93.02858251,2.628880633,Right,Day 1
IgG,Alpha,CV06HC001,1089.603868,72.72263012,14.98300964,Right,Day 1
IgG,Spike,CV06HC001,1243.685808,72.72263012,17.10177157,Right,Day 1
IgG,Delta,CV06HC001,989.9989133,72.72263012,13.61335408,Right,Day 1
IgA,Gamma,CV06HC001,254.2398161,93.02858251,2.732921531,Right,Day 1
IgG,Omicron.BA.1,CV06HC001,309.01297,72.72263012,4.249199589,Right,Day 1
IgA,RBD,CV06HC001,345.8908916,93.02858251,3.718114178,Right,Day 1
IgA,Spike,CV06HC001,365.4428913,93.02858251,3.92828614,Right,Day 1
IgA,Delta,CV06HC001,330.1316405,93.02858251,3.548711929,Right,Day 1
IgA,Alpha,CV06HC001,324.0114868,93.02858251,3.482924044,Right,Day 1
IgG,Beta,CV06HC001,750.5386461,72.72263012,10.32056521,Right,Day 1
IgG,Omicron.BA.5,CV06HC001,223.8556091,72.72263012,3.078211126,Right,Day 1
IgG,Gamma,CV06HC001,742.6491894,72.72263012,10.21207825,Right,Day 1
IgA,Omicron.BA.5,CV06HC001,149.1168747,93.02858251,1.602914617,Right,Day 1
IgG,RBD,CV06HC001,827.3357482,72.72263012,11.37659277,Right,Day 1
IgG,Alpha,CV06HC001,833.533358,21.26861452,39.19076897,PooledNostril,Day 1
IgG,Delta,CV06HC001,554.597167,21.26861452,26.07584835,PooledNostril,Day 1
IgG,Beta,CV06HC001,590.167411,21.26861452,27.74827718,PooledNostril,Day 1
IgG,Omicron.BA.1,CV06HC001,278.9578195,21.26861452,13.11593753,PooledNostril,Day 1
IgG,Gamma,CV06HC001,720.9981087,21.26861452,33.89962745,PooledNostril,Day 1
IgG,RBD,CV06HC001,634.5388742,21.26861452,29.83451854,PooledNostril,Day 1
IgA,Delta,CV06HC001,29.0148032,55.9264691,0.518802701,PooledNostril,Day 1
IgG,Omicron.BA.5,CV06HC001,257.3168665,21.26861452,12.09843106,PooledNostril,Day 1
IgA,Beta,CV06HC001,32.65541474,55.9264691,0.583899096,PooledNostril,Day 1
IgA,Alpha,CV06HC001,38.74413488,55.9264691,0.692769193,PooledNostril,Day 1
IgA,Omicron.BA.1,CV06HC001,16.0079123,55.9264691,0.286231413,PooledNostril,Day 1
IgG,Spike,CV06HC001,1082.752828,21.26861452,50.90847959,PooledNostril,Day 1
IgA,Gamma,CV06HC001,35.33435037,55.9264691,0.631800129,PooledNostril,Day 1
IgA,RBD,CV06HC001,24.93861432,55.9264691,0.445917912,PooledNostril,Day 1
IgA,Omicron.BA.5,CV06HC001,26.25502073,55.9264691,0.469456076,PooledNostril,Day 1
IgA,Spike,CV06HC001,38.49296716,55.9264691,0.688278158,PooledNostril,Day 1
IgG,Alpha,CV06HC001,552.9725131,34.05472019,16.2377641,PooledNostril,Day 3
IgG,Beta,CV06HC001,375.3650773,34.05472019,11.02240967,PooledNostril,Day 3
IgG,Delta,CV06HC001,531.9659641,34.05472019,15.62091719,PooledNostril,Day 3
IgG,Omicron.BA.1,CV06HC001,150.6886103,34.05472019,4.424896444,PooledNostril,Day 3
IgG,RBD,CV06HC001,394.7520336,34.05472019,11.59169805,PooledNostril,Day 3
IgA,Alpha,CV06HC001,58.62816122,24.95129977,2.349703693,PooledNostril,Day 3
IgG,Gamma,CV06HC001,357.4038631,34.05472019,10.49498751,PooledNostril,Day 3
IgG,Omicron.BA.5,CV06HC001,116.2614788,34.05472019,3.413960771,PooledNostril,Day 3
IgG,Spike,CV06HC001,600.6723856,34.05472019,17.63844725,PooledNostril,Day 3
IgA,Beta,CV06HC001,42.31173472,24.95129977,1.69577277,PooledNostril,Day 3
IgA,Delta,CV06HC001,63.29012867,24.95129977,2.536546362,PooledNostril,Day 3
IgA,RBD,CV06HC001,70.46334154,24.95129977,2.824034907,PooledNostril,Day 3
IgA,Gamma,CV06HC001,46.76721723,24.95129977,1.87433992,PooledNostril,Day 3
IgA,Omicron.BA.5,CV06HC001,25.27882817,24.95129977,1.013126707,PooledNostril,Day 3
IgA,Spike,CV06HC001,66.52254405,24.95129977,2.66609534,PooledNostril,Day 3
IgA,Omicron.BA.1,CV06HC001,39.51371582,24.95129977,1.583633565,PooledNostril,Day 3
IgG,Alpha,CV06HC001,536.4554098,33.73038974,15.90421617,PooledNostril,Day 15
IgG,Delta,CV06HC001,461.6781113,33.73038974,13.68730439,PooledNostril,Day 15
IgG,Beta,CV06HC001,378.0390964,33.73038974,11.20767057,PooledNostril,Day 15
IgG,Gamma,CV06HC001,392.3425189,33.73038974,11.63172208,PooledNostril,Day 15
IgG,Omicron.BA.5,CV06HC001,112.5815947,33.73038974,3.337690301,PooledNostril,Day 15
IgG,Omicron.BA.1,CV06HC001,155.067369,33.73038974,4.597259925,PooledNostril,Day 15
IgG,Spike,CV06HC001,637.0075639,33.73038974,18.88527138,PooledNostril,Day 15
IgG,RBD,CV06HC001,425.4454026,33.73038974,12.61311849,PooledNostril,Day 15
IgA,Alpha,CV06HC001,63.8058227,28.11020571,2.269845456,PooledNostril,Day 15
IgA,Delta,CV06HC001,66.5299782,28.11020571,2.366755295,PooledNostril,Day 15
IgA,Gamma,CV06HC001,52.30130485,28.11020571,1.860580652,PooledNostril,Day 15
IgA,Omicron.BA.5,CV06HC001,28.42464098,28.11020571,1.011185805,PooledNostril,Day 15
IgA,Beta,CV06HC001,46.63467408,28.11020571,1.658994408,PooledNostril,Day 15
IgA,Omicron.BA.1,CV06HC001,40.54302987,28.11020571,1.442288623,PooledNostril,Day 15
IgA,Spike,CV06HC001,72.0817283,28.11020571,2.564254743,PooledNostril,Day 15
IgA,RBD,CV06HC001,80.48301717,28.11020571,2.863124447,PooledNostril,Day 15
IgG,Alpha,CV06HC002,1337.841838,94.06942629,14.22185604,PooledNostril,Day 1
IgG,Delta,CV06HC002,1219.993734,94.06942629,12.96907808,PooledNostril,Day 1
IgG,Beta,CV06HC002,918.8927347,94.06942629,9.768240022,PooledNostril,Day 1
IgG,Gamma,CV06HC002,922.076552,94.06942629,9.802085421,PooledNostril,Day 1
IgA,Beta,CV06HC002,207.671867,74.96810857,2.770136141,PooledNostril,Day 1
IgG,Omicron.BA.1,CV06HC002,384.0311335,94.06942629,4.082422405,PooledNostril,Day 1
IgG,RBD,CV06HC002,1065.898404,94.06942629,11.33097592,PooledNostril,Day 1
IgA,Alpha,CV06HC002,278.8800204,74.96810857,3.71998208,PooledNostril,Day 1
IgA,Delta,CV06HC002,265.7981597,74.96810857,3.545483069,PooledNostril,Day 1
IgG,Omicron.BA.5,CV06HC002,280.1196072,94.06942629,2.977796488,PooledNostril,Day 1
IgG,Spike,CV06HC002,1574.369511,94.06942629,16.7362508,PooledNostril,Day 1
IgA,Gamma,CV06HC002,218.3514045,74.96810857,2.912590549,PooledNostril,Day 1
IgA,Omicron.BA.1,CV06HC002,162.8527055,74.96810857,2.172293107,PooledNostril,Day 1
IgA,RBD,CV06HC002,291.2716878,74.96810857,3.885274597,PooledNostril,Day 1
IgA,Omicron.BA.5,CV06HC002,128.2778351,74.96810857,1.711098726,PooledNostril,Day 1
IgA,Spike,CV06HC002,317.9845745,74.96810857,4.241597935,PooledNostril,Day 1
IgG,RBD,CV06HC002,566.6570149,18.68609207,30.32506812,Left,Day 1
IgG,Omicron.BA.1,CV06HC002,266.9962763,18.68609207,14.28850266,Left,Day 1
IgA,RBD,CV06HC002,30.96832268,64.90260104,0.477150718,Left,Day 1
IgG,Spike,CV06HC002,1075.508082,18.68609207,57.55660829,Left,Day 1
IgA,Gamma,CV06HC002,46.90520674,64.90260104,0.722701494,Left,Day 1
IgA,Beta,CV06HC002,42.63650653,64.90260104,0.656930629,Left,Day 1
IgG,Omicron.BA.5,CV06HC002,251.4258296,18.68609207,13.45523872,Left,Day 1
IgG,Delta,CV06HC002,572.0036396,18.68609207,30.61119669,Left,Day 1
IgA,Alpha,CV06HC002,48.14541442,64.90260104,0.741810246,Left,Day 1
IgA,Omicron.BA.1,CV06HC002,17.63296587,64.90260104,0.271683501,Left,Day 1
IgA,Omicron.BA.5,CV06HC002,34.79712012,64.90260104,0.536143692,Left,Day 1
IgG,Gamma,CV06HC002,668.1144535,18.68609207,35.75463778,Left,Day 1
IgG,Beta,CV06HC002,562.3138643,18.68609207,30.09264122,Left,Day 1
IgA,Spike,CV06HC002,49.17652926,64.90260104,0.757697357,Left,Day 1
IgA,Delta,CV06HC002,35.95366088,64.90260104,0.553963328,Left,Day 1
IgG,Alpha,CV06HC002,769.327063,18.68609207,41.17110524,Left,Day 1
IgG,Spike,CV06HC002,1240.464425,24.56166365,50.50408812,Right,Day 1
IgG,RBD,CV06HC002,626.4022685,24.56166365,25.50325082,Right,Day 1
IgA,Omicron.BA.1,CV06HC002,16.56367745,52.29443529,0.316738815,Right,Day 1
IgA,Beta,CV06HC002,36.41883882,52.29443529,0.696419009,Right,Day 1
IgG,Omicron.BA.5,CV06HC002,299.7353102,24.56166365,12.20337981,Right,Day 1
IgA,RBD,CV06HC002,30.12344534,52.29443529,0.576035388,Right,Day 1
IgG,Gamma,CV06HC002,810.0183518,24.56166365,32.97896932,Right,Day 1
IgA,Spike,CV06HC002,38.58436893,52.29443529,0.737829345,Right,Day 1
IgG,Omicron.BA.1,CV06HC002,314.5664335,24.56166365,12.80721201,Right,Day 1
IgG,Delta,CV06HC002,671.8670471,24.56166365,27.3542972,Right,Day 1
IgA,Omicron.BA.5,CV06HC002,26.71637025,52.29443529,0.510883617,Right,Day 1
IgA,Delta,CV06HC002,29.98967808,52.29443529,0.573477425,Right,Day 1
IgA,Alpha,CV06HC002,39.35888946,52.29443529,0.752640109,Right,Day 1
IgG,Beta,CV06HC002,673.1567425,24.56166365,27.40680567,Right,Day 1
IgG,Alpha,CV06HC002,947.5596648,24.56166365,38.57880633,Right,Day 1
IgA,Gamma,CV06HC002,37.84132132,52.29443529,0.723620422,Right,Day 1
IgG,Alpha,CV06HC002,1860.419869,61.12082663,30.43839509,PooledNostril,Day 3
IgG,Delta,CV06HC002,1330.705138,61.12082663,21.77171369,PooledNostril,Day 3
IgG,Omicron.BA.1,CV06HC002,640.7771393,61.12082663,10.48377737,PooledNostril,Day 3
IgG,Beta,CV06HC002,1355.901637,61.12082663,22.1839545,PooledNostril,Day 3
IgG,Gamma,CV06HC002,1614.743887,61.12082663,26.41888169,PooledNostril,Day 3
IgG,Omicron.BA.5,CV06HC002,592.1436816,61.12082663,9.688083656,PooledNostril,Day 3
IgG,RBD,CV06HC002,1381.126825,61.12082663,22.59666468,PooledNostril,Day 3
IgA,Alpha,CV06HC002,31.92874414,82.5550527,0.386756995,PooledNostril,Day 3
IgG,Spike,CV06HC002,2486.811007,61.12082663,40.68680259,PooledNostril,Day 3
IgA,Beta,CV06HC002,26.29532732,82.5550527,0.318518691,PooledNostril,Day 3
IgA,Delta,CV06HC002,24.81753858,82.5550527,0.300618045,PooledNostril,Day 3
IgA,Gamma,CV06HC002,27.09863195,82.5550527,0.328249224,PooledNostril,Day 3
IgA,Omicron.BA.5,CV06HC002,21.98253205,82.5550527,0.266277246,PooledNostril,Day 3
IgA,Omicron.BA.1,CV06HC002,16.00450963,82.5550527,0.193864689,PooledNostril,Day 3
IgA,RBD,CV06HC002,23.72609339,82.5550527,0.287397229,PooledNostril,Day 3
IgA,Spike,CV06HC002,34.76861252,82.5550527,0.421156687,PooledNostril,Day 3
IgG,Alpha,CV06HC002,1680.067434,46.04419855,36.48814589,PooledNostril,Day 15
IgG,Beta,CV06HC002,1165.983022,46.04419855,25.32312558,PooledNostril,Day 15
IgG,Delta,CV06HC002,1136.374682,46.04419855,24.68008388,PooledNostril,Day 15
IgG,Omicron.BA.1,CV06HC002,559.103731,46.04419855,12.14276171,PooledNostril,Day 15
IgG,Gamma,CV06HC002,1419.316065,46.04419855,30.82507917,PooledNostril,Day 15
IgG,Omicron.BA.5,CV06HC002,519.1480649,46.04419855,11.27499406,PooledNostril,Day 15
IgG,RBD,CV06HC002,1223.143647,46.04419855,26.56455505,PooledNostril,Day 15
IgG,Spike,CV06HC002,2112.730285,46.04419855,45.88483136,PooledNostril,Day 15
IgA,Alpha,CV06HC002,56.55845595,145.3389664,0.389148605,PooledNostril,Day 15
IgA,Beta,CV06HC002,46.44211151,145.3389664,0.319543428,PooledNostril,Day 15
IgA,Delta,CV06HC002,42.4975824,145.3389664,0.292403224,PooledNostril,Day 15
IgA,Gamma,CV06HC002,49.10740122,145.3389664,0.337881866,PooledNostril,Day 15
IgA,Omicron.BA.5,CV06HC002,40.93096473,145.3389664,0.281624163,PooledNostril,Day 15
IgA,RBD,CV06HC002,37.63240383,145.3389664,0.258928523,PooledNostril,Day 15
IgA,Omicron.BA.1,CV06HC002,23.66296363,145.3389664,0.162812247,PooledNostril,Day 15
IgA,Spike,CV06HC002,54.43934191,145.3389664,0.37456811,PooledNostril,Day 15
IgG,Alpha,CV06HC003,45990.99949,237.4385976,193.6963912,PooledNostril,Day 1
IgG,Beta,CV06HC003,36739.73267,237.4385976,154.7336155,PooledNostril,Day 1
IgG,Delta,CV06HC003,42026.59287,237.4385976,176.9998362,PooledNostril,Day 1
IgG,Omicron.BA.1,CV06HC003,16018.79345,237.4385976,67.46499352,PooledNostril,Day 1
IgG,Gamma,CV06HC003,38652.52266,237.4385976,162.7895509,PooledNostril,Day 1
IgG,RBD,CV06HC003,37616.2274,237.4385976,158.425074,PooledNostril,Day 1
IgG,Omicron.BA.5,CV06HC003,18209.18386,237.4385976,76.69007503,PooledNostril,Day 1
IgG,Spike,CV06HC003,54319.8095,237.4385976,228.7741338,PooledNostril,Day 1
IgA,Alpha,CV06HC003,816.1392042,783.7693276,1.04130026,PooledNostril,Day 1
IgA,Omicron.BA.1,CV06HC003,313.7117229,783.7693276,0.40026027,PooledNostril,Day 1
IgA,Beta,CV06HC003,797.286612,783.7693276,1.017246509,PooledNostril,Day 1
IgA,Delta,CV06HC003,1120.56759,783.7693276,1.429716054,PooledNostril,Day 1
IgA,RBD,CV06HC003,764.3470232,783.7693276,0.975219362,PooledNostril,Day 1
IgA,Gamma,CV06HC003,828.1652833,783.7693276,1.056644161,PooledNostril,Day 1
IgA,Omicron.BA.5,CV06HC003,890.4340376,783.7693276,1.136091968,PooledNostril,Day 1
IgA,Spike,CV06HC003,1069.96076,783.7693276,1.365147527,PooledNostril,Day 1
IgA,Beta,CV06HC003,568.109836,452.933971,1.254288423,Right,Day 1
IgG,Delta,CV06HC003,30099.77666,207.7173795,144.9073579,Right,Day 1
IgA,Omicron.BA.5,CV06HC003,604.6630761,452.933971,1.334991665,Right,Day 1
IgA,Gamma,CV06HC003,590.5636705,452.933971,1.303862612,Right,Day 1
IgG,RBD,CV06HC003,27729.46026,207.7173795,133.4961009,Right,Day 1
IgG,Gamma,CV06HC003,28300.26521,207.7173795,136.2440893,Right,Day 1
IgA,Omicron.BA.1,CV06HC003,215.6678647,452.933971,0.476157406,Right,Day 1
IgG,Omicron.BA.5,CV06HC003,13879.53584,207.7173795,66.81932861,Right,Day 1
IgG,Spike,CV06HC003,38642.47774,207.7173795,186.033917,Right,Day 1
IgA,Delta,CV06HC003,775.2257116,452.933971,1.711564513,Right,Day 1
IgA,RBD,CV06HC003,518.9853988,452.933971,1.145830148,Right,Day 1
IgG,Beta,CV06HC003,23982.25659,207.7173795,115.4561869,Right,Day 1
IgG,Omicron.BA.1,CV06HC003,11012.73405,207.7173795,53.01787495,Right,Day 1
IgG,Alpha,CV06HC003,32220.36791,207.7173795,155.1163797,Right,Day 1
IgA,Spike,CV06HC003,729.7134229,452.933971,1.611081239,Right,Day 1
IgA,Alpha,CV06HC003,578.4752736,452.933971,1.277173519,Right,Day 1
IgG,Gamma,CV06HC003,30922.43678,233.1758268,132.6142474,Left,Day 1
IgA,Delta,CV06HC003,949.1334584,807.8852665,1.174836945,Left,Day 1
IgG,Alpha,CV06HC003,34806.86062,233.1758268,149.2730233,Left,Day 1
IgA,Gamma,CV06HC003,714.061633,807.8852665,0.883865151,Left,Day 1
IgA,Omicron.BA.5,CV06HC003,784.3758117,807.8852665,0.970900008,Left,Day 1
IgA,Omicron.BA.1,CV06HC003,288.1220874,807.8852665,0.356637383,Left,Day 1
IgG,Omicron.BA.5,CV06HC003,15137.7028,233.1758268,64.91969176,Left,Day 1
IgA,Spike,CV06HC003,930.2380418,807.8852665,1.151448207,Left,Day 1
IgG,RBD,CV06HC003,29283.03244,233.1758268,125.5834828,Left,Day 1
IgG,Delta,CV06HC003,33697.9329,233.1758268,144.5172656,Left,Day 1
IgA,Beta,CV06HC003,688.0535393,807.8852665,0.851672345,Left,Day 1
IgA,RBD,CV06HC003,671.102919,807.8852665,0.830690875,Left,Day 1
IgG,Beta,CV06HC003,26594.5252,233.1758268,114.0535259,Left,Day 1
IgG,Spike,CV06HC003,44340.05205,233.1758268,190.1571559,Left,Day 1
IgG,Omicron.BA.1,CV06HC003,12635.84497,233.1758268,54.1902012,Left,Day 1
IgA,Alpha,CV06HC003,724.8598402,807.8852665,0.897231167,Left,Day 1
IgG,Alpha,CV06HC003,58844.18857,298.7744992,196.951844,PooledNostril,Day 3
IgG,Delta,CV06HC003,52081.92696,298.7744992,174.3185148,PooledNostril,Day 3
IgG,Beta,CV06HC003,43248.26679,298.7744992,144.7522024,PooledNostril,Day 3
IgG,Gamma,CV06HC003,50450.77617,298.7744992,168.8590435,PooledNostril,Day 3
IgG,Omicron.BA.1,CV06HC003,21013.37134,298.7744992,70.33187704,PooledNostril,Day 3
IgG,Omicron.BA.5,CV06HC003,24956.17765,298.7744992,83.52847288,PooledNostril,Day 3
IgG,RBD,CV06HC003,47782.93407,298.7744992,159.9297604,PooledNostril,Day 3
IgA,Alpha,CV06HC003,751.8853802,411.3465037,1.827863792,PooledNostril,Day 3
IgA,Delta,CV06HC003,1017.31005,411.3465037,2.473121907,PooledNostril,Day 3
IgG,Spike,CV06HC003,71381.09892,298.7744992,238.9129565,PooledNostril,Day 3
IgA,Beta,CV06HC003,755.67033,411.3465037,1.837065158,PooledNostril,Day 3
IgA,Gamma,CV06HC003,782.5276347,411.3465037,1.902356353,PooledNostril,Day 3
IgA,Omicron.BA.1,CV06HC003,268.204647,411.3465037,0.652016352,PooledNostril,Day 3
IgA,Omicron.BA.5,CV06HC003,870.7682429,411.3465037,2.116872843,PooledNostril,Day 3
IgA,RBD,CV06HC003,794.51919,411.3465037,1.931508309,PooledNostril,Day 3
IgA,Spike,CV06HC003,969.0560002,411.3465037,2.355814359,PooledNostril,Day 3
IgG,Alpha,CV06HC003,44848.61062,344.0811798,130.3431087,PooledNostril,Day 15
IgG,Delta,CV06HC003,41164.0706,344.0811798,119.6347636,PooledNostril,Day 15
IgG,Beta,CV06HC003,33888.53075,344.0811798,98.48992836,PooledNostril,Day 15
IgG,Gamma,CV06HC003,38786.45543,344.0811798,112.7247223,PooledNostril,Day 15
IgG,RBD,CV06HC003,36249.06544,344.0811798,105.3503288,PooledNostril,Day 15
IgA,Alpha,CV06HC003,845.7683536,486.1961291,1.739562088,PooledNostril,Day 15
IgG,Omicron.BA.5,CV06HC003,19388.01834,344.0811798,56.34722118,PooledNostril,Day 15
IgG,Spike,CV06HC003,54051.19018,344.0811798,157.0884819,PooledNostril,Day 15
IgA,Beta,CV06HC003,838.3910804,486.1961291,1.724388637,PooledNostril,Day 15
IgG,Omicron.BA.1,CV06HC003,15486.57428,344.0811798,45.00848983,PooledNostril,Day 15
IgA,Delta,CV06HC003,1078.561449,486.1961291,2.218367002,PooledNostril,Day 15
IgA,Gamma,CV06HC003,810.7165825,486.1961291,1.667468196,PooledNostril,Day 15
IgA,Omicron.BA.5,CV06HC003,946.2419367,486.1961291,1.94621446,PooledNostril,Day 15
IgA,RBD,CV06HC003,845.1932146,486.1961291,1.738379152,PooledNostril,Day 15
IgA,Spike,CV06HC003,1116.756721,486.1961291,2.296926393,PooledNostril,Day 15
IgA,Omicron.BA.1,CV06HC003,302.1166004,486.1961291,0.621388329,PooledNostril,Day 15
IgG,Alpha,CV06HC004,590.5286103,37.57313355,15.71677831,PooledNostril,Day 1
IgG,Beta,CV06HC004,338.2294791,37.57313355,9.001897025,PooledNostril,Day 1
IgG,Delta,CV06HC004,456.3001444,37.57313355,12.14431966,PooledNostril,Day 1
IgG,Gamma,CV06HC004,500.0717989,37.57313355,13.30929182,PooledNostril,Day 1
IgG,Omicron.BA.1,CV06HC004,136.3041604,37.57313355,3.627702763,PooledNostril,Day 1
IgG,Omicron.BA.5,CV06HC004,183.3165319,37.57313355,4.878925833,PooledNostril,Day 1
IgG,RBD,CV06HC004,564.5675516,37.57313355,15.02583091,PooledNostril,Day 1
IgG,Spike,CV06HC004,763.358061,37.57313355,20.31659297,PooledNostril,Day 1
IgA,Alpha,CV06HC004,42.11507841,93.67850216,0.449570365,PooledNostril,Day 1
IgA,Delta,CV06HC004,41.32082998,93.67850216,0.441091916,PooledNostril,Day 1
IgA,Beta,CV06HC004,52.44527791,93.67850216,0.559843259,PooledNostril,Day 1
IgA,Gamma,CV06HC004,75.65388391,93.67850216,0.807590666,PooledNostril,Day 1
IgA,Omicron.BA.1,CV06HC004,26.92962941,93.67850216,0.287468617,PooledNostril,Day 1
IgA,Spike,CV06HC004,88.88307623,93.67850216,0.94880975,PooledNostril,Day 1
IgA,RBD,CV06HC004,29.32923082,93.67850216,0.3130839,PooledNostril,Day 1
IgA,Omicron.BA.5,CV06HC004,76.68141263,93.67850216,0.818559337,PooledNostril,Day 1
IgG,Alpha,CV06HC004,566.4352069,35.36126361,16.01852279,PooledNostril,Day 3
IgG,Beta,CV06HC004,317.3084247,35.36126361,8.973333877,PooledNostril,Day 3
IgG,Delta,CV06HC004,417.7072655,35.36126361,11.81256615,PooledNostril,Day 3
IgG,Gamma,CV06HC004,487.5917373,35.36126361,13.78886633,PooledNostril,Day 3
IgG,Omicron.BA.1,CV06HC004,128.6731704,35.36126361,3.63881709,PooledNostril,Day 3
IgG,Omicron.BA.5,CV06HC004,169.7298313,35.36126361,4.799880263,PooledNostril,Day 3
IgG,RBD,CV06HC004,555.1443099,35.36126361,15.6992215,PooledNostril,Day 3
IgG,Spike,CV06HC004,759.00499,35.36126361,21.46430621,PooledNostril,Day 3
IgA,Alpha,CV06HC004,48.39854444,106.8430567,0.452987269,PooledNostril,Day 3
IgA,Delta,CV06HC004,47.80067929,106.8430567,0.447391536,PooledNostril,Day 3
IgA,Beta,CV06HC004,53.05825272,106.8430567,0.496599913,PooledNostril,Day 3
IgA,Gamma,CV06HC004,85.05753082,106.8430567,0.796097879,PooledNostril,Day 3
IgA,Omicron.BA.1,CV06HC004,27.73198321,106.8430567,0.259558123,PooledNostril,Day 3
IgA,Spike,CV06HC004,99.5057293,106.8430567,0.931326118,PooledNostril,Day 3
IgA,RBD,CV06HC004,36.37641424,106.8430567,0.34046587,PooledNostril,Day 3
IgA,Omicron.BA.5,CV06HC004,77.44278214,106.8430567,0.724827467,PooledNostril,Day 3
IgG,Alpha,CV06HC004,471.2784497,30.64547022,15.37840491,PooledNostril,Day 15
IgG,Beta,CV06HC004,267.899674,30.64547022,8.741901236,PooledNostril,Day 15
IgG,Delta,CV06HC004,375.5994644,30.64547022,12.25628002,PooledNostril,Day 15
IgG,Gamma,CV06HC004,401.2284718,30.64547022,13.09258657,PooledNostril,Day 15
IgG,Omicron.BA.1,CV06HC004,110.9477987,30.64547022,3.620365356,PooledNostril,Day 15
IgG,Omicron.BA.5,CV06HC004,144.0116447,30.64547022,4.69927998,PooledNostril,Day 15
IgG,RBD,CV06HC004,438.8348271,30.64547022,14.31972895,PooledNostril,Day 15
IgA,Alpha,CV06HC004,25.72242834,57.78602711,0.44513232,PooledNostril,Day 15
IgA,Delta,CV06HC004,25.7450238,57.78602711,0.44552334,PooledNostril,Day 15
IgG,Spike,CV06HC004,654.0100067,30.64547022,21.34116403,PooledNostril,Day 15
IgA,Beta,CV06HC004,27.26031729,57.78602711,0.471745829,PooledNostril,Day 15
IgA,Gamma,CV06HC004,42.08830526,57.78602711,0.728347446,PooledNostril,Day 15
IgA,Omicron.BA.1,CV06HC004,12.20490044,57.78602711,0.211208506,PooledNostril,Day 15
IgA,Omicron.BA.5,CV06HC004,39.44741457,57.78602711,0.682646248,PooledNostril,Day 15
IgA,Spike,CV06HC004,52.7758573,57.78602711,0.913297902,PooledNostril,Day 15
IgA,RBD,CV06HC004,18.17683896,57.78602711,0.314554225,PooledNostril,Day 15
IgA,Delta,CV06HC005,2870.412143,778.7643878,3.685854397,Left,Day 1
IgA,Spike,CV06HC005,3103.578624,778.7643878,3.985260077,Left,Day 1
IgA,Alpha,CV06HC005,2175.797598,778.7643878,2.793909984,Left,Day 1
IgG,Alpha,CV06HC005,44843.98964,165.7630928,270.5306041,Left,Day 1
IgG,Gamma,CV06HC005,47420.57708,165.7630928,286.0743985,Left,Day 1
IgA,Omicron.BA.5,CV06HC005,2025.697323,778.7643878,2.601168408,Left,Day 1
IgA,Gamma,CV06HC005,2490.627544,778.7643878,3.198178528,Left,Day 1
IgG,Spike,CV06HC005,53132.61067,165.7630928,320.5334177,Left,Day 1
IgG,Omicron.BA.5,CV06HC005,21565.52959,165.7630928,130.0984991,Left,Day 1
IgG,RBD,CV06HC005,49326.36543,165.7630928,297.5714592,Left,Day 1
IgG,Delta,CV06HC005,39798.51761,165.7630928,240.0927549,Left,Day 1
IgA,Omicron.BA.1,CV06HC005,1959.668773,778.7643878,2.516382109,Left,Day 1
IgA,RBD,CV06HC005,3612.166503,778.7643878,4.638330359,Left,Day 1
IgG,Omicron.BA.1,CV06HC005,26238.564,165.7630928,158.2895417,Left,Day 1
IgG,Beta,CV06HC005,41643.64114,165.7630928,251.2238426,Left,Day 1
IgA,Beta,CV06HC005,2197.666447,778.7643878,2.821991454,Left,Day 1
IgA,Alpha,CV06HC005,906.5991962,254.6698406,3.55990012,Right,Day 1
IgG,Gamma,CV06HC005,17279.45659,75.03766203,230.2771185,Right,Day 1
IgA,Delta,CV06HC005,1147.62785,254.6698406,4.506335919,Right,Day 1
IgG,Delta,CV06HC005,14018.78676,75.03766203,186.8233415,Right,Day 1
IgA,Omicron.BA.1,CV06HC005,811.6176704,254.6698406,3.186940662,Right,Day 1
IgG,Spike,CV06HC005,20590.30403,75.03766203,274.3995945,Right,Day 1
IgG,Alpha,CV06HC005,16948.83793,75.03766203,225.8710823,Right,Day 1
IgG,RBD,CV06HC005,17908.25104,75.03766203,238.6568365,Right,Day 1
IgG,Beta,CV06HC005,15089.60706,75.03766203,201.0937794,Right,Day 1
IgG,Omicron.BA.1,CV06HC005,9603.077064,75.03766203,127.9767627,Right,Day 1
IgA,RBD,CV06HC005,1468.828772,254.6698406,5.767580362,Right,Day 1
IgA,Spike,CV06HC005,1215.744711,254.6698406,4.773807167,Right,Day 1
IgA,Beta,CV06HC005,917.5014449,254.6698406,3.602709463,Right,Day 1
IgA,Omicron.BA.5,CV06HC005,845.6798289,254.6698406,3.320690926,Right,Day 1
IgG,Omicron.BA.5,CV06HC005,7842.591103,75.03766203,104.5153979,Right,Day 1
IgA,Gamma,CV06HC005,1043.239802,254.6698406,4.096440313,Right,Day 1
IgG,Alpha,CV06HC005,20504.37441,86.90692509,235.9348738,PooledNostril,Day 1
IgG,Delta,CV06HC005,16775.48821,86.90692509,193.0282103,PooledNostril,Day 1
IgG,Beta,CV06HC005,18241.29496,86.90692509,209.8946078,PooledNostril,Day 1
IgG,Omicron.BA.1,CV06HC005,11579.35101,86.90692509,133.2385307,PooledNostril,Day 1
IgG,Gamma,CV06HC005,20990.35469,86.90692509,241.5268365,PooledNostril,Day 1
IgG,Spike,CV06HC005,25172.15552,86.90692509,289.6449908,PooledNostril,Day 1
IgA,Alpha,CV06HC005,1005.653601,260.841578,3.855419098,PooledNostril,Day 1
IgG,Omicron.BA.5,CV06HC005,9478.373172,86.90692509,109.0634971,PooledNostril,Day 1
IgA,Beta,CV06HC005,1040.573503,260.841578,3.989293083,PooledNostril,Day 1
IgA,Gamma,CV06HC005,1184.230072,260.841578,4.540035683,PooledNostril,Day 1
IgG,RBD,CV06HC005,21775.65352,86.90692509,250.5629269,PooledNostril,Day 1
IgA,Delta,CV06HC005,1298.786719,260.841578,4.979216614,PooledNostril,Day 1
IgA,Omicron.BA.5,CV06HC005,953.7689274,260.841578,3.656506507,PooledNostril,Day 1
IgA,Omicron.BA.1,CV06HC005,917.0106668,260.841578,3.515584723,PooledNostril,Day 1
IgA,RBD,CV06HC005,1668.968636,260.841578,6.398399552,PooledNostril,Day 1
IgA,Spike,CV06HC005,1470.053497,260.841578,5.635809706,PooledNostril,Day 1
IgG,Alpha,CV06HC005,14578.07482,47.62583134,306.0959654,PooledNostril,Day 3
IgG,Delta,CV06HC005,7896.119696,47.62583134,165.7948948,PooledNostril,Day 3
IgG,Beta,CV06HC005,7989.425908,47.62583134,167.7540461,PooledNostril,Day 3
IgG,Gamma,CV06HC005,8289.041026,47.62583134,174.0450674,PooledNostril,Day 3
IgG,Omicron.BA.1,CV06HC005,7547.413833,47.62583134,158.4731147,PooledNostril,Day 3
IgG,RBD,CV06HC005,10904.34601,47.62583134,228.9586492,PooledNostril,Day 3
IgG,Omicron.BA.5,CV06HC005,4127.979193,47.62583134,86.67521547,PooledNostril,Day 3
IgA,Beta,CV06HC005,611.0171955,182.3656738,3.350505513,PooledNostril,Day 3
IgG,Spike,CV06HC005,11769.5471,47.62583134,247.1252841,PooledNostril,Day 3
IgA,Gamma,CV06HC005,653.4741659,182.3656738,3.583317805,PooledNostril,Day 3
IgA,Alpha,CV06HC005,612.490457,182.3656738,3.358584126,PooledNostril,Day 3
IgA,Delta,CV06HC005,817.3071068,182.3656738,4.481693785,PooledNostril,Day 3
IgA,Omicron.BA.1,CV06HC005,536.7830632,182.3656738,2.943443533,PooledNostril,Day 3
IgA,Spike,CV06HC005,861.3669891,182.3656738,4.723295625,PooledNostril,Day 3
IgA,Omicron.BA.5,CV06HC005,578.2970089,182.3656738,3.17108476,PooledNostril,Day 3
IgA,RBD,CV06HC005,970.0810664,182.3656738,5.319427973,PooledNostril,Day 3
IgG,Alpha,CV06HC005,17040.63549,68.40579104,249.1110071,PooledNostril,Day 15
IgG,Beta,CV06HC005,11410.77687,68.40579104,166.8101003,PooledNostril,Day 15
IgG,Gamma,CV06HC005,12341.58252,68.40579104,180.4172181,PooledNostril,Day 15
IgG,Delta,CV06HC005,11364.01882,68.40579104,166.126561,PooledNostril,Day 15
IgG,Omicron.BA.1,CV06HC005,8768.538226,68.40579104,128.1841507,PooledNostril,Day 15
IgG,Omicron.BA.5,CV06HC005,6895.214275,68.40579104,100.7986922,PooledNostril,Day 15
IgG,RBD,CV06HC005,17584.19741,68.40579104,257.057146,PooledNostril,Day 15
IgA,Alpha,CV06HC005,877.1285146,122.5221052,7.158940937,PooledNostril,Day 15
IgA,Beta,CV06HC005,897.0453061,122.5221052,7.321497656,PooledNostril,Day 15
IgA,Gamma,CV06HC005,1008.913778,122.5221052,8.234544912,PooledNostril,Day 15
IgA,Omicron.BA.5,CV06HC005,897.4548389,122.5221052,7.324840178,PooledNostril,Day 15
IgA,Omicron.BA.1,CV06HC005,816.8845335,122.5221052,6.667242063,PooledNostril,Day 15
IgA,RBD,CV06HC005,1469.190093,122.5221052,11.99122469,PooledNostril,Day 15
IgG,Spike,CV06HC005,16179.01862,68.40579104,236.5153355,PooledNostril,Day 15
IgA,Spike,CV06HC005,1279.559842,122.5221052,10.44350193,PooledNostril,Day 15
IgA,Delta,CV06HC005,1222.806479,122.5221052,9.980292758,PooledNostril,Day 15
IgA,Omicron.BA.5,CV06HC007,1661.689398,26.68618816,62.26776891,Left,Day 1
IgG,Spike,CV06HC007,2857.087536,35.34755504,80.82843446,Left,Day 1
IgG,Omicron.BA.1,CV06HC007,682.9383487,35.34755504,19.32066724,Left,Day 1
IgG,Beta,CV06HC007,1581.741742,35.34755504,44.74826449,Left,Day 1
IgG,Omicron.BA.5,CV06HC007,859.4222316,35.34755504,24.3134845,Left,Day 1
IgA,Spike,CV06HC007,2057.942074,26.68618816,77.11637427,Left,Day 1
IgG,Gamma,CV06HC007,1839.820345,35.34755504,52.04943717,Left,Day 1
IgG,Delta,CV06HC007,1844.420454,35.34755504,52.17957654,Left,Day 1
IgA,Alpha,CV06HC007,1770.838133,26.68618816,66.35785231,Left,Day 1
IgG,RBD,CV06HC007,2132.031434,35.34755504,60.31623493,Left,Day 1
IgA,RBD,CV06HC007,1309.246903,26.68618816,49.06084358,Left,Day 1
IgA,Beta,CV06HC007,1873.092933,26.68618816,70.18960225,Left,Day 1
IgG,Alpha,CV06HC007,2389.534295,35.34755504,67.60111958,Left,Day 1
IgA,Delta,CV06HC007,2827.275532,26.68618816,105.9452746,Left,Day 1
IgA,Omicron.BA.1,CV06HC007,866.5307026,26.68618816,32.47113066,Left,Day 1
IgA,Gamma,CV06HC007,1702.663732,26.68618816,63.80318244,Left,Day 1
IgA,RBD,CV06HC007,2874.479727,215.1182495,13.3623239,Right,Day 1
IgA,Omicron.BA.5,CV06HC007,3567.149092,215.1182495,16.58227092,Right,Day 1
IgG,RBD,CV06HC007,9383.049135,237.8101555,39.45604894,Right,Day 1
IgG,Spike,CV06HC007,12644.90596,237.8101555,53.1722707,Right,Day 1
IgA,Delta,CV06HC007,5592.745071,215.1182495,25.99846867,Right,Day 1
IgA,Beta,CV06HC007,4306.256085,215.1182495,20.01808817,Right,Day 1
IgG,Omicron.BA.5,CV06HC007,3792.468031,237.8101555,15.94746037,Right,Day 1
IgG,Alpha,CV06HC007,9960.070641,237.8101555,41.8824445,Right,Day 1
IgG,Gamma,CV06HC007,7472.471523,237.8101555,31.42200343,Right,Day 1
IgA,Spike,CV06HC007,4120.23625,215.1182495,19.15335524,Right,Day 1
IgA,Alpha,CV06HC007,3560.687201,215.1182495,16.55223213,Right,Day 1
IgA,Gamma,CV06HC007,3540.993719,215.1182495,16.46068489,Right,Day 1
IgG,Omicron.BA.1,CV06HC007,3125.176083,237.8101555,13.14147445,Right,Day 1
IgA,Omicron.BA.1,CV06HC007,2127.75511,215.1182495,9.891095317,Right,Day 1
IgG,Beta,CV06HC007,6917.410332,237.8101555,29.08795176,Right,Day 1
IgG,Delta,CV06HC007,8152.98919,237.8101555,34.28360396,Right,Day 1
IgG,Alpha,CV06HC007,5183.832165,121.0039702,42.84018248,PooledNostril,Day 1
IgG,Delta,CV06HC007,3839.730896,121.0039702,31.732272,PooledNostril,Day 1
IgG,Beta,CV06HC007,3442.314179,121.0039702,28.44794409,PooledNostril,Day 1
IgG,Gamma,CV06HC007,4014.751798,121.0039702,33.17867828,PooledNostril,Day 1
IgG,Omicron.BA.1,CV06HC007,1640.437466,121.0039702,13.55688961,PooledNostril,Day 1
IgG,Omicron.BA.5,CV06HC007,1925.16998,121.0039702,15.90997367,PooledNostril,Day 1
IgG,RBD,CV06HC007,5299.767057,121.0039702,43.79829066,PooledNostril,Day 1
IgG,Spike,CV06HC007,6423.905212,121.0039702,53.08838381,PooledNostril,Day 1
IgA,Alpha,CV06HC007,2178.45161,130.9568855,16.63487645,PooledNostril,Day 1
IgA,Beta,CV06HC007,2248.672158,130.9568855,17.17108764,PooledNostril,Day 1
IgA,Gamma,CV06HC007,1990.619651,130.9568855,15.20057264,PooledNostril,Day 1
IgA,Omicron.BA.1,CV06HC007,1037.815938,130.9568855,7.92486729,PooledNostril,Day 1
IgA,Omicron.BA.5,CV06HC007,1896.547768,130.9568855,14.48223025,PooledNostril,Day 1
IgA,Spike,CV06HC007,2399.044776,130.9568855,18.31934814,PooledNostril,Day 1
IgA,Delta,CV06HC007,3520.866962,130.9568855,26.88569561,PooledNostril,Day 1
IgA,RBD,CV06HC007,1455.705987,130.9568855,11.11591789,PooledNostril,Day 1
IgG,Alpha,CV06HC007,4870.484558,119.5979882,40.72380006,PooledNostril,Day 3
IgG,Beta,CV06HC007,3221.588606,119.5979882,26.93681269,PooledNostril,Day 3
IgG,Delta,CV06HC007,4024.444047,119.5979882,33.64976375,PooledNostril,Day 3
IgG,Gamma,CV06HC007,3751.418401,119.5979882,31.36690222,PooledNostril,Day 3
IgG,Omicron.BA.1,CV06HC007,1465.095835,119.5979882,12.25017124,PooledNostril,Day 3
IgG,Omicron.BA.5,CV06HC007,1727.67969,119.5979882,14.44572536,PooledNostril,Day 3
IgG,RBD,CV06HC007,4993.49773,119.5979882,41.75235559,PooledNostril,Day 3
IgA,Beta,CV06HC007,2618.847129,148.9823282,17.57824006,PooledNostril,Day 3
IgG,Spike,CV06HC007,6035.46284,119.5979882,50.464585,PooledNostril,Day 3
IgA,Alpha,CV06HC007,2128.704471,148.9823282,14.28830182,PooledNostril,Day 3
IgA,Delta,CV06HC007,3384.894232,148.9823282,22.72010562,PooledNostril,Day 3
IgA,Gamma,CV06HC007,2220.564143,148.9823282,14.90488282,PooledNostril,Day 3
IgA,RBD,CV06HC007,1679.216205,148.9823282,11.27124422,PooledNostril,Day 3
IgA,Omicron.BA.5,CV06HC007,1987.308993,148.9823282,13.33922632,PooledNostril,Day 3
IgA,Spike,CV06HC007,2478.26389,148.9823282,16.63461647,PooledNostril,Day 3
IgA,Omicron.BA.1,CV06HC007,1107.063248,148.9823282,7.430836004,PooledNostril,Day 3
IgG,Alpha,CV06HC007,3356.619429,57.44916254,58.42764768,PooledNostril,Day 15
IgG,Beta,CV06HC007,2215.204819,57.44916254,38.5593927,PooledNostril,Day 15
IgG,Delta,CV06HC007,2551.10313,57.44916254,44.40627186,PooledNostril,Day 15
IgG,Gamma,CV06HC007,2578.060645,57.44916254,44.87551309,PooledNostril,Day 15
IgG,Omicron.BA.1,CV06HC007,971.1204726,57.44916254,16.90399702,PooledNostril,Day 15
IgG,Omicron.BA.5,CV06HC007,1226.969037,57.44916254,21.35747473,PooledNostril,Day 15
IgG,RBD,CV06HC007,3259.530632,57.44916254,56.7376527,PooledNostril,Day 15
IgA,Alpha,CV06HC007,1746.696163,84.18072629,20.74935962,PooledNostril,Day 15
IgG,Spike,CV06HC007,4199.480487,57.44916254,73.09907231,PooledNostril,Day 15
IgA,Beta,CV06HC007,2006.985346,84.18072629,23.84138786,PooledNostril,Day 15
IgA,Delta,CV06HC007,2764.362238,84.18072629,32.83842228,PooledNostril,Day 15
IgA,Gamma,CV06HC007,1717.932782,84.18072629,20.40767356,PooledNostril,Day 15
IgA,Omicron.BA.5,CV06HC007,1578.437844,84.18072629,18.75058477,PooledNostril,Day 15
IgA,RBD,CV06HC007,1246.78002,84.18072629,14.8107539,PooledNostril,Day 15
IgA,Omicron.BA.1,CV06HC007,957.8352502,84.18072629,11.3783201,PooledNostril,Day 15
IgA,Spike,CV06HC007,2096.793246,84.18072629,24.9082342,PooledNostril,Day 15
IgA,Spike,CV06HC008,533.5705043,70.10527326,7.61098958,Left,Day 1
IgA,Beta,CV06HC008,317.0540217,70.10527326,4.522541699,Left,Day 1
IgG,Alpha,CV06HC008,10395.14289,86.77960773,119.7878529,Left,Day 1
IgG,Omicron.BA.1,CV06HC008,3474.418478,86.77960773,40.03726877,Left,Day 1
IgG,Gamma,CV06HC008,9441.222706,86.77960773,108.7954066,Left,Day 1
IgG,Spike,CV06HC008,12013.10299,86.77960773,138.4323265,Left,Day 1
IgA,RBD,CV06HC008,585.7203846,70.10527326,8.354869147,Left,Day 1
IgG,Beta,CV06HC008,6506.70178,86.77960773,74.97961733,Left,Day 1
IgA,Delta,CV06HC008,434.0139318,70.10527326,6.190888526,Left,Day 1
IgA,Omicron.BA.1,CV06HC008,207.9085636,70.10527326,2.965662267,Left,Day 1
IgG,Omicron.BA.5,CV06HC008,4293.054838,86.77960773,49.47077949,Left,Day 1
IgA,Omicron.BA.5,CV06HC008,299.5792297,70.10527326,4.273276685,Left,Day 1
IgA,Gamma,CV06HC008,486.2492744,70.10527326,6.935987149,Left,Day 1
IgA,Alpha,CV06HC008,451.9862639,70.10527326,6.447250584,Left,Day 1
IgG,Delta,CV06HC008,9089.971249,86.77960773,104.7477799,Left,Day 1
IgG,RBD,CV06HC008,10825.62501,86.77960773,124.7484898,Left,Day 1
IgA,Alpha,CV06HC008,765.0933773,666.7574302,1.147483841,Right,Day 1
IgG,Gamma,CV06HC008,5546.502769,229.8968572,24.12604869,Right,Day 1
IgA,RBD,CV06HC008,459.9242668,666.7574302,0.689792488,Right,Day 1
IgG,Alpha,CV06HC008,7490.124139,229.8968572,32.5803677,Right,Day 1
IgA,Delta,CV06HC008,966.8577504,666.7574302,1.450089203,Right,Day 1
IgG,Omicron.BA.1,CV06HC008,2482.1882,229.8968572,10.79696448,Right,Day 1
IgA,Spike,CV06HC008,812.3191889,666.7574302,1.218312916,Right,Day 1
IgG,Spike,CV06HC008,9038.469687,229.8968572,39.31532513,Right,Day 1
IgA,Omicron.BA.1,CV06HC008,250.8437482,666.7574302,0.376214402,Right,Day 1
IgA,Omicron.BA.5,CV06HC008,524.1834774,666.7574302,0.786168183,Right,Day 1
IgA,Beta,CV06HC008,747.2244545,666.7574302,1.120684106,Right,Day 1
IgG,Beta,CV06HC008,5364.022475,229.8968572,23.33230015,Right,Day 1
IgG,Omicron.BA.5,CV06HC008,3552.368511,229.8968572,15.45200989,Right,Day 1
IgA,Gamma,CV06HC008,545.8151957,666.7574302,0.818611343,Right,Day 1
IgG,RBD,CV06HC008,7334.01127,229.8968572,31.90131157,Right,Day 1
IgG,Delta,CV06HC008,6436.742809,229.8968572,27.9983941,Right,Day 1
IgG,Alpha,CV06HC008,8138.276993,150.4444349,54.09490219,PooledNostril,Day 1
IgG,Beta,CV06HC008,5171.785182,150.4444349,34.37671313,PooledNostril,Day 1
IgG,Delta,CV06HC008,6853.718977,150.4444349,45.55648057,PooledNostril,Day 1
IgG,Omicron.BA.1,CV06HC008,2629.159353,150.4444349,17.47594954,PooledNostril,Day 1
IgG,Gamma,CV06HC008,6166.801101,150.4444349,40.99055643,PooledNostril,Day 1
IgG,Omicron.BA.5,CV06HC008,3461.76988,150.4444349,23.01028869,PooledNostril,Day 1
IgG,RBD,CV06HC008,7766.590781,150.4444349,51.62431421,PooledNostril,Day 1
IgG,Spike,CV06HC008,9294.906615,150.4444349,61.78298731,PooledNostril,Day 1
IgA,Alpha,CV06HC008,560.3979924,267.4203812,2.095569492,PooledNostril,Day 1
IgA,Beta,CV06HC008,481.5625982,267.4203812,1.800769994,PooledNostril,Day 1
IgA,Gamma,CV06HC008,451.6185651,267.4203812,1.688796355,PooledNostril,Day 1
IgA,Spike,CV06HC008,631.3892171,267.4203812,2.361036262,PooledNostril,Day 1
IgA,Delta,CV06HC008,703.9506888,267.4203812,2.632374861,PooledNostril,Day 1
IgA,Omicron.BA.1,CV06HC008,200.4361328,267.4203812,0.749517041,PooledNostril,Day 1
IgA,Omicron.BA.5,CV06HC008,383.2733956,267.4203812,1.433224326,PooledNostril,Day 1
IgA,RBD,CV06HC008,427.5818334,267.4203812,1.598912662,PooledNostril,Day 1
IgG,Alpha,CV06HC008,9603.837543,283.6339726,33.85996909,PooledNostril,Day 3
IgG,Beta,CV06HC008,7172.8874,283.6339726,25.28923928,PooledNostril,Day 3
IgG,Delta,CV06HC008,8582.288991,283.6339726,30.25832524,PooledNostril,Day 3
IgG,Gamma,CV06HC008,7334.438045,283.6339726,25.85881366,PooledNostril,Day 3
IgG,Omicron.BA.1,CV06HC008,2749.563032,283.6339726,9.694053948,PooledNostril,Day 3
IgG,Omicron.BA.5,CV06HC008,4485.355376,283.6339726,15.81388624,PooledNostril,Day 3
IgG,RBD,CV06HC008,8822.393093,283.6339726,31.10485325,PooledNostril,Day 3
IgG,Spike,CV06HC008,11988.47535,283.6339726,42.26741684,PooledNostril,Day 3
IgA,Alpha,CV06HC008,668.1675321,618.0038076,1.081170575,PooledNostril,Day 3
IgA,Delta,CV06HC008,944.7675327,618.0038076,1.528740634,PooledNostril,Day 3
IgA,Gamma,CV06HC008,497.0960931,618.0038076,0.804357654,PooledNostril,Day 3
IgA,Omicron.BA.5,CV06HC008,462.4009765,618.0038076,0.748217035,PooledNostril,Day 3
IgA,Spike,CV06HC008,730.877783,618.0038076,1.182642848,PooledNostril,Day 3
IgA,Beta,CV06HC008,738.072807,618.0038076,1.19428521,PooledNostril,Day 3
IgA,RBD,CV06HC008,403.1811574,618.0038076,0.652392675,PooledNostril,Day 3
IgA,Omicron.BA.1,CV06HC008,212.9070974,618.0038076,0.344507744,PooledNostril,Day 3
IgG,Alpha,CV06HC008,6702.784779,204.1764165,32.82839857,PooledNostril,Day 15
IgG,Beta,CV06HC008,4841.397323,204.1764165,23.71183414,PooledNostril,Day 15
IgG,Delta,CV06HC008,5667.650548,204.1764165,27.75859546,PooledNostril,Day 15
IgG,Gamma,CV06HC008,5176.816767,204.1764165,25.35462643,PooledNostril,Day 15
IgG,Omicron.BA.1,CV06HC008,2322.454044,204.1764165,11.37474192,PooledNostril,Day 15
IgG,Omicron.BA.5,CV06HC008,3118.032362,204.1764165,15.27126598,PooledNostril,Day 15
IgG,RBD,CV06HC008,6346.722331,204.1764165,31.08450251,PooledNostril,Day 15
IgA,Alpha,CV06HC008,457.3139365,279.6311015,1.635418714,PooledNostril,Day 15
IgG,Spike,CV06HC008,8185.105752,204.1764165,40.08839949,PooledNostril,Day 15
IgA,Beta,CV06HC008,526.0368172,279.6311015,1.881181365,PooledNostril,Day 15
IgA,Delta,CV06HC008,686.670888,279.6311015,2.45563131,PooledNostril,Day 15
IgA,Gamma,CV06HC008,383.9483674,279.6311015,1.37305316,PooledNostril,Day 15
IgA,Omicron.BA.5,CV06HC008,347.6284792,279.6311015,1.24316815,PooledNostril,Day 15
IgA,RBD,CV06HC008,306.0017678,279.6311015,1.094305198,PooledNostril,Day 15
IgA,Omicron.BA.1,CV06HC008,159.878078,279.6311015,0.571746408,PooledNostril,Day 15
IgA,Spike,CV06HC008,553.8732161,279.6311015,1.980728228,PooledNostril,Day 15
IgG,Alpha,CV06HC009,20350.38467,163.5333256,124.44182,PooledNostril,Day 3
IgG,Beta,CV06HC009,15284.56517,163.5333256,93.46452847,PooledNostril,Day 3
IgG,Delta,CV06HC009,19816.85702,163.5333256,121.179319,PooledNostril,Day 3
IgG,Gamma,CV06HC009,21986.4412,163.5333256,134.4462428,PooledNostril,Day 3
IgG,Omicron.BA.1,CV06HC009,6901.141232,163.5333256,42.20021337,PooledNostril,Day 3
IgG,RBD,CV06HC009,17941.10614,163.5333256,109.7091744,PooledNostril,Day 3
IgA,Alpha,CV06HC009,952.5869666,151.7741111,6.276346866,PooledNostril,Day 3
IgG,Omicron.BA.5,CV06HC009,9170.739387,163.5333256,56.07871885,PooledNostril,Day 3
IgG,Spike,CV06HC009,21639.32627,163.5333256,132.3236484,PooledNostril,Day 3
IgA,Beta,CV06HC009,632.4850872,151.7741111,4.167279139,PooledNostril,Day 3
IgA,Delta,CV06HC009,867.3540509,151.7741111,5.714769433,PooledNostril,Day 3
IgA,Gamma,CV06HC009,1042.972595,151.7741111,6.871874175,PooledNostril,Day 3
IgA,Omicron.BA.1,CV06HC009,424.971808,151.7741111,2.800028311,PooledNostril,Day 3
IgA,Omicron.BA.5,CV06HC009,629.4951521,151.7741111,4.147579238,PooledNostril,Day 3
IgA,RBD,CV06HC009,1300.615887,151.7741111,8.569418574,PooledNostril,Day 3
IgA,Spike,CV06HC009,1083.304597,151.7741111,7.137611209,PooledNostril,Day 3
IgG,Alpha,CV06HC009,13840.78158,114.4565054,120.9261242,PooledNostril,Day 15
IgG,Beta,CV06HC009,8775.799555,114.4565054,76.67366331,PooledNostril,Day 15
IgG,Delta,CV06HC009,11640.29926,114.4565054,101.7006348,PooledNostril,Day 15
IgG,Omicron.BA.1,CV06HC009,5039.029726,114.4565054,44.02571711,PooledNostril,Day 15
IgG,RBD,CV06HC009,14207.24119,114.4565054,124.127861,PooledNostril,Day 15
IgG,Gamma,CV06HC009,12110.44755,114.4565054,105.8082938,PooledNostril,Day 15
IgG,Omicron.BA.5,CV06HC009,6938.964002,114.4565054,60.62533519,PooledNostril,Day 15
IgG,Spike,CV06HC009,15704.53268,114.4565054,137.2096119,PooledNostril,Day 15
IgA,Alpha,CV06HC009,630.9038305,119.5995973,5.275133401,PooledNostril,Day 15
IgA,Beta,CV06HC009,424.6202214,119.5995973,3.550348253,PooledNostril,Day 15
IgA,Delta,CV06HC009,606.1644386,119.5995973,5.068281602,PooledNostril,Day 15
IgA,Gamma,CV06HC009,647.5675753,119.5995973,5.41446284,PooledNostril,Day 15
IgA,Omicron.BA.1,CV06HC009,276.5506326,119.5995973,2.312304044,PooledNostril,Day 15
IgA,Omicron.BA.5,CV06HC009,418.6427496,119.5995973,3.500369224,PooledNostril,Day 15
IgA,RBD,CV06HC009,810.8031013,119.5995973,6.779312971,PooledNostril,Day 15
IgA,Spike,CV06HC009,753.0441841,119.5995973,6.296377255,PooledNostril,Day 15
IgA,Omicron.BA.5,CV06HC010,1654.050768,189.3295216,8.736359519,Left,Day 1
IgG,RBD,CV06HC010,12744.92,131.6807052,96.78654118,Left,Day 1
IgG,Spike,CV06HC010,15158.05106,131.6807052,115.112165,Left,Day 1
IgG,Alpha,CV06HC010,13473.07394,131.6807052,102.3162347,Left,Day 1
IgA,Spike,CV06HC010,2900.256034,189.3295216,15.3185621,Left,Day 1
IgG,Gamma,CV06HC010,10660.37602,131.6807052,80.95624946,Left,Day 1
IgA,Alpha,CV06HC010,2181.126171,189.3295216,11.52026453,Left,Day 1
IgG,Omicron.BA.5,CV06HC010,5162.811068,131.6807052,39.20704298,Left,Day 1
IgG,Delta,CV06HC010,10309.10808,131.6807052,78.28867613,Left,Day 1
IgA,Delta,CV06HC010,2243.583772,189.3295216,11.85015286,Left,Day 1
IgA,RBD,CV06HC010,2753.789151,189.3295216,14.54495383,Left,Day 1
IgA,Gamma,CV06HC010,2502.886865,189.3295216,13.21973903,Left,Day 1
IgA,Beta,CV06HC010,1922.750915,189.3295216,10.15557901,Left,Day 1
IgG,Omicron.BA.1,CV06HC010,5562.394331,131.6807052,42.24152903,Left,Day 1
IgG,Beta,CV06HC010,9528.471614,131.6807052,72.36042366,Left,Day 1
IgA,Omicron.BA.1,CV06HC010,1722.897329,189.3295216,9.099993042,Left,Day 1
IgA,RBD,CV06HC010,4463.589325,176.2793215,25.32111701,Right,Day 1
IgG,Spike,CV06HC010,6630.790363,54.67734405,121.2712592,Right,Day 1
IgA,Omicron.BA.1,CV06HC010,2317.478567,176.2793215,13.14662745,Right,Day 1
IgG,RBD,CV06HC010,5247.472946,54.67734405,95.97161378,Right,Day 1
IgA,Spike,CV06HC010,3999.110106,176.2793215,22.68621227,Right,Day 1
IgG,Gamma,CV06HC010,4489.588792,54.67734405,82.11058657,Right,Day 1
IgA,Alpha,CV06HC010,2974.974803,176.2793215,16.87648204,Right,Day 1
IgG,Beta,CV06HC010,4132.723604,54.67734405,75.58383963,Right,Day 1
IgG,Alpha,CV06HC010,5671.723293,54.67734405,103.7307754,Right,Day 1
IgG,Omicron.BA.1,CV06HC010,2564.176106,54.67734405,46.89650076,Right,Day 1
IgG,Delta,CV06HC010,4716.263618,54.67734405,86.25626756,Right,Day 1
IgG,Omicron.BA.5,CV06HC010,2507.608472,54.67734405,45.86192902,Right,Day 1
IgA,Gamma,CV06HC010,3309.907204,176.2793215,18.77649163,Right,Day 1
IgA,Omicron.BA.5,CV06HC010,2274.122278,176.2793215,12.90067524,Right,Day 1
IgA,Beta,CV06HC010,2683.084414,176.2793215,15.22064183,Right,Day 1
IgA,Delta,CV06HC010,2989.844844,176.2793215,16.96083703,Right,Day 1
IgG,Alpha,CV06HC010,7993.458812,72.32204397,110.5258974,PooledNostril,Day 1
IgG,Beta,CV06HC010,5777.943182,72.32204397,79.89186789,PooledNostril,Day 1
IgG,Delta,CV06HC010,6828.501991,72.32204397,94.41798953,PooledNostril,Day 1
IgG,Gamma,CV06HC010,6313.818832,72.32204397,87.30144345,PooledNostril,Day 1
IgG,Omicron.BA.1,CV06HC010,3469.951416,72.32204397,47.97916687,PooledNostril,Day 1
IgG,Omicron.BA.5,CV06HC010,3476.022045,72.32204397,48.06310571,PooledNostril,Day 1
IgA,Alpha,CV06HC010,1924.150153,137.3023305,14.01396572,PooledNostril,Day 1
IgG,RBD,CV06HC010,7701.048139,72.32204397,106.4827225,PooledNostril,Day 1
IgG,Spike,CV06HC010,9054.162748,72.32204397,125.1922962,PooledNostril,Day 1
IgA,Beta,CV06HC010,1700.415698,137.3023305,12.38446348,PooledNostril,Day 1
IgA,Gamma,CV06HC010,2149.585657,137.3023305,15.65585704,PooledNostril,Day 1
IgA,Delta,CV06HC010,1901.719933,137.3023305,13.850602,PooledNostril,Day 1
IgA,RBD,CV06HC010,2644.764596,137.3023305,19.26234308,PooledNostril,Day 1
IgA,Omicron.BA.5,CV06HC010,1427.711098,137.3023305,10.398302,PooledNostril,Day 1
IgA,Spike,CV06HC010,2498.780426,137.3023305,18.19911153,PooledNostril,Day 1
IgA,Omicron.BA.1,CV06HC010,1488.739326,137.3023305,10.84278264,PooledNostril,Day 1
IgG,Alpha,CV06HC010,8185.611611,78.69846383,104.012343,PooledNostril,Day 3
IgG,Delta,CV06HC010,6622.525616,78.69846383,84.15063388,PooledNostril,Day 3
IgG,Beta,CV06HC010,5800.338364,78.69846383,73.70332382,PooledNostril,Day 3
IgG,Gamma,CV06HC010,6546.93892,78.69846383,83.19017426,PooledNostril,Day 3
IgG,Omicron.BA.1,CV06HC010,3811.174985,78.69846383,48.42756516,PooledNostril,Day 3
IgG,RBD,CV06HC010,7056.389101,78.69846383,89.66361931,PooledNostril,Day 3
IgA,Alpha,CV06HC010,1984.484785,154.2661996,12.86402848,PooledNostril,Day 3
IgG,Spike,CV06HC010,9365.897664,78.69846383,119.0099172,PooledNostril,Day 3
IgA,Beta,CV06HC010,1760.949723,154.2661996,11.41500684,PooledNostril,Day 3
IgA,Gamma,CV06HC010,2247.768377,154.2661996,14.57071208,PooledNostril,Day 3
IgA,Delta,CV06HC010,2005.935173,154.2661996,13.00307636,PooledNostril,Day 3
IgA,Omicron.BA.1,CV06HC010,1580.123588,154.2661996,10.24283733,PooledNostril,Day 3
IgG,Omicron.BA.5,CV06HC010,3555.038374,78.69846383,45.17290682,PooledNostril,Day 3
IgA,RBD,CV06HC010,2225.84992,154.2661996,14.42863003,PooledNostril,Day 3
IgA,Omicron.BA.5,CV06HC010,1483.831621,154.2661996,9.618643782,PooledNostril,Day 3
IgA,Spike,CV06HC010,2667.907098,154.2661996,17.29417789,PooledNostril,Day 3
IgG,Alpha,CV06HC010,8679.461627,80.01902233,108.467479,PooledNostril,Day 15
IgG,Delta,CV06HC010,7010.933935,80.01902233,87.61584097,PooledNostril,Day 15
IgG,Omicron.BA.1,CV06HC010,4262.763121,80.01902233,53.27187207,PooledNostril,Day 15
IgG,RBD,CV06HC010,8036.739402,80.01902233,100.4353611,PooledNostril,Day 15
IgG,Beta,CV06HC010,6124.571198,80.01902233,76.53894062,PooledNostril,Day 15
IgG,Gamma,CV06HC010,6750.090624,80.01902233,84.35607468,PooledNostril,Day 15
IgG,Omicron.BA.5,CV06HC010,3941.317156,80.01902233,49.25475269,PooledNostril,Day 15
IgG,Spike,CV06HC010,10054.41369,80.01902233,125.6502941,PooledNostril,Day 15
IgA,Alpha,CV06HC010,2066.239136,187.022911,11.04805355,PooledNostril,Day 15
IgA,Delta,CV06HC010,2103.653466,187.022911,11.24810568,PooledNostril,Day 15
IgA,Beta,CV06HC010,1752.230876,187.022911,9.369070707,PooledNostril,Day 15
IgA,Gamma,CV06HC010,2205.616148,187.022911,11.79329386,PooledNostril,Day 15
IgA,Omicron.BA.5,CV06HC010,1540.962017,187.022911,8.239429113,PooledNostril,Day 15
IgA,Omicron.BA.1,CV06HC010,1517.266542,187.022911,8.112730862,PooledNostril,Day 15
IgA,RBD,CV06HC010,2508.484974,187.022911,13.41271484,PooledNostril,Day 15
IgA,Spike,CV06HC010,2613.815185,187.022911,13.975909,PooledNostril,Day 15
IgA,Spike,CV06HC011,1003.085551,380.1176567,2.638881759,Left,Day 1
IgG,Beta,CV06HC011,1058.107717,183.3216937,5.771863086,Left,Day 1
IgG,Omicron.BA.5,CV06HC011,607.0072289,183.3216937,3.311158743,Left,Day 1
IgA,Alpha,CV06HC011,698.0022184,380.1176567,1.836279389,Left,Day 1
IgA,Delta,CV06HC011,575.5666567,380.1176567,1.514180271,Left,Day 1
IgG,Gamma,CV06HC011,1159.201873,183.3216937,6.323320768,Left,Day 1
IgA,Omicron.BA.5,CV06HC011,455.4659371,380.1176567,1.198223574,Left,Day 1
IgG,Omicron.BA.1,CV06HC011,676.3552689,183.3216937,3.689444796,Left,Day 1
IgG,Alpha,CV06HC011,1553.254252,183.3216937,8.472833851,Left,Day 1
IgA,RBD,CV06HC011,870.4114828,380.1176567,2.289847544,Left,Day 1
IgG,RBD,CV06HC011,1402.405291,183.3216937,7.649969092,Left,Day 1
IgA,Omicron.BA.1,CV06HC011,439.0712508,380.1176567,1.155093017,Left,Day 1
IgG,Delta,CV06HC011,1197.832044,183.3216937,6.534044168,Left,Day 1
IgG,Spike,CV06HC011,1882.494344,183.3216937,10.26880292,Left,Day 1
IgA,Gamma,CV06HC011,715.4391003,380.1176567,1.882151717,Left,Day 1
IgA,Beta,CV06HC011,541.8170526,380.1176567,1.425393015,Left,Day 1
IgA,Gamma,CV06HC011,371.2437167,250.0276275,1.48481078,Right,Day 1
IgA,Delta,CV06HC011,314.9315849,250.0276275,1.259587142,Right,Day 1
IgA,Omicron.BA.1,CV06HC011,232.0208852,250.0276275,0.927980989,Right,Day 1
IgA,Spike,CV06HC011,533.5721105,250.0276275,2.134052608,Right,Day 1
IgG,Omicron.BA.1,CV06HC011,351.6242255,95.91375537,3.666045857,Right,Day 1
IgG,Gamma,CV06HC011,619.9794139,95.91375537,6.463925967,Right,Day 1
IgG,Alpha,CV06HC011,833.4063499,95.91375537,8.689122293,Right,Day 1
IgA,Alpha,CV06HC011,373.6672494,250.0276275,1.49450384,Right,Day 1
IgG,RBD,CV06HC011,685.4415447,95.91375537,7.146436317,Right,Day 1
IgG,Omicron.BA.5,CV06HC011,307.4527078,95.91375537,3.205512146,Right,Day 1
IgG,Delta,CV06HC011,610.3904143,95.91375537,6.363950739,Right,Day 1
IgA,Beta,CV06HC011,287.4153175,250.0276275,1.149534235,Right,Day 1
IgG,Spike,CV06HC011,962.5470634,95.91375537,10.03554766,Right,Day 1
IgG,Beta,CV06HC011,546.1128062,95.91375537,5.693790261,Right,Day 1
IgA,Omicron.BA.5,CV06HC011,241.3431244,250.0276275,0.965265826,Right,Day 1
IgA,RBD,CV06HC011,448.2194822,250.0276275,1.79267982,Right,Day 1
IgG,Alpha,CV06HC011,981.5120692,118.5228646,8.281204411,PooledNostril,Day 1
IgG,Beta,CV06HC011,666.0774636,118.5228646,5.61982252,PooledNostril,Day 1
IgG,Delta,CV06HC011,742.5804321,118.5228646,6.265292647,PooledNostril,Day 1
IgG,Gamma,CV06HC011,758.2193029,118.5228646,6.39724078,PooledNostril,Day 1
IgG,Omicron.BA.1,CV06HC011,424.5376953,118.5228646,3.581905456,PooledNostril,Day 1
IgG,Omicron.BA.5,CV06HC011,355.2093268,118.5228646,2.996968796,PooledNostril,Day 1
IgG,Spike,CV06HC011,1201.001655,118.5228646,10.13307988,PooledNostril,Day 1
IgG,RBD,CV06HC011,858.6004151,118.5228646,7.244175358,PooledNostril,Day 1
IgA,Alpha,CV06HC011,426.8459268,190.5023668,2.240633195,PooledNostril,Day 1
IgA,Beta,CV06HC011,335.378005,190.5023668,1.760492589,PooledNostril,Day 1
IgA,Spike,CV06HC011,626.4598645,190.5023668,3.288462369,PooledNostril,Day 1
IgA,Omicron.BA.1,CV06HC011,267.0219266,190.5023668,1.401672489,PooledNostril,Day 1
IgA,Omicron.BA.5,CV06HC011,266.8917052,190.5023668,1.40098892,PooledNostril,Day 1
IgA,Gamma,CV06HC011,443.6042077,190.5023668,2.32860208,PooledNostril,Day 1
IgA,Delta,CV06HC011,365.6812353,190.5023668,1.919562688,PooledNostril,Day 1
IgA,RBD,CV06HC011,543.1456835,190.5023668,2.85112302,PooledNostril,Day 1
IgG,Alpha,CV06HC011,1155.66381,127.632423,9.054625641,PooledNostril,Day 3
IgG,Beta,CV06HC011,759.2367974,127.632423,5.948620103,PooledNostril,Day 3
IgG,Delta,CV06HC011,848.9736886,127.632423,6.651708621,PooledNostril,Day 3
IgG,Gamma,CV06HC011,831.5332595,127.632423,6.515062863,PooledNostril,Day 3
IgG,Omicron.BA.1,CV06HC011,489.4094932,127.632423,3.834523247,PooledNostril,Day 3
IgG,RBD,CV06HC011,960.8686551,127.632423,7.528405653,PooledNostril,Day 3
IgG,Omicron.BA.5,CV06HC011,421.3566622,127.632423,3.301329334,PooledNostril,Day 3
IgG,Spike,CV06HC011,1350.793711,127.632423,10.58346836,PooledNostril,Day 3
IgA,Alpha,CV06HC011,416.8068576,207.8990112,2.004852526,PooledNostril,Day 3
IgA,Beta,CV06HC011,330.0069784,207.8990112,1.587342703,PooledNostril,Day 3
IgA,Gamma,CV06HC011,425.4717355,207.8990112,2.046530828,PooledNostril,Day 3
IgA,Delta,CV06HC011,340.708976,207.8990112,1.638819608,PooledNostril,Day 3
IgA,Omicron.BA.1,CV06HC011,265.2937517,207.8990112,1.276070291,PooledNostril,Day 3
IgA,Omicron.BA.5,CV06HC011,259.4653483,207.8990112,1.248035509,PooledNostril,Day 3
IgA,Spike,CV06HC011,593.9123848,207.8990112,2.856735015,PooledNostril,Day 3
IgA,RBD,CV06HC011,525.3718547,207.8990112,2.527053168,PooledNostril,Day 3
IgG,Alpha,CV06HC011,1259.352451,137.0756273,9.187282052,PooledNostril,Day 15
IgG,Beta,CV06HC011,833.4314221,137.0756273,6.080084683,PooledNostril,Day 15
IgG,Delta,CV06HC011,857.1751533,137.0756273,6.25330097,PooledNostril,Day 15
IgG,Omicron.BA.1,CV06HC011,509.3747923,137.0756273,3.716012848,PooledNostril,Day 15
IgG,RBD,CV06HC011,1132.476823,137.0756273,8.261693528,PooledNostril,Day 15
IgG,Gamma,CV06HC011,920.6228122,137.0756273,6.716167054,PooledNostril,Day 15
IgG,Omicron.BA.5,CV06HC011,458.3252213,137.0756273,3.343593827,PooledNostril,Day 15
IgG,Spike,CV06HC011,1442.178847,137.0756273,10.52104503,PooledNostril,Day 15
IgA,Alpha,CV06HC011,449.5155188,164.560367,2.731614707,PooledNostril,Day 15
IgA,Beta,CV06HC011,352.6710285,164.560367,2.143110367,PooledNostril,Day 15
IgA,Delta,CV06HC011,365.0555804,164.560367,2.218368778,PooledNostril,Day 15
IgA,Gamma,CV06HC011,453.1115597,164.560367,2.753467119,PooledNostril,Day 15
IgA,Omicron.BA.1,CV06HC011,275.2306491,164.560367,1.672520875,PooledNostril,Day 15
IgA,Omicron.BA.5,CV06HC011,287.8943433,164.560367,1.749475579,PooledNostril,Day 15
IgA,Spike,CV06HC011,621.5789906,164.560367,3.777209554,PooledNostril,Day 15
IgA,RBD,CV06HC011,564.215091,164.560367,3.428620762,PooledNostril,Day 15
IgG,Alpha,CV06HC012,4460.193489,151.3510953,29.46918541,PooledNostril,Day 1
IgG,Delta,CV06HC012,3836.025601,151.3510953,25.34521203,PooledNostril,Day 1
IgG,Omicron.BA.1,CV06HC012,1820.889881,151.3510953,12.03089992,PooledNostril,Day 1
IgG,Beta,CV06HC012,3409.933586,151.3510953,22.52995645,PooledNostril,Day 1
IgG,Gamma,CV06HC012,4349.951786,151.3510953,28.7408015,PooledNostril,Day 1
IgG,Omicron.BA.5,CV06HC012,2541.365828,151.3510953,16.79119549,PooledNostril,Day 1
IgG,RBD,CV06HC012,4297.707804,151.3510953,28.39561746,PooledNostril,Day 1
IgG,Spike,CV06HC012,5521.727386,151.3510953,36.48290338,PooledNostril,Day 1
IgA,Beta,CV06HC012,385.9234457,488.1183941,0.790634916,PooledNostril,Day 1
IgA,Alpha,CV06HC012,369.6104472,488.1183941,0.757214749,PooledNostril,Day 1
IgA,Delta,CV06HC012,763.5418606,488.1183941,1.564255455,PooledNostril,Day 1
IgA,Gamma,CV06HC012,503.4916809,488.1183941,1.031494996,PooledNostril,Day 1
IgA,Omicron.BA.1,CV06HC012,239.9386359,488.1183941,0.491558275,PooledNostril,Day 1
IgA,Omicron.BA.5,CV06HC012,1225.541612,488.1183941,2.510746627,PooledNostril,Day 1
IgA,RBD,CV06HC012,391.3789811,488.1183941,0.801811581,PooledNostril,Day 1
IgA,Spike,CV06HC012,580.8462269,488.1183941,1.189969962,PooledNostril,Day 1
IgG,Alpha,CV06HC012,2212.787199,71.6233738,30.89476356,PooledNostril,Day 3
IgG,Delta,CV06HC012,1770.986159,71.6233738,24.72637164,PooledNostril,Day 3
IgG,Beta,CV06HC012,1718.962726,71.6233738,24.0000245,PooledNostril,Day 3
IgG,Gamma,CV06HC012,2179.032493,71.6233738,30.42348297,PooledNostril,Day 3
IgG,Omicron.BA.1,CV06HC012,887.939882,71.6233738,12.39734789,PooledNostril,Day 3
IgG,Omicron.BA.5,CV06HC012,1254.088721,71.6233738,17.50948963,PooledNostril,Day 3
IgG,RBD,CV06HC012,2025.457349,71.6233738,28.2792787,PooledNostril,Day 3
IgG,Spike,CV06HC012,2645.703791,71.6233738,36.9391115,PooledNostril,Day 3
IgA,Beta,CV06HC012,197.154416,148.0809659,1.331396069,PooledNostril,Day 3
IgA,Alpha,CV06HC012,184.3625507,148.0809659,1.245011805,PooledNostril,Day 3
IgA,Delta,CV06HC012,363.8925761,148.0809659,2.457389265,PooledNostril,Day 3
IgA,Gamma,CV06HC012,250.2524121,148.0809659,1.689970149,PooledNostril,Day 3
IgA,Omicron.BA.5,CV06HC012,579.9203279,148.0809659,3.916238149,PooledNostril,Day 3
IgA,RBD,CV06HC012,196.9084322,148.0809659,1.329734926,PooledNostril,Day 3
IgA,Spike,CV06HC012,283.320939,148.0809659,1.913283974,PooledNostril,Day 3
IgA,Omicron.BA.1,CV06HC012,113.2360251,148.0809659,0.764689941,PooledNostril,Day 3
IgG,Alpha,CV06HC012,2412.821625,80.52088709,29.96516447,PooledNostril,Day 15
IgG,Beta,CV06HC012,1806.380687,80.52088709,22.43369084,PooledNostril,Day 15
IgG,Delta,CV06HC012,1887.399813,80.52088709,23.43987854,PooledNostril,Day 15
IgG,Gamma,CV06HC012,2239.9926,80.52088709,27.81877698,PooledNostril,Day 15
IgG,Omicron.BA.1,CV06HC012,961.14451,80.52088709,11.93658621,PooledNostril,Day 15
IgG,Omicron.BA.5,CV06HC012,1318.095392,80.52088709,16.36960842,PooledNostril,Day 15
IgG,RBD,CV06HC012,2008.931158,80.52088709,24.94919306,PooledNostril,Day 15
IgG,Spike,CV06HC012,2958.506458,80.52088709,36.74209966,PooledNostril,Day 15
IgA,Omicron.BA.5,CV06HC012,737.1355737,221.3259624,3.330542724,PooledNostril,Day 15
IgA,Beta,CV06HC012,247.3721257,221.3259624,1.117682368,PooledNostril,Day 15
IgA,Gamma,CV06HC012,317.6342499,221.3259624,1.435142296,PooledNostril,Day 15
IgA,Alpha,CV06HC012,235.819729,221.3259624,1.065486066,PooledNostril,Day 15
IgA,Omicron.BA.1,CV06HC012,147.2821267,221.3259624,0.665453456,PooledNostril,Day 15
IgA,RBD,CV06HC012,217.4542706,221.3259624,0.982506834,PooledNostril,Day 15
IgA,Spike,CV06HC012,361.9180854,221.3259624,1.63522653,PooledNostril,Day 15
IgA,Delta,CV06HC012,470.1144779,221.3259624,2.124081932,PooledNostril,Day 15
IgG,Alpha,CV06HC013,280.1146257,39.55172011,7.082236244,PooledNostril,Day 1
IgG,Beta,CV06HC013,226.2159961,39.55172011,5.719498304,PooledNostril,Day 1
IgG,Delta,CV06HC013,294.7320388,39.55172011,7.451813421,PooledNostril,Day 1
IgG,Gamma,CV06HC013,254.1919082,39.55172011,6.426823093,PooledNostril,Day 1
IgG,Omicron.BA.1,CV06HC013,81.15920497,39.55172011,2.05197662,PooledNostril,Day 1
IgG,RBD,CV06HC013,186.9568379,39.55172011,4.726895249,PooledNostril,Day 1
IgG,Omicron.BA.5,CV06HC013,97.84079556,39.55172011,2.473743121,PooledNostril,Day 1
IgG,Spike,CV06HC013,329.8306407,39.55172011,8.339223674,PooledNostril,Day 1
IgA,Alpha,CV06HC013,1166.405609,192.2072786,6.068477833,PooledNostril,Day 1
IgA,Beta,CV06HC013,846.5843666,192.2072786,4.404538542,PooledNostril,Day 1
IgA,Gamma,CV06HC013,1586.77615,192.2072786,8.255546626,PooledNostril,Day 1
IgA,Omicron.BA.1,CV06HC013,592.7067165,192.2072786,3.083685076,PooledNostril,Day 1
IgA,Delta,CV06HC013,1020.507854,192.2072786,5.309413156,PooledNostril,Day 1
IgA,Omicron.BA.5,CV06HC013,961.3602041,192.2072786,5.001684698,PooledNostril,Day 1
IgA,Spike,CV06HC013,1684.960668,192.2072786,8.766372846,PooledNostril,Day 1
IgA,RBD,CV06HC013,787.613977,192.2072786,4.097732317,PooledNostril,Day 1
IgG,Alpha,CV06HC013,360.8833774,23.3550407,15.45205517,PooledNostril,Day 3
IgG,Beta,CV06HC013,282.3670585,23.3550407,12.09019766,PooledNostril,Day 3
IgG,Delta,CV06HC013,358.9794182,23.3550407,15.37053276,PooledNostril,Day 3
IgG,Omicron.BA.1,CV06HC013,103.0965314,23.3550407,4.414316068,PooledNostril,Day 3
IgG,RBD,CV06HC013,240.2880037,23.3550407,10.28848576,PooledNostril,Day 3
IgG,Gamma,CV06HC013,330.963858,23.3550407,14.17098186,PooledNostril,Day 3
IgG,Omicron.BA.5,CV06HC013,124.427947,23.3550407,5.327669886,PooledNostril,Day 3
IgG,Spike,CV06HC013,412.6920174,23.3550407,17.67036173,PooledNostril,Day 3
IgA,Alpha,CV06HC013,433.5632762,57.64575055,7.521166297,PooledNostril,Day 3
IgA,Beta,CV06HC013,317.2353037,57.64575055,5.503186282,PooledNostril,Day 3
IgA,Delta,CV06HC013,382.48863,57.64575055,6.635157428,PooledNostril,Day 3
IgA,Gamma,CV06HC013,577.2403494,57.64575055,10.01358025,PooledNostril,Day 3
IgA,Omicron.BA.1,CV06HC013,219.8290203,57.64575055,3.813447101,PooledNostril,Day 3
IgA,Omicron.BA.5,CV06HC013,341.1219403,57.64575055,5.91755571,PooledNostril,Day 3
IgA,RBD,CV06HC013,286.9136031,57.64575055,4.977185661,PooledNostril,Day 3
IgA,Spike,CV06HC013,618.7448044,57.64575055,10.73357183,PooledNostril,Day 3
IgG,Alpha,CV06HC013,193.1560635,45.75505038,4.221524441,PooledNostril,Day 15
IgG,Delta,CV06HC013,192.910738,45.75505038,4.216162727,PooledNostril,Day 15
IgG,Omicron.BA.1,CV06HC013,59.15848309,45.75505038,1.292938869,PooledNostril,Day 15
IgG,Beta,CV06HC013,156.6987332,45.75505038,3.424730863,PooledNostril,Day 15
IgG,Gamma,CV06HC013,176.2705738,45.75505038,3.852483438,PooledNostril,Day 15
IgG,Omicron.BA.5,CV06HC013,68.39271352,45.75505038,1.494757692,PooledNostril,Day 15
IgG,RBD,CV06HC013,133.590307,45.75505038,2.919684405,PooledNostril,Day 15
IgG,Spike,CV06HC013,231.5167588,45.75505038,5.059917035,PooledNostril,Day 15
IgA,Alpha,CV06HC013,1012.039809,188.0190748,5.382644341,PooledNostril,Day 15
IgA,Beta,CV06HC013,726.1176315,188.0190748,3.861935988,PooledNostril,Day 15
IgA,Delta,CV06HC013,769.5125898,188.0190748,4.092736817,PooledNostril,Day 15
IgA,Gamma,CV06HC013,1375.015705,188.0190748,7.313171314,PooledNostril,Day 15
IgA,Omicron.BA.1,CV06HC013,574.2586681,188.0190748,3.054257493,PooledNostril,Day 15
IgA,Omicron.BA.5,CV06HC013,841.4740053,188.0190748,4.475471471,PooledNostril,Day 15
IgA,RBD,CV06HC013,718.3654361,188.0190748,3.820705089,PooledNostril,Day 15
IgA,Spike,CV06HC013,1353.279533,188.0190748,7.197565111,PooledNostril,Day 15
IgG,Alpha,CV06HC014,643.3480353,32.66714028,19.69404208,PooledNostril,Day 1
IgG,Delta,CV06HC014,572.8917116,32.66714028,17.53724711,PooledNostril,Day 1
IgG,Beta,CV06HC014,475.1355234,32.66714028,14.54475413,PooledNostril,Day 1
IgG,Gamma,CV06HC014,526.7293953,32.66714028,16.12413547,PooledNostril,Day 1
IgG,Omicron.BA.1,CV06HC014,202.8216207,32.66714028,6.208735107,PooledNostril,Day 1
IgG,Omicron.BA.5,CV06HC014,181.9183888,32.66714028,5.56884953,PooledNostril,Day 1
IgG,Spike,CV06HC014,774.1615552,32.66714028,23.69847953,PooledNostril,Day 1
IgG,RBD,CV06HC014,500.7910795,32.66714028,15.33011691,PooledNostril,Day 1
IgA,Alpha,CV06HC014,119.2500641,152.1745816,0.783639836,PooledNostril,Day 1
IgA,Beta,CV06HC014,113.4805263,152.1745816,0.745725897,PooledNostril,Day 1
IgA,Delta,CV06HC014,162.2155779,152.1745816,1.0659834,PooledNostril,Day 1
IgA,Gamma,CV06HC014,114.8719281,152.1745816,0.754869354,PooledNostril,Day 1
IgA,Omicron.BA.5,CV06HC014,125.2081303,152.1745816,0.82279267,PooledNostril,Day 1
IgA,Omicron.BA.1,CV06HC014,59.51905341,152.1745816,0.39112349,PooledNostril,Day 1
IgA,RBD,CV06HC014,174.6882765,152.1745816,1.147946488,PooledNostril,Day 1
IgA,Spike,CV06HC014,151.3061249,152.1745816,0.994293023,PooledNostril,Day 1
IgG,Alpha,CV06HC014,692.4877651,37.24514213,18.5927003,PooledNostril,Day 3
IgG,Beta,CV06HC014,527.4880989,37.24514213,14.16260132,PooledNostril,Day 3
IgG,Delta,CV06HC014,586.0787735,37.24514213,15.73571049,PooledNostril,Day 3
IgG,Gamma,CV06HC014,582.3963468,37.24514213,15.6368405,PooledNostril,Day 3
IgG,Omicron.BA.1,CV06HC014,220.4877019,37.24514213,5.919904967,PooledNostril,Day 3
IgG,Omicron.BA.5,CV06HC014,199.1222602,37.24514213,5.346261252,PooledNostril,Day 3
IgG,Spike,CV06HC014,849.1889411,37.24514213,22.79999196,PooledNostril,Day 3
IgG,RBD,CV06HC014,536.404172,37.24514213,14.4019902,PooledNostril,Day 3
IgA,Alpha,CV06HC014,157.6275713,211.2276051,0.746245128,PooledNostril,Day 3
IgA,Beta,CV06HC014,151.8547985,211.2276051,0.718915496,PooledNostril,Day 3
IgA,Gamma,CV06HC014,170.0681684,211.2276051,0.805141772,PooledNostril,Day 3
IgA,Omicron.BA.5,CV06HC014,184.3720985,211.2276051,0.872859863,PooledNostril,Day 3
IgA,Spike,CV06HC014,217.4340175,211.2276051,1.029382582,PooledNostril,Day 3
IgA,Delta,CV06HC014,214.3490058,211.2276051,1.014777428,PooledNostril,Day 3
IgA,Omicron.BA.1,CV06HC014,88.46921641,211.2276051,0.418833591,PooledNostril,Day 3
IgA,RBD,CV06HC014,233.2938357,211.2276051,1.104466604,PooledNostril,Day 3
IgG,Alpha,CV06HC014,1317.585687,87.49022508,15.05980452,PooledNostril,Day 15
IgG,Beta,CV06HC014,990.9260222,87.49022508,11.32613411,PooledNostril,Day 15
IgG,Delta,CV06HC014,1194.149046,87.49022508,13.64894244,PooledNostril,Day 15
IgG,Gamma,CV06HC014,1071.694549,87.49022508,12.24930611,PooledNostril,Day 15
IgG,Omicron.BA.1,CV06HC014,427.5536662,87.49022508,4.886873543,PooledNostril,Day 15
IgG,RBD,CV06HC014,1029.923372,87.49022508,11.7718679,PooledNostril,Day 15
IgG,Omicron.BA.5,CV06HC014,367.1922311,87.49022508,4.196951497,PooledNostril,Day 15
IgG,Spike,CV06HC014,1630.891253,87.49022508,18.64083961,PooledNostril,Day 15
IgA,Beta,CV06HC014,170.597042,187.8745673,0.908036912,PooledNostril,Day 15
IgA,Gamma,CV06HC014,173.5327618,187.8745673,0.923662869,PooledNostril,Day 15
IgA,Alpha,CV06HC014,184.9648214,187.8745673,0.984512295,PooledNostril,Day 15
IgA,Delta,CV06HC014,249.8209206,187.8745673,1.329721868,PooledNostril,Day 15
IgA,Omicron.BA.1,CV06HC014,89.8363152,187.8745673,0.478171774,PooledNostril,Day 15
IgA,Omicron.BA.5,CV06HC014,157.8153734,187.8745673,0.840003922,PooledNostril,Day 15
IgA,Spike,CV06HC014,224.5019341,187.8745673,1.194956493,PooledNostril,Day 15
IgA,RBD,CV06HC014,208.9476538,187.8745673,1.112165722,PooledNostril,Day 15
IgA,Spike,CV06HC015,537.621997,243.7393022,2.205725512,Left,Day 1
IgG,Spike,CV06HC015,6107.197883,76.05999807,80.29447855,Left,Day 1
IgA,Gamma,CV06HC015,392.7740233,243.7393022,1.611451333,Left,Day 1
IgG,Gamma,CV06HC015,4246.500212,76.05999807,55.83092716,Left,Day 1
IgG,Omicron.BA.1,CV06HC015,1757.065429,76.05999807,23.10104487,Left,Day 1
IgA,RBD,CV06HC015,530.5780108,243.7393022,2.176825839,Left,Day 1
IgA,Omicron.BA.5,CV06HC015,330.8330905,243.7393022,1.357323532,Left,Day 1
IgA,Alpha,CV06HC015,453.5610433,243.7393022,1.860844924,Left,Day 1
IgG,Delta,CV06HC015,4890.280414,76.05999807,64.29503731,Left,Day 1
IgG,Alpha,CV06HC015,5196.62669,76.05999807,68.32272971,Left,Day 1
IgG,Omicron.BA.5,CV06HC015,2181.404282,76.05999807,28.68004651,Left,Day 1
IgA,Delta,CV06HC015,577.3568596,243.7393022,2.368747488,Left,Day 1
IgA,Beta,CV06HC015,447.3837069,243.7393022,1.835500894,Left,Day 1
IgA,Omicron.BA.1,CV06HC015,248.7409456,243.7393022,1.020520463,Left,Day 1
IgG,RBD,CV06HC015,4536.029611,76.05999807,59.63751941,Left,Day 1
IgG,Beta,CV06HC015,4112.146496,76.05999807,54.0645096,Left,Day 1
IgA,Gamma,CV06HC015,291.9979058,153.456925,1.902800449,Right,Day 1
IgA,Delta,CV06HC015,448.1322169,153.456925,2.9202476,Right,Day 1
IgA,Beta,CV06HC015,319.1243725,153.456925,2.079569707,Right,Day 1
IgA,RBD,CV06HC015,361.1138634,153.456925,2.353193663,Right,Day 1
IgG,RBD,CV06HC015,4584.01237,68.96200721,66.47156247,Right,Day 1
IgG,Spike,CV06HC015,5691.631857,68.96200721,82.53286248,Right,Day 1
IgA,Alpha,CV06HC015,290.8971591,153.456925,1.895627448,Right,Day 1
IgA,Omicron.BA.1,CV06HC015,170.3504062,153.456925,1.110086145,Right,Day 1
IgG,Alpha,CV06HC015,4939.104847,68.96200721,71.62066545,Right,Day 1
IgG,Omicron.BA.5,CV06HC015,2183.814812,68.96200721,31.66692648,Right,Day 1
IgG,Delta,CV06HC015,4518.129896,68.96200721,65.51621797,Right,Day 1
IgA,Omicron.BA.5,CV06HC015,204.4415034,153.456925,1.332240324,Right,Day 1
IgG,Gamma,CV06HC015,4206.473888,68.96200721,60.99697585,Right,Day 1
IgA,Spike,CV06HC015,368.4703983,153.456925,2.401132424,Right,Day 1
IgG,Beta,CV06HC015,3958.292831,68.96200721,57.39816736,Right,Day 1
IgG,Omicron.BA.1,CV06HC015,1610.211427,68.96200721,23.34925406,Right,Day 1
IgG,Alpha,CV06HC015,4929.100543,74.3769932,66.27184471,PooledNostril,Day 1
IgG,Delta,CV06HC015,4551.73539,74.3769932,61.1981635,PooledNostril,Day 1
IgG,Beta,CV06HC015,3986.54742,74.3769932,53.59920115,PooledNostril,Day 1
IgG,Gamma,CV06HC015,4072.967079,74.3769932,54.76111502,PooledNostril,Day 1
IgG,Omicron.BA.1,CV06HC015,1610.865738,74.3769932,21.65811857,PooledNostril,Day 1
IgG,Omicron.BA.5,CV06HC015,2146.841022,74.3769932,28.86431583,PooledNostril,Day 1
IgG,Spike,CV06HC015,5880.742999,74.3769932,79.0666945,PooledNostril,Day 1
IgG,RBD,CV06HC015,4322.242134,74.3769932,58.11262258,PooledNostril,Day 1
IgA,Alpha,CV06HC015,338.0246105,198.7964507,1.70035536,PooledNostril,Day 1
IgA,Beta,CV06HC015,340.5626748,198.7964507,1.713122511,PooledNostril,Day 1
IgA,Delta,CV06HC015,481.616018,198.7964507,2.422659037,PooledNostril,Day 1
IgA,Gamma,CV06HC015,314.5407266,198.7964507,1.582225062,PooledNostril,Day 1
IgA,Omicron.BA.1,CV06HC015,193.2937772,198.7964507,0.972320062,PooledNostril,Day 1
IgA,Omicron.BA.5,CV06HC015,241.0307086,198.7964507,1.212449758,PooledNostril,Day 1
IgA,Spike,CV06HC015,420.3471174,198.7964507,2.11445987,PooledNostril,Day 1
IgA,RBD,CV06HC015,416.1756268,198.7964507,2.093476142,PooledNostril,Day 1
IgG,Alpha,CV06HC015,3155.672703,43.99324963,71.73083892,PooledNostril,Day 3
IgG,Beta,CV06HC015,2469.983983,43.99324963,56.14461319,PooledNostril,Day 3
IgG,Delta,CV06HC015,3048.831671,43.99324963,69.30226106,PooledNostril,Day 3
IgG,Gamma,CV06HC015,2507.859535,43.99324963,57.00555326,PooledNostril,Day 3
IgG,Omicron.BA.1,CV06HC015,1036.679996,43.99324963,23.5645242,PooledNostril,Day 3
IgG,Omicron.BA.5,CV06HC015,1350.316558,43.99324963,30.69372165,PooledNostril,Day 3
IgG,Spike,CV06HC015,3775.938068,43.99324963,85.8299421,PooledNostril,Day 3
IgG,RBD,CV06HC015,2813.443183,43.99324963,63.95170184,PooledNostril,Day 3
IgA,Alpha,CV06HC015,246.26846,145.9692752,1.687125319,PooledNostril,Day 3
IgA,Beta,CV06HC015,243.8582809,145.9692752,1.670613768,PooledNostril,Day 3
IgA,Gamma,CV06HC015,208.8669301,145.9692752,1.430896535,PooledNostril,Day 3
IgA,Delta,CV06HC015,347.8430971,145.9692752,2.382988452,PooledNostril,Day 3
IgA,Omicron.BA.5,CV06HC015,170.4412077,145.9692752,1.167651257,PooledNostril,Day 3
IgA,Omicron.BA.1,CV06HC015,135.9897175,145.9692752,0.931632478,PooledNostril,Day 3
IgA,Spike,CV06HC015,283.7145535,145.9692752,1.943659397,PooledNostril,Day 3
IgA,RBD,CV06HC015,297.3948936,145.9692752,2.03738008,PooledNostril,Day 3
IgG,Alpha,CV06HC015,4496.205478,54.20088287,82.95446938,PooledNostril,Day 15
IgG,Beta,CV06HC015,3499.940916,54.20088287,64.5735038,PooledNostril,Day 15
IgG,Delta,CV06HC015,4071.803541,54.20088287,75.12430289,PooledNostril,Day 15
IgG,Gamma,CV06HC015,3641.079001,54.20088287,67.1774851,PooledNostril,Day 15
IgG,Omicron.BA.5,CV06HC015,1949.352239,54.20088287,35.96532262,PooledNostril,Day 15
IgG,Omicron.BA.1,CV06HC015,1451.750764,54.20088287,26.78463314,PooledNostril,Day 15
IgG,RBD,CV06HC015,3996.439752,54.20088287,73.73384972,PooledNostril,Day 15
IgA,Omicron.BA.5,CV06HC015,221.3579351,104.1530448,2.125314105,PooledNostril,Day 15
IgG,Spike,CV06HC015,5265.145712,54.20088287,97.14132748,PooledNostril,Day 15
IgA,Spike,CV06HC015,362.8110137,104.1530448,3.483441262,PooledNostril,Day 15
IgA,Delta,CV06HC015,400.5439598,104.1530448,3.845724921,PooledNostril,Day 15
IgA,RBD,CV06HC015,376.4711011,104.1530448,3.614595252,PooledNostril,Day 15
IgA,Beta,CV06HC015,325.3166615,104.1530448,3.123448405,PooledNostril,Day 15
IgA,Gamma,CV06HC015,261.7279204,104.1530448,2.512916651,PooledNostril,Day 15
IgA,Alpha,CV06HC015,317.120493,104.1530448,3.044754897,PooledNostril,Day 15
IgA,Omicron.BA.1,CV06HC015,172.3106917,104.1530448,1.654398987,PooledNostril,Day 15
IgG,Alpha,CV06UM001,3136.03,42.30501917,74.12902916,PooledNostril,Day 3
IgG,Beta,CV06UM001,2331.836777,42.30501917,55.11962463,PooledNostril,Day 3
IgG,Delta,CV06UM001,3090.292864,42.30501917,73.04790127,PooledNostril,Day 3
IgG,Omicron.BA.1,CV06UM001,1083.299613,42.30501917,25.6068815,PooledNostril,Day 3
IgG,Gamma,CV06UM001,2213.089393,42.30501917,52.31269093,PooledNostril,Day 3
IgG,Omicron.BA.5,CV06UM001,1030.512036,42.30501917,24.3590963,PooledNostril,Day 3
IgG,RBD,CV06UM001,2296.310562,42.30501917,54.27986103,PooledNostril,Day 3
IgG,Spike,CV06UM001,3683.505754,42.30501917,87.07018282,PooledNostril,Day 3
IgA,Beta,CV06UM001,37.21973813,102.2737888,0.363922551,PooledNostril,Day 3
IgA,Delta,CV06UM001,54.00324494,102.2737888,0.528026248,PooledNostril,Day 3
IgA,Alpha,CV06UM001,65.77185859,102.2737888,0.643095942,PooledNostril,Day 3
IgA,Gamma,CV06UM001,36.9631849,102.2737888,0.361414057,PooledNostril,Day 3
IgA,Omicron.BA.5,CV06UM001,37.76229342,102.2737888,0.369227481,PooledNostril,Day 3
IgA,Omicron.BA.1,CV06UM001,34.49715094,102.2737888,0.337301975,PooledNostril,Day 3
IgA,RBD,CV06UM001,111.6838979,102.2737888,1.092009,PooledNostril,Day 3
IgA,Spike,CV06UM001,75.96581928,102.2737888,0.74276919,PooledNostril,Day 3
IgG,Alpha,CV06UM001,4244.163284,53.45909282,79.3908587,PooledNostril,Day 15
IgG,Delta,CV06UM001,4274.818046,53.45909282,79.96428335,PooledNostril,Day 15
IgG,Omicron.BA.1,CV06UM001,1443.43959,53.45909282,27.00082463,PooledNostril,Day 15
IgG,Beta,CV06UM001,3115.696149,53.45909282,58.2818747,PooledNostril,Day 15
IgG,Gamma,CV06UM001,3080.555833,53.45909282,57.62454375,PooledNostril,Day 15
IgG,Omicron.BA.5,CV06UM001,1384.899444,53.45909282,25.905779,PooledNostril,Day 15
IgG,RBD,CV06UM001,3185.307395,53.45909282,59.58401512,PooledNostril,Day 15
IgG,Spike,CV06UM001,4937.600173,53.45909282,92.36221402,PooledNostril,Day 15
IgA,Alpha,CV06UM001,80.19376516,133.8710321,0.599037476,PooledNostril,Day 15
IgA,Beta,CV06UM001,43.66231521,133.8710321,0.326152077,PooledNostril,Day 15
IgA,Delta,CV06UM001,60.27815627,133.8710321,0.450270348,PooledNostril,Day 15
IgA,Gamma,CV06UM001,39.26140753,133.8710321,0.293277843,PooledNostril,Day 15
IgA,Omicron.BA.1,CV06UM001,32.31942374,133.8710321,0.241422085,PooledNostril,Day 15
IgA,Omicron.BA.5,CV06UM001,44.5026565,133.8710321,0.332429322,PooledNostril,Day 15
IgA,Spike,CV06UM001,88.37302293,133.8710321,0.660135517,PooledNostril,Day 15
IgA,RBD,CV06UM001,121.2034266,133.8710321,0.905374558,PooledNostril,Day 15
IgG,Delta,CV06UM002,54.63887847,11.18650597,4.884356084,Left,Day 1
IgA,Omicron.BA.5,CV06UM002,24.92351731,34.69473325,0.718366016,Left,Day 1
IgG,RBD,CV06UM002,43.98096823,11.18650597,3.931609063,Left,Day 1
IgG,Alpha,CV06UM002,59.86728039,11.18650597,5.351740801,Left,Day 1
IgG,Omicron.BA.5,CV06UM002,18.98069372,11.18650597,1.696749082,Left,Day 1
IgG,Beta,CV06UM002,48.96927065,11.18650597,4.377530464,Left,Day 1
IgG,Gamma,CV06UM002,49.24433026,11.18650597,4.402118983,Left,Day 1
IgA,Delta,CV06UM002,58.4171033,34.69473325,1.683745567,Left,Day 1
IgA,Spike,CV06UM002,60.11311386,34.69473325,1.732629371,Left,Day 1
IgA,Omicron.BA.1,CV06UM002,29.08563937,34.69473325,0.838330105,Left,Day 1
IgA,RBD,CV06UM002,57.78047856,34.69473325,1.665396247,Left,Day 1
IgA,Alpha,CV06UM002,46.58945517,34.69473325,1.342839411,Left,Day 1
IgA,Beta,CV06UM002,44.55434294,34.69473325,1.284181741,Left,Day 1
IgG,Spike,CV06UM002,67.20718046,11.18650597,6.007879553,Left,Day 1
IgA,Gamma,CV06UM002,45.45760628,34.69473325,1.310216336,Left,Day 1
IgG,Omicron.BA.1,CV06UM002,22.32374564,11.18650597,1.995595918,Left,Day 1
IgA,RBD,CV06UM002,56.32781404,35.7534651,1.575450488,Right,Day 1
IgA,Omicron.BA.5,CV06UM002,24.87372674,35.7534651,0.695701149,Right,Day 1
IgG,Delta,CV06UM002,45.78289435,9.479823154,4.829509328,Right,Day 1
IgA,Delta,CV06UM002,54.32928837,35.7534651,1.51955309,Right,Day 1
IgG,Spike,CV06UM002,56.30998924,9.479823154,5.939983091,Right,Day 1
IgG,Gamma,CV06UM002,39.28359671,9.479823154,4.143916619,Right,Day 1
IgA,Omicron.BA.1,CV06UM002,25.54200076,35.7534651,0.714392317,Right,Day 1
IgA,Beta,CV06UM002,38.35896545,35.7534651,1.072874066,Right,Day 1
IgA,Gamma,CV06UM002,40.04122181,35.7534651,1.119925627,Right,Day 1
IgG,Omicron.BA.5,CV06UM002,15.55057433,9.479823154,1.640386543,Right,Day 1
IgG,Alpha,CV06UM002,51.31349277,9.479823154,5.412916669,Right,Day 1
IgA,Spike,CV06UM002,54.6969508,35.7534651,1.529836357,Right,Day 1
IgG,RBD,CV06UM002,33.82572616,9.479823154,3.568181137,Right,Day 1
IgG,Beta,CV06UM002,41.15884634,9.479823154,4.341731451,Right,Day 1
IgG,Omicron.BA.1,CV06UM002,20.17085568,9.479823154,2.127767085,Right,Day 1
IgA,Alpha,CV06UM002,43.35136025,35.7534651,1.212507938,Right,Day 1
IgG,Alpha,CV06UM002,61.48397164,10.99325525,5.592881292,PooledNostril,Day 1
IgG,Beta,CV06UM002,51.05354532,10.99325525,4.644078951,PooledNostril,Day 1
IgG,Delta,CV06UM002,56.99940582,10.99325525,5.184943359,PooledNostril,Day 1
IgG,Gamma,CV06UM002,48.60961201,10.99325525,4.421766883,PooledNostril,Day 1
IgG,Omicron.BA.1,CV06UM002,21.30438682,10.99325525,1.93795071,PooledNostril,Day 1
IgG,Omicron.BA.5,CV06UM002,19.96376435,10.99325525,1.816001165,PooledNostril,Day 1
IgG,RBD,CV06UM002,46.08842756,10.99325525,4.192427674,PooledNostril,Day 1
IgA,Beta,CV06UM002,44.77492215,36.0577569,1.241755617,PooledNostril,Day 1
IgA,Gamma,CV06UM002,47.00998962,36.0577569,1.303741377,PooledNostril,Day 1
IgA,Omicron.BA.5,CV06UM002,28.23188156,36.0577569,0.782962779,PooledNostril,Day 1
IgA,Spike,CV06UM002,60.90390561,36.0577569,1.68906529,PooledNostril,Day 1
IgA,RBD,CV06UM002,54.3223135,36.0577569,1.506536129,PooledNostril,Day 1
IgG,Spike,CV06UM002,68.30252435,10.99325525,6.21313003,PooledNostril,Day 1
IgA,Alpha,CV06UM002,48.49066494,36.0577569,1.344805365,PooledNostril,Day 1
IgA,Delta,CV06UM002,63.61936446,36.0577569,1.76437388,PooledNostril,Day 1
IgA,Omicron.BA.1,CV06UM002,31.99477442,36.0577569,0.887320155,PooledNostril,Day 1
IgG,Alpha,CV06UM002,90.9405062,17.44889832,5.211819369,PooledNostril,Day 3
IgG,Beta,CV06UM002,80.47201174,17.44889832,4.611867769,PooledNostril,Day 3
IgG,Delta,CV06UM002,85.81749942,17.44889832,4.918218782,PooledNostril,Day 3
IgG,Omicron.BA.1,CV06UM002,36.62801781,17.44889832,2.099159337,PooledNostril,Day 3
IgG,Gamma,CV06UM002,80.28622859,17.44889832,4.601220498,PooledNostril,Day 3
IgG,Omicron.BA.5,CV06UM002,29.76702892,17.44889832,1.705954633,PooledNostril,Day 3
IgG,RBD,CV06UM002,70.92074826,17.44889832,4.064482867,PooledNostril,Day 3
IgG,Spike,CV06UM002,107.2300585,17.44889832,6.145377004,PooledNostril,Day 3
IgA,Beta,CV06UM002,45.39283328,31.20825759,1.454513542,PooledNostril,Day 3
IgA,Gamma,CV06UM002,48.46288734,31.20825759,1.552886674,PooledNostril,Day 3
IgA,Alpha,CV06UM002,46.83777073,31.20825759,1.500813385,PooledNostril,Day 3
IgA,Delta,CV06UM002,56.26560203,31.20825759,1.802907512,PooledNostril,Day 3
IgA,Omicron.BA.1,CV06UM002,30.34265242,31.20825759,0.972263586,PooledNostril,Day 3
IgA,Omicron.BA.5,CV06UM002,23.93445391,31.20825759,0.766926953,PooledNostril,Day 3
IgA,RBD,CV06UM002,51.31053322,31.20825759,1.644133226,PooledNostril,Day 3
IgA,Spike,CV06UM002,60.06728625,31.20825759,1.924724124,PooledNostril,Day 3
IgG,Alpha,CV06UM002,323.1520603,66.16203151,4.884252387,PooledNostril,Day 15
IgG,Delta,CV06UM002,304.1588999,66.16203151,4.597181993,PooledNostril,Day 15
IgG,Omicron.BA.1,CV06UM002,121.5737542,66.16203151,1.837515436,PooledNostril,Day 15
IgG,Beta,CV06UM002,262.7103764,66.16203151,3.97071206,PooledNostril,Day 15
IgG,Gamma,CV06UM002,257.2462367,66.16203151,3.888124817,PooledNostril,Day 15
IgG,Omicron.BA.5,CV06UM002,101.139677,66.16203151,1.528666438,PooledNostril,Day 15
IgG,RBD,CV06UM002,232.4520722,66.16203151,3.513375676,PooledNostril,Day 15
IgG,Spike,CV06UM002,363.4653412,66.16203151,5.493563799,PooledNostril,Day 15
IgA,Alpha,CV06UM002,140.9386336,101.2589663,1.391863247,PooledNostril,Day 15
IgA,Beta,CV06UM002,133.437524,101.2589663,1.317784774,PooledNostril,Day 15
IgA,Delta,CV06UM002,165.1439056,101.2589663,1.630906492,PooledNostril,Day 15
IgA,Gamma,CV06UM002,140.3733426,101.2589663,1.386280619,PooledNostril,Day 15
IgA,Omicron.BA.1,CV06UM002,82.4338042,101.2589663,0.814088936,PooledNostril,Day 15
IgA,RBD,CV06UM002,191.6951779,101.2589663,1.893118059,PooledNostril,Day 15
IgA,Omicron.BA.5,CV06UM002,86.57811444,101.2589663,0.855016771,PooledNostril,Day 15
IgA,Spike,CV06UM002,178.0956623,101.2589663,1.75881375,PooledNostril,Day 15
IgA,Spike,CV06UM003,490.4301022,78.75952522,6.226930659,Left,Day 1
IgG,Omicron.BA.1,CV06UM003,2333.727547,79.85434136,29.22480491,Left,Day 1
IgG,Gamma,CV06UM003,4793.511565,79.85434136,60.02818986,Left,Day 1
IgA,Omicron.BA.1,CV06UM003,356.2841807,78.75952522,4.523696401,Left,Day 1
IgA,Delta,CV06UM003,556.3713626,78.75952522,7.064178727,Left,Day 1
IgG,Alpha,CV06UM003,5168.736782,79.85434136,64.72706047,Left,Day 1
IgG,Delta,CV06UM003,5149.169613,79.85434136,64.48202471,Left,Day 1
IgG,Beta,CV06UM003,4880.857686,79.85434136,61.12200793,Left,Day 1
IgA,Alpha,CV06UM003,381.3367857,78.75952522,4.841786244,Left,Day 1
IgG,Spike,CV06UM003,5546.129174,79.85434136,69.45307017,Left,Day 1
IgA,Omicron.BA.5,CV06UM003,209.9566985,78.75952522,2.665794365,Left,Day 1
IgA,Gamma,CV06UM003,355.6521735,78.75952522,4.515671883,Left,Day 1
IgA,Beta,CV06UM003,368.7019447,78.75952522,4.681363222,Left,Day 1
IgA,RBD,CV06UM003,356.5915214,78.75952522,4.527598667,Left,Day 1
IgG,RBD,CV06UM003,4251.481723,79.85434136,53.2404582,Left,Day 1
IgG,Omicron.BA.5,CV06UM003,2287.967978,79.85434136,28.65176694,Left,Day 1
IgA,Delta,CV06UM003,607.5345158,124.0442921,4.897722461,Right,Day 1
IgG,Omicron.BA.1,CV06UM003,2756.467178,95.4432962,28.88067877,Right,Day 1
IgA,Beta,CV06UM003,420.2089594,124.0442921,3.387571908,Right,Day 1
IgG,Alpha,CV06UM003,6166.294318,95.4432962,64.60688769,Right,Day 1
IgG,Delta,CV06UM003,6110.00685,95.4432962,64.01713995,Right,Day 1
IgG,Omicron.BA.5,CV06UM003,2835.334735,95.4432962,29.7070077,Right,Day 1
IgG,Spike,CV06UM003,6414.687858,95.4432962,67.20941243,Right,Day 1
IgG,RBD,CV06UM003,5601.177608,95.4432962,58.68591961,Right,Day 1
IgA,Gamma,CV06UM003,404.1395321,124.0442921,3.258026026,Right,Day 1
IgA,Alpha,CV06UM003,425.4867816,124.0442921,3.430119793,Right,Day 1
IgA,Omicron.BA.5,CV06UM003,243.0682843,124.0442921,1.959528167,Right,Day 1
IgG,Gamma,CV06UM003,5999.253358,95.4432962,62.85672852,Right,Day 1
IgA,RBD,CV06UM003,392.8010722,124.0442921,3.166619482,Right,Day 1
IgG,Beta,CV06UM003,5997.228752,95.4432962,62.83551586,Right,Day 1
IgA,Spike,CV06UM003,518.8166065,124.0442921,4.18251092,Right,Day 1
IgA,Omicron.BA.1,CV06UM003,362.0954307,124.0442921,2.91908176,Right,Day 1
IgG,Alpha,CV06UM003,5311.461135,79.37776364,66.91371602,PooledNostril,Day 1
IgG,Beta,CV06UM003,4938.845446,79.37776364,62.21950857,PooledNostril,Day 1
IgG,Delta,CV06UM003,5238.971265,79.37776364,66.00048962,PooledNostril,Day 1
IgG,Gamma,CV06UM003,4790.396407,79.37776364,60.34934958,PooledNostril,Day 1
IgG,Omicron.BA.5,CV06UM003,2375.883763,79.37776364,29.93135173,PooledNostril,Day 1
IgG,Omicron.BA.1,CV06UM003,2363.079295,79.37776364,29.77004121,PooledNostril,Day 1
IgG,RBD,CV06UM003,4176.641719,79.37776364,52.61727626,PooledNostril,Day 1
IgG,Spike,CV06UM003,5674.002703,79.37776364,71.48100982,PooledNostril,Day 1
IgA,Beta,CV06UM003,346.7188642,90.66988594,3.823969344,PooledNostril,Day 1
IgA,Gamma,CV06UM003,328.7307334,90.66988594,3.625577886,PooledNostril,Day 1
IgA,Omicron.BA.5,CV06UM003,200.2868642,90.66988594,2.208967863,PooledNostril,Day 1
IgA,Spike,CV06UM003,473.9075503,90.66988594,5.226735926,PooledNostril,Day 1
IgA,Alpha,CV06UM003,355.9928187,90.66988594,3.926251974,PooledNostril,Day 1
IgA,Delta,CV06UM003,495.2154396,90.66988594,5.461741068,PooledNostril,Day 1
IgA,Omicron.BA.1,CV06UM003,311.5031628,90.66988594,3.435574663,PooledNostril,Day 1
IgA,RBD,CV06UM003,304.8680857,90.66988594,3.362396264,PooledNostril,Day 1
IgG,Alpha,CV06UM003,3064.269338,46.60369589,65.75163793,PooledNostril,Day 3
IgG,Beta,CV06UM003,2857.082131,46.60369589,61.30591311,PooledNostril,Day 3
IgG,Delta,CV06UM003,2912.691788,46.60369589,62.49915876,PooledNostril,Day 3
IgG,Omicron.BA.1,CV06UM003,1346.237578,46.60369589,28.88692737,PooledNostril,Day 3
IgG,Gamma,CV06UM003,2843.544665,46.60369589,61.01543259,PooledNostril,Day 3
IgG,Omicron.BA.5,CV06UM003,1333.616963,46.60369589,28.6161202,PooledNostril,Day 3
IgG,Spike,CV06UM003,3283.500118,46.60369589,70.45578801,PooledNostril,Day 3
IgA,Beta,CV06UM003,209.6675418,52.7330017,3.976021373,PooledNostril,Day 3
IgG,RBD,CV06UM003,2544.7922,46.60369589,54.60494391,PooledNostril,Day 3
IgA,Alpha,CV06UM003,211.7743168,52.7330017,4.015973109,PooledNostril,Day 3
IgA,Delta,CV06UM003,303.5136651,52.7330017,5.755668278,PooledNostril,Day 3
IgA,Gamma,CV06UM003,207.7362153,52.7330017,3.939396747,PooledNostril,Day 3
IgA,Omicron.BA.5,CV06UM003,116.731149,52.7330017,2.213626103,PooledNostril,Day 3
IgA,RBD,CV06UM003,185.2029001,52.7330017,3.512087197,PooledNostril,Day 3
IgA,Omicron.BA.1,CV06UM003,189.2033283,52.7330017,3.587949143,PooledNostril,Day 3
IgA,Spike,CV06UM003,282.3972671,52.7330017,5.355228376,PooledNostril,Day 3
IgG,Alpha,CV06UM003,3329.968747,54.64776674,60.93512957,PooledNostril,Day 15
IgG,Delta,CV06UM003,3233.950736,54.64776674,59.17809508,PooledNostril,Day 15
IgG,Omicron.BA.1,CV06UM003,1515.017369,54.64776674,27.72331716,PooledNostril,Day 15
IgG,Beta,CV06UM003,3161.625801,54.64776674,57.8546204,PooledNostril,Day 15
IgG,Gamma,CV06UM003,3176.06303,54.64776674,58.11880739,PooledNostril,Day 15
IgG,Omicron.BA.5,CV06UM003,1479.882587,54.64776674,27.08038545,PooledNostril,Day 15
IgG,Spike,CV06UM003,3502.346418,54.64776674,64.0894702,PooledNostril,Day 15
IgG,RBD,CV06UM003,2842.381066,54.64776674,52.01275798,PooledNostril,Day 15
IgA,Alpha,CV06UM003,277.8285638,77.10864947,3.603079106,PooledNostril,Day 15
IgA,Beta,CV06UM003,277.9694663,77.10864947,3.60490643,PooledNostril,Day 15
IgA,Delta,CV06UM003,389.7310965,77.10864947,5.054311017,PooledNostril,Day 15
IgA,Gamma,CV06UM003,264.6030834,77.10864947,3.431561637,PooledNostril,Day 15
IgA,Omicron.BA.1,CV06UM003,286.9280328,77.10864947,3.721087514,PooledNostril,Day 15
IgA,Omicron.BA.5,CV06UM003,155.031265,77.10864947,2.010556093,PooledNostril,Day 15
IgA,RBD,CV06UM003,254.843036,77.10864947,3.304986377,PooledNostril,Day 15
IgA,Spike,CV06UM003,351.1068372,77.10864947,4.553404055,PooledNostril,Day 15
IgA,Beta,CV06UM005,186.0089492,107.2909452,1.7336873,Left,Day 1
IgG,Spike,CV06UM005,796.571882,31.79558987,25.05290467,Left,Day 1
IgA,Omicron.BA.1,CV06UM005,42.73003448,107.2909452,0.398263194,Left,Day 1
IgG,Omicron.BA.5,CV06UM005,268.2444254,31.79558987,8.436529294,Left,Day 1
IgG,RBD,CV06UM005,529.6819821,31.79558987,16.65897643,Left,Day 1
IgA,RBD,CV06UM005,161.9668976,107.2909452,1.509604537,Left,Day 1
IgA,Delta,CV06UM005,220.868375,107.2909452,2.058592871,Left,Day 1
IgA,Gamma,CV06UM005,209.1837451,107.2909452,1.949686851,Left,Day 1
IgG,Beta,CV06UM005,492.4938025,31.79558987,15.48937461,Left,Day 1
IgG,Gamma,CV06UM005,594.9489256,31.79558987,18.71168071,Left,Day 1
IgA,Spike,CV06UM005,189.9261036,107.2909452,1.770196947,Left,Day 1
IgA,Alpha,CV06UM005,192.2976524,107.2909452,1.792300851,Left,Day 1
IgG,Omicron.BA.1,CV06UM005,175.1177132,31.79558987,5.50761014,Left,Day 1
IgG,Alpha,CV06UM005,604.6073227,31.79558987,19.01544602,Left,Day 1
IgG,Delta,CV06UM005,588.7741385,31.79558987,18.51747808,Left,Day 1
IgA,Omicron.BA.5,CV06UM005,130.0489937,107.2909452,1.212115276,Left,Day 1
IgG,Omicron.BA.1,CV06UM005,58.36422852,10.99964853,5.306008493,Right,Day 1
IgG,RBD,CV06UM005,164.2397282,10.99964853,14.93136147,Right,Day 1
IgA,Beta,CV06UM005,170.2776094,232.2807194,0.733068203,Right,Day 1
IgG,Gamma,CV06UM005,190.8683839,10.99964853,17.3522257,Right,Day 1
IgA,Spike,CV06UM005,172.2512304,232.2807194,0.741564909,Right,Day 1
IgG,Delta,CV06UM005,193.3514588,10.99964853,17.57796699,Right,Day 1
IgA,Omicron.BA.5,CV06UM005,139.2148355,232.2807194,0.599338748,Right,Day 1
IgG,Alpha,CV06UM005,203.4957078,10.99964853,18.50020091,Right,Day 1
IgG,Omicron.BA.5,CV06UM005,91.01348944,10.99964853,8.274217962,Right,Day 1
IgA,RBD,CV06UM005,196.6465715,232.2807194,0.846590161,Right,Day 1
IgA,Delta,CV06UM005,186.8842737,232.2807194,0.804562145,Right,Day 1
IgA,Alpha,CV06UM005,166.0812025,232.2807194,0.715002101,Right,Day 1
IgA,Gamma,CV06UM005,177.2161054,232.2807194,0.762939369,Right,Day 1
IgG,Beta,CV06UM005,155.9199199,10.99964853,14.17499109,Right,Day 1
IgA,Omicron.BA.1,CV06UM005,45.98461778,232.2807194,0.197970016,Right,Day 1
IgG,Spike,CV06UM005,264.3065468,10.99964853,24.02863565,Right,Day 1
IgG,Alpha,CV06UM005,326.564997,16.03830371,20.36156709,PooledNostril,Day 1
IgG,Beta,CV06UM005,254.8761078,16.03830371,15.89171227,PooledNostril,Day 1
IgG,Delta,CV06UM005,317.7997988,16.03830371,19.81505056,PooledNostril,Day 1
IgG,Gamma,CV06UM005,299.8827269,16.03830371,18.69790799,PooledNostril,Day 1
IgG,Omicron.BA.5,CV06UM005,141.062674,16.03830371,8.795361193,PooledNostril,Day 1
IgG,Omicron.BA.1,CV06UM005,91.67187452,16.03830371,5.715808617,PooledNostril,Day 1
IgG,RBD,CV06UM005,269.278728,16.03830371,16.7897262,PooledNostril,Day 1
IgG,Spike,CV06UM005,419.0207378,16.03830371,26.12625035,PooledNostril,Day 1
IgA,Beta,CV06UM005,141.9841343,111.5034691,1.273360689,PooledNostril,Day 1
IgA,Alpha,CV06UM005,136.8872272,111.5034691,1.22764994,PooledNostril,Day 1
IgA,Delta,CV06UM005,163.2280487,111.5034691,1.463883141,PooledNostril,Day 1
IgA,Gamma,CV06UM005,158.1723492,111.5034691,1.418541956,PooledNostril,Day 1
IgA,Omicron.BA.5,CV06UM005,110.1314416,111.5034691,0.987695203,PooledNostril,Day 1
IgA,Spike,CV06UM005,155.1310293,111.5034691,1.391266393,PooledNostril,Day 1
IgA,Omicron.BA.1,CV06UM005,36.55395954,111.5034691,0.327828002,PooledNostril,Day 1
IgA,RBD,CV06UM005,166.3378742,111.5034691,1.491773085,PooledNostril,Day 1
IgG,Alpha,CV06UM005,314.3573128,16.4593792,19.09897748,PooledNostril,Day 3
IgG,Beta,CV06UM005,256.7095522,16.4593792,15.5965513,PooledNostril,Day 3
IgG,Gamma,CV06UM005,311.3873198,16.4593792,18.91853368,PooledNostril,Day 3
IgG,Delta,CV06UM005,300.7693002,16.4593792,18.27342918,PooledNostril,Day 3
IgG,Omicron.BA.1,CV06UM005,90.13705778,16.4593792,5.47633399,PooledNostril,Day 3
IgG,Omicron.BA.5,CV06UM005,141.6426135,16.4593792,8.605586624,PooledNostril,Day 3
IgA,Gamma,CV06UM005,82.03251558,79.4877951,1.032013977,PooledNostril,Day 3
IgA,Omicron.BA.5,CV06UM005,51.53202766,79.4877951,0.648301133,PooledNostril,Day 3
IgA,Alpha,CV06UM005,75.51470731,79.4877951,0.950016379,PooledNostril,Day 3
IgA,Omicron.BA.1,CV06UM005,18.93010529,79.4877951,0.238151093,PooledNostril,Day 3
IgG,Spike,CV06UM005,406.9998499,16.4593792,24.72753345,PooledNostril,Day 3
IgA,Beta,CV06UM005,74.5594705,79.4877951,0.937998977,PooledNostril,Day 3
IgG,RBD,CV06UM005,270.181654,16.4593792,16.41505738,PooledNostril,Day 3
IgA,Delta,CV06UM005,76.9823648,79.4877951,0.968480315,PooledNostril,Day 3
IgA,RBD,CV06UM005,96.7929452,79.4877951,1.217708267,PooledNostril,Day 3
IgA,Spike,CV06UM005,78.95990272,79.4877951,0.993358825,PooledNostril,Day 3
IgG,Alpha,CV06UM005,433.3448091,23.63958533,18.33132024,PooledNostril,Day 15
IgG,Delta,CV06UM005,417.7632302,23.63958533,17.67218944,PooledNostril,Day 15
IgG,Beta,CV06UM005,343.7793351,23.63958533,14.54252815,PooledNostril,Day 15
IgG,Gamma,CV06UM005,422.2461194,23.63958533,17.86182429,PooledNostril,Day 15
IgG,Omicron.BA.1,CV06UM005,125.287977,23.63958533,5.29992279,PooledNostril,Day 15
IgG,Omicron.BA.5,CV06UM005,188.8891787,23.63958533,7.990376146,PooledNostril,Day 15
IgG,Spike,CV06UM005,574.1229407,23.63958533,24.28650641,PooledNostril,Day 15
IgG,RBD,CV06UM005,374.3820604,23.63958533,15.83708238,PooledNostril,Day 15
IgA,Alpha,CV06UM005,95.18905927,75.31101399,1.263946058,PooledNostril,Day 15
IgA,Beta,CV06UM005,95.04877288,75.31101399,1.262083298,PooledNostril,Day 15
IgA,Gamma,CV06UM005,114.3154514,75.31101399,1.517911463,PooledNostril,Day 15
IgA,Delta,CV06UM005,116.3948005,75.31101399,1.545521623,PooledNostril,Day 15
IgA,Omicron.BA.1,CV06UM005,23.58949174,75.31101399,0.313227647,PooledNostril,Day 15
IgA,Omicron.BA.5,CV06UM005,66.18910413,75.31101399,0.878876815,PooledNostril,Day 15
IgA,Spike,CV06UM005,113.2251204,75.31101399,1.503433753,PooledNostril,Day 15
IgA,RBD,CV06UM005,123.5499203,75.31101399,1.640529236,PooledNostril,Day 15
IgG,RBD,CV06UM007,1865.288499,31.73211464,58.78235726,Left,Day 1
IgA,RBD,CV06UM007,148.4547753,45.70055416,3.248423963,Left,Day 1
IgG,Omicron.BA.5,CV06UM007,747.4172561,31.73211464,23.55396937,Left,Day 1
IgG,Alpha,CV06UM007,2183.395212,31.73211464,68.80711345,Left,Day 1
IgG,Spike,CV06UM007,2679.779368,31.73211464,84.45007206,Left,Day 1
IgG,Omicron.BA.1,CV06UM007,770.6894726,31.73211464,24.2873657,Left,Day 1
IgA,Omicron.BA.5,CV06UM007,98.13105754,45.70055416,2.147261873,Left,Day 1
IgA,Delta,CV06UM007,100.481087,45.70055416,2.198684213,Left,Day 1
IgG,Gamma,CV06UM007,1798.81156,31.73211464,56.68741529,Left,Day 1
IgA,Spike,CV06UM007,130.9866196,45.70055416,2.866193243,Left,Day 1
IgA,Beta,CV06UM007,87.39992273,45.70055416,1.912447766,Left,Day 1
IgG,Delta,CV06UM007,2079.244425,31.73211464,65.5249248,Left,Day 1
IgA,Alpha,CV06UM007,98.44166483,45.70055416,2.154058449,Left,Day 1
IgA,Gamma,CV06UM007,106.4629392,45.70055416,2.329576548,Left,Day 1
IgG,Beta,CV06UM007,1685.798462,31.73211464,53.12594139,Left,Day 1
IgA,Omicron.BA.1,CV06UM007,46.9805651,45.70055416,1.028008652,Left,Day 1
IgG,Gamma,CV06UM007,1657.881426,26.54085123,62.46526953,Right,Day 1
IgA,Spike,CV06UM007,138.7096492,38.59619807,3.593868207,Right,Day 1
IgA,Gamma,CV06UM007,114.1812124,38.59619807,2.958353882,Right,Day 1
IgG,Delta,CV06UM007,1769.63163,26.54085123,66.67576765,Right,Day 1
IgA,Alpha,CV06UM007,109.7647511,38.59619807,2.843926515,Right,Day 1
IgG,Omicron.BA.5,CV06UM007,687.3402173,26.54085123,25.89744433,Right,Day 1
IgG,Omicron.BA.1,CV06UM007,706.1623846,26.54085123,26.60662156,Right,Day 1
IgA,Omicron.BA.1,CV06UM007,46.78220386,38.59619807,1.212093579,Right,Day 1
IgG,Beta,CV06UM007,1542.215333,26.54085123,58.10722946,Right,Day 1
IgA,RBD,CV06UM007,158.8343834,38.59619807,4.115285735,Right,Day 1
IgA,Omicron.BA.5,CV06UM007,91.05519943,38.59619807,2.359175359,Right,Day 1
IgG,Spike,CV06UM007,2394.388587,26.54085123,90.2152145,Right,Day 1
IgG,Alpha,CV06UM007,2004.642759,26.54085123,75.53046212,Right,Day 1
IgG,RBD,CV06UM007,1730.191794,26.54085123,65.18976271,Right,Day 1
IgA,Delta,CV06UM007,118.8370471,38.59619807,3.078983242,Right,Day 1
IgA,Beta,CV06UM007,92.99442548,38.59619807,2.409419324,Right,Day 1
IgG,Alpha,CV06UM007,2489.200015,33.85890059,73.51685885,PooledNostril,Day 1
IgG,Beta,CV06UM007,1919.218473,33.85890059,56.68283495,PooledNostril,Day 1
IgG,Delta,CV06UM007,2190.148279,33.85890059,64.68456568,PooledNostril,Day 1
IgG,Gamma,CV06UM007,2025.535282,33.85890059,59.82283082,PooledNostril,Day 1
IgG,Omicron.BA.5,CV06UM007,860.9211559,33.85890059,25.42673096,PooledNostril,Day 1
IgG,Omicron.BA.1,CV06UM007,852.3549013,33.85890059,25.17373236,PooledNostril,Day 1
IgG,RBD,CV06UM007,2085.082913,33.85890059,61.58153031,PooledNostril,Day 1
IgG,Spike,CV06UM007,2993.729926,33.85890059,88.41781259,PooledNostril,Day 1
IgA,Beta,CV06UM007,105.8246548,47.70930478,2.218113538,PooledNostril,Day 1
IgA,Omicron.BA.5,CV06UM007,112.7159235,47.70930478,2.362556403,PooledNostril,Day 1
IgA,Alpha,CV06UM007,124.8729422,47.70930478,2.61737082,PooledNostril,Day 1
IgA,Delta,CV06UM007,132.8019079,47.70930478,2.783564097,PooledNostril,Day 1
IgA,RBD,CV06UM007,177.8469383,47.70930478,3.727720182,PooledNostril,Day 1
IgA,Gamma,CV06UM007,126.4145178,47.70930478,2.649682664,PooledNostril,Day 1
IgA,Omicron.BA.1,CV06UM007,55.84831041,47.70930478,1.170595771,PooledNostril,Day 1
IgA,Spike,CV06UM007,162.7475552,47.70930478,3.411233007,PooledNostril,Day 1
IgG,Alpha,CV06UM007,2246.812413,31.20228991,72.0079334,PooledNostril,Day 3
IgG,Beta,CV06UM007,1748.576882,31.20228991,56.04001781,PooledNostril,Day 3
IgG,Delta,CV06UM007,2094.107126,31.20228991,67.11389236,PooledNostril,Day 3
IgG,Gamma,CV06UM007,1912.218335,31.20228991,61.28455126,PooledNostril,Day 3
IgG,Omicron.BA.1,CV06UM007,809.2192317,31.20228991,25.93461038,PooledNostril,Day 3
IgG,Omicron.BA.5,CV06UM007,773.7979671,31.20228991,24.79939676,PooledNostril,Day 3
IgG,Spike,CV06UM007,2746.334505,31.20228991,88.01708188,PooledNostril,Day 3
IgA,Beta,CV06UM007,65.36065141,22.67753301,2.882176443,PooledNostril,Day 3
IgA,Gamma,CV06UM007,88.03283328,22.67753301,3.881940476,PooledNostril,Day 3
IgA,Omicron.BA.5,CV06UM007,54.74637227,22.67753301,2.414123805,PooledNostril,Day 3
IgA,Delta,CV06UM007,78.8215634,22.67753301,3.475755647,PooledNostril,Day 3
IgA,Omicron.BA.1,CV06UM007,38.82605497,22.67753301,1.712093417,PooledNostril,Day 3
IgG,RBD,CV06UM007,1843.435001,31.20228991,59.080119,PooledNostril,Day 3
IgA,Spike,CV06UM007,102.9650925,22.67753301,4.540400956,PooledNostril,Day 3
IgA,Alpha,CV06UM007,74.36734464,22.67753301,3.279340157,PooledNostril,Day 3
IgA,RBD,CV06UM007,98.87175818,22.67753301,4.359899208,PooledNostril,Day 3
IgG,Alpha,CV06UM007,2864.788805,40.44472748,70.83219455,PooledNostril,Day 15
IgG,Delta,CV06UM007,2701.902198,40.44472748,66.80480662,PooledNostril,Day 15
IgG,Beta,CV06UM007,2238.637608,40.44472748,55.35054252,PooledNostril,Day 15
IgG,Gamma,CV06UM007,2446.719125,40.44472748,60.49537918,PooledNostril,Day 15
IgG,Omicron.BA.1,CV06UM007,1021.019438,40.44472748,25.24480943,PooledNostril,Day 15
IgG,Omicron.BA.5,CV06UM007,983.9426473,40.44472748,24.32808202,PooledNostril,Day 15
IgG,Spike,CV06UM007,3436.804031,40.44472748,84.97532917,PooledNostril,Day 15
IgG,RBD,CV06UM007,2438.153796,40.44472748,60.28360056,PooledNostril,Day 15
IgA,Alpha,CV06UM007,110.9009192,32.07379382,3.457680118,PooledNostril,Day 15
IgA,Beta,CV06UM007,94.1127631,32.07379382,2.934257283,PooledNostril,Day 15
IgA,Gamma,CV06UM007,120.471059,32.07379382,3.756058907,PooledNostril,Day 15
IgA,Omicron.BA.1,CV06UM007,51.69670495,32.07379382,1.611805116,PooledNostril,Day 15
IgA,Delta,CV06UM007,113.1911068,32.07379382,3.529083819,PooledNostril,Day 15
IgA,Omicron.BA.5,CV06UM007,83.36991274,32.07379382,2.599315604,PooledNostril,Day 15
IgA,Spike,CV06UM007,144.6413813,32.07379382,4.509643672,PooledNostril,Day 15
IgA,RBD,CV06UM007,153.5755676,32.07379382,4.788194638,PooledNostril,Day 15
IgA,Gamma,CV06UM008,148.2631321,18.2421655,8.127496273,Left,Day 1
IgG,Omicron.BA.1,CV06UM008,189.2474854,13.89874461,13.61615677,Left,Day 1
IgG,Omicron.BA.5,CV06UM008,186.2357868,13.89874461,13.39946823,Left,Day 1
IgG,RBD,CV06UM008,424.1747596,13.89874461,30.5189261,Left,Day 1
IgG,Spike,CV06UM008,660.5705362,13.89874461,47.52735264,Left,Day 1
IgA,Delta,CV06UM008,162.1498133,18.2421655,8.8887371,Left,Day 1
IgG,Beta,CV06UM008,373.9409134,13.89874461,26.90465391,Left,Day 1
IgA,RBD,CV06UM008,214.3336356,18.2421655,11.74935265,Left,Day 1
IgG,Alpha,CV06UM008,562.8484799,13.89874461,40.49635387,Left,Day 1
IgA,Alpha,CV06UM008,167.5273456,18.2421655,9.183522956,Left,Day 1
IgA,Omicron.BA.5,CV06UM008,97.82951245,18.2421655,5.362823425,Left,Day 1
IgG,Gamma,CV06UM008,360.1135146,13.89874461,25.90978717,Left,Day 1
IgA,Omicron.BA.1,CV06UM008,85.18843775,18.2421655,4.669864318,Left,Day 1
IgG,Delta,CV06UM008,446.0832901,13.89874461,32.09522174,Left,Day 1
IgA,Beta,CV06UM008,137.179348,18.2421655,7.519904807,Left,Day 1
IgA,Spike,CV06UM008,192.7782903,18.2421655,10.56773059,Left,Day 1
IgG,Alpha,CV06UM008,1600.484197,56.69200015,28.23121767,Right,Day 1
IgA,Alpha,CV06UM008,161.6832067,24.8033526,6.51860292,Right,Day 1
IgG,Spike,CV06UM008,1937.875749,56.69200015,34.18252564,Right,Day 1
IgA,Omicron.BA.5,CV06UM008,98.07093806,24.8033526,3.953938794,Right,Day 1
IgA,Gamma,CV06UM008,163.2567013,24.8033526,6.582041708,Right,Day 1
IgG,Omicron.BA.5,CV06UM008,499.4592349,56.69200015,8.810047865,Right,Day 1
IgG,RBD,CV06UM008,1239.398552,56.69200015,21.8619655,Right,Day 1
IgG,Gamma,CV06UM008,1113.292191,56.69200015,19.63755358,Right,Day 1
IgG,Beta,CV06UM008,1161.469586,56.69200015,20.48736299,Right,Day 1
IgG,Delta,CV06UM008,1394.817556,56.69200015,24.60342821,Right,Day 1
IgA,Delta,CV06UM008,166.3658677,24.8033526,6.707394373,Right,Day 1
IgA,Beta,CV06UM008,145.4643027,24.8033526,5.864703254,Right,Day 1
IgG,Omicron.BA.1,CV06UM008,578.0754374,56.69200015,10.19677266,Right,Day 1
IgA,RBD,CV06UM008,223.3379766,24.8033526,9.004346316,Right,Day 1
IgA,Omicron.BA.1,CV06UM008,82.60597179,24.8033526,3.330435733,Right,Day 1
IgA,Spike,CV06UM008,205.3523056,24.8033526,8.279215675,Right,Day 1
IgG,Alpha,CV06UM008,1302.393882,42.91051507,30.35139242,PooledNostril,Day 1
IgG,Beta,CV06UM008,924.4663831,42.91051507,21.54405235,PooledNostril,Day 1
IgG,Gamma,CV06UM008,916.3257445,42.91051507,21.35434038,PooledNostril,Day 1
IgG,Delta,CV06UM008,1150.935459,42.91051507,26.8217582,PooledNostril,Day 1
IgG,Omicron.BA.1,CV06UM008,460.3512161,42.91051507,10.72816803,PooledNostril,Day 1
IgG,Omicron.BA.5,CV06UM008,398.9035455,42.91051507,9.296172393,PooledNostril,Day 1
IgG,RBD,CV06UM008,979.8980984,42.91051507,22.8358503,PooledNostril,Day 1
IgG,Spike,CV06UM008,1543.653494,42.91051507,35.97378152,PooledNostril,Day 1
IgA,Beta,CV06UM008,178.2048377,25.22438199,7.064785086,PooledNostril,Day 1
IgA,Alpha,CV06UM008,199.2411702,25.22438199,7.898753288,PooledNostril,Day 1
IgA,Delta,CV06UM008,183.1987806,25.22438199,7.262765868,PooledNostril,Day 1
IgA,Gamma,CV06UM008,191.9128358,25.22438199,7.608227461,PooledNostril,Day 1
IgA,Omicron.BA.5,CV06UM008,117.5524792,25.22438199,4.660271925,PooledNostril,Day 1
IgA,RBD,CV06UM008,284.981481,25.22438199,11.29785781,PooledNostril,Day 1
IgA,Omicron.BA.1,CV06UM008,106.0376751,25.22438199,4.203776932,PooledNostril,Day 1
IgA,Spike,CV06UM008,240.0049705,25.22438199,9.514800823,PooledNostril,Day 1
IgG,Alpha,CV06UM008,1840.766924,65.15649355,28.25147308,PooledNostril,Day 3
IgG,Beta,CV06UM008,1289.591229,65.15649355,19.79221347,PooledNostril,Day 3
IgG,Gamma,CV06UM008,1241.039743,65.15649355,19.04706155,PooledNostril,Day 3
IgG,Delta,CV06UM008,1569.855839,65.15649355,24.09362065,PooledNostril,Day 3
IgG,Omicron.BA.1,CV06UM008,633.2149977,65.15649355,9.718371311,PooledNostril,Day 3
IgG,Omicron.BA.5,CV06UM008,577.6232459,65.15649355,8.865167759,PooledNostril,Day 3
IgG,Spike,CV06UM008,2138.362165,65.15649355,32.81886498,PooledNostril,Day 3
IgA,Beta,CV06UM008,670.4507369,97.25220174,6.893938902,PooledNostril,Day 3
IgA,Gamma,CV06UM008,690.2777576,97.25220174,7.097811106,PooledNostril,Day 3
IgA,Omicron.BA.5,CV06UM008,488.607519,97.25220174,5.024128094,PooledNostril,Day 3
IgG,RBD,CV06UM008,1437.398365,65.15649355,22.0607078,PooledNostril,Day 3
IgA,Alpha,CV06UM008,820.5014452,97.25220174,8.436841845,PooledNostril,Day 3
IgA,Delta,CV06UM008,772.9546345,97.25220174,7.947939693,PooledNostril,Day 3
IgA,Omicron.BA.1,CV06UM008,403.5564078,97.25220174,4.149586339,PooledNostril,Day 3
IgA,RBD,CV06UM008,1125.008418,97.25220174,11.56794805,PooledNostril,Day 3
IgA,Spike,CV06UM008,884.2094336,97.25220174,9.09192201,PooledNostril,Day 3
IgG,Alpha,CV06UM008,685.7909227,20.14063623,34.05011217,PooledNostril,Day 15
IgG,Delta,CV06UM008,580.4280407,20.14063623,28.81875399,PooledNostril,Day 15
IgG,Beta,CV06UM008,479.0270375,20.14063623,23.78410653,PooledNostril,Day 15
IgG,Gamma,CV06UM008,438.5336548,20.14063623,21.77357507,PooledNostril,Day 15
IgG,Omicron.BA.5,CV06UM008,218.2521275,20.14063623,10.83640681,PooledNostril,Day 15
IgG,Spike,CV06UM008,818.8407355,20.14063623,40.6561504,PooledNostril,Day 15
IgG,Omicron.BA.1,CV06UM008,232.262322,20.14063623,11.53202507,PooledNostril,Day 15
IgG,RBD,CV06UM008,517.5642338,20.14063623,25.69751164,PooledNostril,Day 15
IgA,Alpha,CV06UM008,143.0170037,19.33442253,7.397014496,PooledNostril,Day 15
IgA,Beta,CV06UM008,119.5028231,19.33442253,6.18083229,PooledNostril,Day 15
IgA,Gamma,CV06UM008,129.8944351,19.33442253,6.718299181,PooledNostril,Day 15
IgA,Delta,CV06UM008,138.4236562,19.33442253,7.15944094,PooledNostril,Day 15
IgA,Omicron.BA.1,CV06UM008,76.97057818,19.33442253,3.98101252,PooledNostril,Day 15
IgA,Omicron.BA.5,CV06UM008,85.29956797,19.33442253,4.411798068,PooledNostril,Day 15
IgA,Spike,CV06UM008,169.3786227,19.33442253,8.760469697,PooledNostril,Day 15
IgA,RBD,CV06UM008,190.2527522,19.33442253,9.840105226,PooledNostril,Day 15
IgG,Spike,CV06UM009,14992.67504,39.42581396,380.2755995,Left,Day 1
IgG,RBD,CV06UM009,12056.7552,39.42581396,305.8086565,Left,Day 1
IgA,Delta,CV06UM009,799.4415364,145.7589889,5.484680858,Left,Day 1
IgG,Delta,CV06UM009,11415.03304,39.42581396,289.5319563,Left,Day 1
IgA,Spike,CV06UM009,905.6126922,145.7589889,6.213082972,Left,Day 1
IgG,Alpha,CV06UM009,12943.36592,39.42581396,328.296733,Left,Day 1
IgA,Gamma,CV06UM009,709.4460594,145.7589889,4.867254257,Left,Day 1
IgG,Omicron.BA.5,CV06UM009,6044.994888,39.42581396,153.3258107,Left,Day 1
IgA,Beta,CV06UM009,747.6592359,145.7589889,5.129421118,Left,Day 1
IgG,Gamma,CV06UM009,10392.85947,39.42581396,263.605451,Left,Day 1
IgA,Omicron.BA.1,CV06UM009,358.7110733,145.7589889,2.460987661,Left,Day 1
IgG,Beta,CV06UM009,10354.24191,39.42581396,262.6259518,Left,Day 1
IgA,Alpha,CV06UM009,745.5936241,145.7589889,5.115249698,Left,Day 1
IgG,Omicron.BA.1,CV06UM009,4483.137153,39.42581396,113.7107063,Left,Day 1
IgA,Omicron.BA.5,CV06UM009,518.9683184,145.7589889,3.560454983,Left,Day 1
IgA,RBD,CV06UM009,1039.071547,145.7589889,7.128696174,Left,Day 1
IgA,Spike,CV06UM009,511.2189989,47.36131123,10.79402123,Right,Day 1
IgG,Omicron.BA.5,CV06UM009,10237.87476,66.42906002,154.1174112,Right,Day 1
IgA,Omicron.BA.5,CV06UM009,286.6967138,47.36131123,6.053394773,Right,Day 1
IgA,RBD,CV06UM009,576.8478785,47.36131123,12.17972779,Right,Day 1
IgG,Gamma,CV06UM009,19816.11658,66.42906002,298.3049373,Right,Day 1
IgA,Omicron.BA.1,CV06UM009,180.7964095,47.36131123,3.817386066,Right,Day 1
IgG,Beta,CV06UM009,16882.05177,66.42906002,254.1365445,Right,Day 1
IgG,Delta,CV06UM009,21247.13947,66.42906002,319.8470589,Right,Day 1
IgG,RBD,CV06UM009,21593.83457,66.42906002,325.0660865,Right,Day 1
IgA,Beta,CV06UM009,424.0922863,47.36131123,8.9544034,Right,Day 1
IgA,Alpha,CV06UM009,458.2604516,47.36131123,9.675839619,Right,Day 1
IgA,Gamma,CV06UM009,425.5776294,47.36131123,8.98576535,Right,Day 1
IgA,Delta,CV06UM009,466.7397598,47.36131123,9.854874109,Right,Day 1
IgG,Spike,CV06UM009,24463.71163,66.42906002,368.2682191,Right,Day 1
IgG,Alpha,CV06UM009,21548.04649,66.42906002,324.3768086,Right,Day 1
IgG,Omicron.BA.1,CV06UM009,8101.279221,66.42906002,121.953844,Right,Day 1
IgG,Alpha,CV06UM009,13055.56895,40.85328155,319.5720994,PooledNostril,Day 1
IgG,Beta,CV06UM009,10591.22854,40.85328155,259.2503744,PooledNostril,Day 1
IgG,Delta,CV06UM009,11910.18583,40.85328155,291.5355972,PooledNostril,Day 1
IgG,Omicron.BA.1,CV06UM009,4726.667427,40.85328155,115.6985987,PooledNostril,Day 1
IgG,Gamma,CV06UM009,10464.27625,40.85328155,256.1428569,PooledNostril,Day 1
IgG,Omicron.BA.5,CV06UM009,6343.733592,40.85328155,155.280882,PooledNostril,Day 1
IgG,Spike,CV06UM009,15120.86871,40.85328155,370.1261718,PooledNostril,Day 1
IgG,RBD,CV06UM009,12429.51643,40.85328155,304.2476872,PooledNostril,Day 1
IgA,Alpha,CV06UM009,375.5049387,59.28087364,6.334335438,PooledNostril,Day 1
IgA,Beta,CV06UM009,362.8725063,59.28087364,6.121240865,PooledNostril,Day 1
IgA,Spike,CV06UM009,452.4297989,59.28087364,7.631969151,PooledNostril,Day 1
IgA,Omicron.BA.5,CV06UM009,260.5105675,59.28087364,4.39451296,PooledNostril,Day 1
IgA,RBD,CV06UM009,496.0574249,59.28087364,8.367916909,PooledNostril,Day 1
IgA,Omicron.BA.1,CV06UM009,163.0489941,59.28087364,2.75044857,PooledNostril,Day 1
IgA,Delta,CV06UM009,418.0987145,59.28087364,7.052843335,PooledNostril,Day 1
IgA,Gamma,CV06UM009,345.6868528,59.28087364,5.831338704,PooledNostril,Day 1
IgG,Alpha,CV06UM009,13867.45861,41.0475013,337.839288,PooledNostril,Day 3
IgG,Beta,CV06UM009,11117.00188,41.0475013,270.8326092,PooledNostril,Day 3
IgG,Gamma,CV06UM009,11611.79379,41.0475013,282.8867391,PooledNostril,Day 3
IgG,Delta,CV06UM009,12024.50595,41.0475013,292.9412404,PooledNostril,Day 3
IgG,Omicron.BA.1,CV06UM009,5494.942773,41.0475013,133.8678993,PooledNostril,Day 3
IgG,Omicron.BA.5,CV06UM009,6890.362463,41.0475013,167.8631401,PooledNostril,Day 3
IgG,Spike,CV06UM009,15651.72365,41.0475013,381.3075863,PooledNostril,Day 3
IgG,RBD,CV06UM009,13120.79682,41.0475013,319.6490992,PooledNostril,Day 3
IgA,Alpha,CV06UM009,613.9404332,105.38189,5.825862804,PooledNostril,Day 3
IgA,Omicron.BA.5,CV06UM009,412.4560019,105.38189,3.913917295,PooledNostril,Day 3
IgA,Omicron.BA.1,CV06UM009,270.5297879,105.38189,2.567137369,PooledNostril,Day 3
IgA,Beta,CV06UM009,569.147864,105.38189,5.400812834,PooledNostril,Day 3
IgA,Spike,CV06UM009,688.2338184,105.38189,6.530854764,PooledNostril,Day 3
IgA,Delta,CV06UM009,667.1630479,105.38189,6.330907975,PooledNostril,Day 3
IgA,RBD,CV06UM009,798.7298689,105.38189,7.579384549,PooledNostril,Day 3
IgA,Gamma,CV06UM009,583.4978282,105.38189,5.536983899,PooledNostril,Day 3
IgG,Alpha,CV06UM009,13289.66397,43.49745071,305.5274217,PooledNostril,Day 15
IgG,Beta,CV06UM009,10603.76355,43.49745071,243.7789658,PooledNostril,Day 15
IgG,Gamma,CV06UM009,10911.41141,43.49745071,250.8517449,PooledNostril,Day 15
IgG,Delta,CV06UM009,11983.05382,43.49745071,275.4886464,PooledNostril,Day 15
IgG,Omicron.BA.5,CV06UM009,7100.7097,43.49745071,163.2442726,PooledNostril,Day 15
IgG,Spike,CV06UM009,15408.06249,43.49745071,354.2290925,PooledNostril,Day 15
IgG,Omicron.BA.1,CV06UM009,5689.343306,43.49745071,130.7971666,PooledNostril,Day 15
IgG,RBD,CV06UM009,11843.78855,43.49745071,272.2869583,PooledNostril,Day 15
IgA,Alpha,CV06UM009,531.5330623,104.9679255,5.063766475,PooledNostril,Day 15
IgA,Omicron.BA.1,CV06UM009,235.2904907,104.9679255,2.241546544,PooledNostril,Day 15
IgA,Beta,CV06UM009,509.9413507,104.9679255,4.858068292,PooledNostril,Day 15
IgA,Gamma,CV06UM009,499.2969753,104.9679255,4.756662312,PooledNostril,Day 15
IgA,Omicron.BA.5,CV06UM009,364.2623679,104.9679255,3.470225463,PooledNostril,Day 15
IgA,Spike,CV06UM009,639.135418,104.9679255,6.088863954,PooledNostril,Day 15
IgA,Delta,CV06UM009,548.9600977,104.9679255,5.229788957,PooledNostril,Day 15
IgA,RBD,CV06UM009,702.3806078,104.9679255,6.691383147,PooledNostril,Day 15
IgA,Omicron.BA.5,CV06UM010,315.7414362,77.19864661,4.089986678,Left,Day 1
IgG,RBD,CV06UM010,1243.216809,86.07450756,14.44349603,Left,Day 1
IgG,Delta,CV06UM010,1782.85202,86.07450756,20.71289248,Left,Day 1
IgA,RBD,CV06UM010,163.5188353,77.19864661,2.118156761,Left,Day 1
IgA,Omicron.BA.1,CV06UM010,52.40883202,77.19864661,0.678882783,Left,Day 1
IgA,Spike,CV06UM010,180.3716003,77.19864661,2.336460653,Left,Day 1
IgA,Delta,CV06UM010,162.1500769,77.19864661,2.10042642,Left,Day 1
IgG,Omicron.BA.1,CV06UM010,403.3726944,86.07450756,4.686320094,Left,Day 1
IgA,Alpha,CV06UM010,152.6453026,77.19864661,1.977305423,Left,Day 1
IgA,Gamma,CV06UM010,134.2605325,77.19864661,1.739156558,Left,Day 1
IgG,Alpha,CV06UM010,1757.901144,86.07450756,20.42301715,Left,Day 1
IgG,Beta,CV06UM010,1114.481882,86.07450756,12.94787404,Left,Day 1
IgG,Omicron.BA.5,CV06UM010,504.2253885,86.07450756,5.858010726,Left,Day 1
IgG,Gamma,CV06UM010,1168.71185,86.07450756,13.57790922,Left,Day 1
IgG,Spike,CV06UM010,1907.22459,86.07450756,22.1578333,Left,Day 1
IgA,Beta,CV06UM010,165.5178986,77.19864661,2.144051818,Left,Day 1
IgG,RBD,CV06UM010,2836.298535,198.4987755,14.28874575,Right,Day 1
IgA,Beta,CV06UM010,436.6456732,142.4868719,3.064462483,Right,Day 1
IgA,Omicron.BA.5,CV06UM010,358.2076988,142.4868719,2.513969842,Right,Day 1
IgG,Omicron.BA.5,CV06UM010,1124.928509,198.4987755,5.667181101,Right,Day 1
IgA,RBD,CV06UM010,469.2625688,142.4868719,3.293374067,Right,Day 1
IgG,Alpha,CV06UM010,4034.779069,198.4987755,20.32646831,Right,Day 1
IgG,Spike,CV06UM010,4524.020081,198.4987755,22.79117375,Right,Day 1
IgA,Alpha,CV06UM010,384.3934723,142.4868719,2.697746587,Right,Day 1
IgG,Delta,CV06UM010,4040.961229,198.4987755,20.35761289,Right,Day 1
IgG,Gamma,CV06UM010,2629.485232,198.4987755,13.24685871,Right,Day 1
IgA,Delta,CV06UM010,404.7360685,142.4868719,2.8405148,Right,Day 1
IgA,Gamma,CV06UM010,364.1827089,142.4868719,2.5559036,Right,Day 1
IgG,Omicron.BA.1,CV06UM010,969.9152607,198.4987755,4.886253119,Right,Day 1
IgG,Beta,CV06UM010,2555.869405,198.4987755,12.87599583,Right,Day 1
IgA,Omicron.BA.1,CV06UM010,140.8946585,142.4868719,0.988825543,Right,Day 1
IgA,Spike,CV06UM010,508.7368694,142.4868719,3.570412225,Right,Day 1
IgG,Alpha,CV06UM010,1518.785459,71.59039256,21.21493408,PooledNostril,Day 1
IgG,Beta,CV06UM010,953.0369047,71.59039256,13.31235757,PooledNostril,Day 1
IgG,Gamma,CV06UM010,1004.776485,71.59039256,14.03507439,PooledNostril,Day 1
IgG,Delta,CV06UM010,1461.486729,71.59039256,20.4145651,PooledNostril,Day 1
IgG,Omicron.BA.1,CV06UM010,352.6573355,71.59039256,4.926042767,PooledNostril,Day 1
IgG,Omicron.BA.5,CV06UM010,420.2226439,71.59039256,5.869818963,PooledNostril,Day 1
IgG,RBD,CV06UM010,1105.610402,71.59039256,15.44355832,PooledNostril,Day 1
IgG,Spike,CV06UM010,1641.750895,71.59039256,22.93255891,PooledNostril,Day 1
IgA,Alpha,CV06UM010,133.4273643,58.03718492,2.298997867,PooledNostril,Day 1
IgA,Beta,CV06UM010,152.9028483,58.03718492,2.634566933,PooledNostril,Day 1
IgA,Delta,CV06UM010,143.4101968,58.03718492,2.471005392,PooledNostril,Day 1
IgA,RBD,CV06UM010,152.6201265,58.03718492,2.629695542,PooledNostril,Day 1
IgA,Gamma,CV06UM010,126.3167801,58.03718492,2.176480136,PooledNostril,Day 1
IgA,Omicron.BA.1,CV06UM010,48.76569499,58.03718492,0.840249145,PooledNostril,Day 1
IgA,Spike,CV06UM010,174.0679119,58.03718492,2.999248019,PooledNostril,Day 1
IgA,Omicron.BA.5,CV06UM010,196.6178439,58.03718492,3.387790847,PooledNostril,Day 1
IgG,Alpha,CV06UM010,1411.10087,71.00883951,19.87218605,PooledNostril,Day 3
IgG,Beta,CV06UM010,907.8479427,71.00883951,12.78499901,PooledNostril,Day 3
IgG,Gamma,CV06UM010,935.7745109,71.00883951,13.17828199,PooledNostril,Day 3
IgG,Delta,CV06UM010,1435.36147,71.00883951,20.2138421,PooledNostril,Day 3
IgG,Omicron.BA.1,CV06UM010,327.5534159,71.00883951,4.612854091,PooledNostril,Day 3
IgG,Omicron.BA.5,CV06UM010,401.4387401,71.00883951,5.653362916,PooledNostril,Day 3
IgG,Spike,CV06UM010,1567.419468,71.00883951,22.07358237,PooledNostril,Day 3
IgA,Gamma,CV06UM010,138.0612264,65.97608179,2.092595114,PooledNostril,Day 3
IgG,RBD,CV06UM010,961.8009388,71.00883951,13.54480576,PooledNostril,Day 3
IgA,Alpha,CV06UM010,157.2797646,65.97608179,2.383890651,PooledNostril,Day 3
IgA,Omicron.BA.1,CV06UM010,52.7635207,65.97608179,0.799737106,PooledNostril,Day 3
IgA,Beta,CV06UM010,174.5259369,65.97608179,2.645291023,PooledNostril,Day 3
IgA,Delta,CV06UM010,163.555975,65.97608179,2.479019222,PooledNostril,Day 3
IgA,RBD,CV06UM010,157.5915021,65.97608179,2.388615659,PooledNostril,Day 3
IgA,Omicron.BA.5,CV06UM010,164.4891156,65.97608179,2.493162842,PooledNostril,Day 3
IgA,Spike,CV06UM010,189.4401412,65.97608179,2.871345737,PooledNostril,Day 3
IgG,Alpha,CV06UM010,782.8229719,37.02339285,21.14400955,PooledNostril,Day 15
IgG,Beta,CV06UM010,474.5803572,37.02339285,12.81839185,PooledNostril,Day 15
IgG,Delta,CV06UM010,739.6845497,37.02339285,19.97884291,PooledNostril,Day 15
IgG,Gamma,CV06UM010,500.1801978,37.02339285,13.50984227,PooledNostril,Day 15
IgG,Omicron.BA.5,CV06UM010,223.777013,37.02339285,6.044205995,PooledNostril,Day 15
IgG,Spike,CV06UM010,850.9883825,37.02339285,22.9851539,PooledNostril,Day 15
IgA,Beta,CV06UM010,226.1418423,99.77993443,2.266406002,PooledNostril,Day 15
IgA,Gamma,CV06UM010,173.2122668,99.77993443,1.73594288,PooledNostril,Day 15
IgG,Omicron.BA.1,CV06UM010,170.2151403,37.02339285,4.597502475,PooledNostril,Day 15
IgG,RBD,CV06UM010,541.447529,37.02339285,14.62447084,PooledNostril,Day 15
IgA,Alpha,CV06UM010,196.764249,99.77993443,1.971982143,PooledNostril,Day 15
IgA,Delta,CV06UM010,206.4244725,99.77993443,2.068797436,PooledNostril,Day 15
IgA,Omicron.BA.5,CV06UM010,291.3357806,99.77993443,2.919783243,PooledNostril,Day 15
IgA,Omicron.BA.1,CV06UM010,66.72569477,99.77993443,0.668728589,PooledNostril,Day 15
IgA,RBD,CV06UM010,195.406602,99.77993443,1.958375731,PooledNostril,Day 15
IgA,Spike,CV06UM010,240.6218981,99.77993443,2.411525919,PooledNostril,Day 15
IgA,Omicron.BA.5,CV06UM011,233.9154997,271.6990804,0.860935927,Left,Day 1
IgA,Delta,CV06UM011,318.1065582,271.6990804,1.170804692,Left,Day 1
IgA,Beta,CV06UM011,285.8195105,271.6990804,1.051970842,Left,Day 1
IgG,Omicron.BA.1,CV06UM011,620.6342311,31.29742083,19.83020372,Left,Day 1
IgG,Delta,CV06UM011,1531.01367,31.29742083,48.91820568,Left,Day 1
IgA,Omicron.BA.1,CV06UM011,124.2664081,271.6990804,0.457367791,Left,Day 1
IgG,Gamma,CV06UM011,1599.928728,31.29742083,51.12014616,Left,Day 1
IgG,Spike,CV06UM011,2440.921946,31.29742083,77.9911533,Left,Day 1
IgA,Spike,CV06UM011,352.6020042,271.6990804,1.297766645,Left,Day 1
IgG,Omicron.BA.5,CV06UM011,735.2639731,31.29742083,23.4927976,Left,Day 1
IgG,RBD,CV06UM011,2000.19581,31.29742083,63.9092857,Left,Day 1
IgG,Alpha,CV06UM011,1910.930494,31.29742083,61.05712364,Left,Day 1
IgG,Beta,CV06UM011,1137.623273,31.29742083,36.34878667,Left,Day 1
IgA,Gamma,CV06UM011,285.7992627,271.6990804,1.051896319,Left,Day 1
IgA,RBD,CV06UM011,342.7856673,271.6990804,1.261637201,Left,Day 1
IgA,Alpha,CV06UM011,271.3638942,271.6990804,0.998766333,Left,Day 1
IgG,Spike,CV06UM011,1348.991094,13.82075976,97.60614587,Right,Day 1
IgG,Alpha,CV06UM011,1037.449802,13.82075976,75.06459987,Right,Day 1
IgG,RBD,CV06UM011,997.7817542,13.82075976,72.19442138,Right,Day 1
IgA,Omicron.BA.5,CV06UM011,86.59212144,75.8451246,1.141696607,Right,Day 1
IgA,Beta,CV06UM011,104.8046226,75.8451246,1.38182412,Right,Day 1
IgA,Delta,CV06UM011,118.1572986,75.8451246,1.557875991,Right,Day 1
IgA,Spike,CV06UM011,133.787328,75.8451246,1.763954225,Right,Day 1
IgG,Delta,CV06UM011,860.3388592,13.82075976,62.24975138,Right,Day 1
IgG,Gamma,CV06UM011,843.9330222,13.82075976,61.06270831,Right,Day 1
IgA,Omicron.BA.1,CV06UM011,49.59199921,75.8451246,0.653858761,Right,Day 1
IgG,Beta,CV06UM011,611.9061739,13.82075976,44.27442372,Right,Day 1
IgG,Omicron.BA.5,CV06UM011,404.594621,13.82075976,29.2744124,Right,Day 1
IgA,Alpha,CV06UM011,101.8165146,75.8451246,1.342426624,Right,Day 1
IgG,Omicron.BA.1,CV06UM011,332.295781,13.82075976,24.04323544,Right,Day 1
IgA,Gamma,CV06UM011,103.815218,75.8451246,1.368779055,Right,Day 1
IgA,RBD,CV06UM011,116.3492266,75.8451246,1.534036989,Right,Day 1
IgG,Alpha,CV06UM011,1310.940278,21.48426047,61.01863638,PooledNostril,Day 1
IgG,Beta,CV06UM011,785.9541507,21.48426047,36.58278821,PooledNostril,Day 1
IgG,Delta,CV06UM011,1094.268848,21.48426047,50.93351242,PooledNostril,Day 1
IgG,Gamma,CV06UM011,1078.291936,21.48426047,50.18985585,PooledNostril,Day 1
IgG,Omicron.BA.1,CV06UM011,425.6467855,21.48426047,19.81202872,PooledNostril,Day 1
IgG,Omicron.BA.5,CV06UM011,496.9814258,21.48426047,23.13234967,PooledNostril,Day 1
IgG,RBD,CV06UM011,1319.708902,21.48426047,61.42677816,PooledNostril,Day 1
IgG,Spike,CV06UM011,1710.773522,21.48426047,79.62915571,PooledNostril,Day 1
IgA,Alpha,CV06UM011,167.22673,141.9626391,1.177962956,PooledNostril,Day 1
IgA,RBD,CV06UM011,205.0580141,141.9626391,1.444450564,PooledNostril,Day 1
IgA,Beta,CV06UM011,179.200286,141.9626391,1.262305964,PooledNostril,Day 1
IgA,Spike,CV06UM011,213.712772,141.9626391,1.505415603,PooledNostril,Day 1
IgA,Gamma,CV06UM011,180.2720919,141.9626391,1.269855879,PooledNostril,Day 1
IgA,Omicron.BA.1,CV06UM011,82.87509695,141.9626391,0.583781039,PooledNostril,Day 1
IgA,Omicron.BA.5,CV06UM011,145.4689592,141.9626391,1.024698894,PooledNostril,Day 1
IgA,Delta,CV06UM011,194.7124493,141.9626391,1.3715753,PooledNostril,Day 1
IgG,Beta,CV06UM011,617.9242385,17.07490334,36.18903289,PooledNostril,Day 3
IgG,Alpha,CV06UM011,1066.55295,17.07490334,62.46319109,PooledNostril,Day 3
IgG,Delta,CV06UM011,808.6908456,17.07490334,47.36137181,PooledNostril,Day 3
IgG,Gamma,CV06UM011,907.2351137,17.07490334,53.1326647,PooledNostril,Day 3
IgG,Omicron.BA.1,CV06UM011,324.5161061,17.07490334,19.00544323,PooledNostril,Day 3
IgG,Omicron.BA.5,CV06UM011,396.5956922,17.07490334,23.22681918,PooledNostril,Day 3
IgG,Spike,CV06UM011,1344.809391,17.07490334,78.7594146,PooledNostril,Day 3
IgG,RBD,CV06UM011,1173.406208,17.07490334,68.721104,PooledNostril,Day 3
IgA,Alpha,CV06UM011,210.4206148,162.0251954,1.298690702,PooledNostril,Day 3
IgA,Beta,CV06UM011,225.832403,162.0251954,1.393810404,PooledNostril,Day 3
IgA,Gamma,CV06UM011,233.9586615,162.0251954,1.443964692,PooledNostril,Day 3
IgA,Delta,CV06UM011,244.8747106,162.0251954,1.511337233,PooledNostril,Day 3
IgA,Omicron.BA.1,CV06UM011,101.7459995,162.0251954,0.62796406,PooledNostril,Day 3
IgA,RBD,CV06UM011,283.5458459,162.0251954,1.750010825,PooledNostril,Day 3
IgA,Omicron.BA.5,CV06UM011,181.5266871,162.0251954,1.120360859,PooledNostril,Day 3
IgA,Spike,CV06UM011,259.4617632,162.0251954,1.601366766,PooledNostril,Day 3
IgG,Beta,CV06UM011,405.5662355,11.40219826,35.5691268,PooledNostril,Day 15
IgG,Alpha,CV06UM011,656.0829262,11.40219826,57.54003846,PooledNostril,Day 15
IgG,Delta,CV06UM011,553.2376093,11.40219826,48.52025872,PooledNostril,Day 15
IgG,Gamma,CV06UM011,579.4013847,11.40219826,50.81488426,PooledNostril,Day 15
IgG,Omicron.BA.5,CV06UM011,253.4702625,11.40219826,22.22994696,PooledNostril,Day 15
IgG,Spike,CV06UM011,856.1553103,11.40219826,75.08686405,PooledNostril,Day 15
IgA,Beta,CV06UM011,159.8409216,150.4574862,1.062366025,PooledNostril,Day 15
IgA,Gamma,CV06UM011,159.5572272,150.4574862,1.06048048,PooledNostril,Day 15
IgG,Omicron.BA.1,CV06UM011,216.8625742,11.40219826,19.01936533,PooledNostril,Day 15
IgG,RBD,CV06UM011,711.7511681,11.40219826,62.42227614,PooledNostril,Day 15
IgA,Alpha,CV06UM011,154.363277,150.4574862,1.025959431,PooledNostril,Day 15
IgA,Delta,CV06UM011,180.4761811,150.4574862,1.199516126,PooledNostril,Day 15
IgA,Omicron.BA.1,CV06UM011,72.51316644,150.4574862,0.481951203,PooledNostril,Day 15
IgA,Omicron.BA.5,CV06UM011,133.0221527,150.4574862,0.884117873,PooledNostril,Day 15
IgA,Spike,CV06UM011,197.7703425,150.4574862,1.314459968,PooledNostril,Day 15
IgA,RBD,CV06UM011,186.0987059,150.4574862,1.236885652,PooledNostril,Day 15
IgA,Omicron.BA.5,CV06UM012,39.63552864,41.16346869,0.962881164,Left,Day 1
IgG,Delta,CV06UM012,204.8672973,18.94841856,10.81184146,Left,Day 1
IgA,Delta,CV06UM012,48.95097902,41.16346869,1.189184988,Left,Day 1
IgG,RBD,CV06UM012,195.5553426,18.94841856,10.32040442,Left,Day 1
IgG,Omicron.BA.1,CV06UM012,47.37722889,18.94841856,2.50032628,Left,Day 1
IgG,Gamma,CV06UM012,232.801539,18.94841856,12.28606695,Left,Day 1
IgA,Beta,CV06UM012,36.83335703,41.16346869,0.89480693,Left,Day 1
IgG,Spike,CV06UM012,389.978421,18.94841856,20.58105376,Left,Day 1
IgG,Alpha,CV06UM012,235.9748753,18.94841856,12.45353931,Left,Day 1
IgA,Spike,CV06UM012,53.37409194,41.16346869,1.296637374,Left,Day 1
IgA,Alpha,CV06UM012,39.96535216,41.16346869,0.970893694,Left,Day 1
IgG,Beta,CV06UM012,153.2830136,18.94841856,8.089488481,Left,Day 1
IgA,Omicron.BA.1,CV06UM012,15.96739685,41.16346869,0.387902122,Left,Day 1
IgA,Gamma,CV06UM012,39.20146597,41.16346869,0.952336312,Left,Day 1
IgA,RBD,CV06UM012,39.76000917,41.16346869,0.965905217,Left,Day 1
IgG,Omicron.BA.5,CV06UM012,79.38492667,18.94841856,4.189527819,Left,Day 1
IgA,Delta,CV06UM012,70.0354159,39.90012016,1.755268295,Right,Day 1
IgG,Delta,CV06UM012,432.2660895,33.0879282,13.06416306,Right,Day 1
IgG,Gamma,CV06UM012,433.5690458,33.0879282,13.10354166,Right,Day 1
IgA,Spike,CV06UM012,73.88396455,39.90012016,1.851722858,Right,Day 1
IgG,RBD,CV06UM012,424.2019956,33.0879282,12.82044596,Right,Day 1
IgG,Spike,CV06UM012,735.8035888,33.0879282,22.23782596,Right,Day 1
IgA,Omicron.BA.1,CV06UM012,20.78626266,39.90012016,0.520957395,Right,Day 1
IgA,Alpha,CV06UM012,60.09628601,39.90012016,1.506168046,Right,Day 1
IgA,Beta,CV06UM012,52.63647705,39.90012016,1.319205978,Right,Day 1
IgG,Alpha,CV06UM012,484.0559114,33.0879282,14.6293811,Right,Day 1
IgG,Omicron.BA.5,CV06UM012,147.3216381,33.0879282,4.452428609,Right,Day 1
IgA,Gamma,CV06UM012,56.32493877,39.90012016,1.411648349,Right,Day 1
IgG,Beta,CV06UM012,309.849173,33.0879282,9.364417472,Right,Day 1
IgA,Omicron.BA.5,CV06UM012,50.77631775,39.90012016,1.272585585,Right,Day 1
IgA,RBD,CV06UM012,56.24044075,39.90012016,1.409530611,Right,Day 1
IgG,Omicron.BA.1,CV06UM012,91.63143846,33.0879282,2.769331398,Right,Day 1
IgG,Alpha,CV06UM012,325.6089425,24.13636582,13.49038811,PooledNostril,Day 1
IgG,Beta,CV06UM012,207.0176637,24.13636582,8.577002238,PooledNostril,Day 1
IgG,Delta,CV06UM012,303.0655166,24.13636582,12.55638561,PooledNostril,Day 1
IgG,Gamma,CV06UM012,304.7330093,24.13636582,12.62547194,PooledNostril,Day 1
IgG,Omicron.BA.1,CV06UM012,64.92769889,24.13636582,2.690036245,PooledNostril,Day 1
IgG,Omicron.BA.5,CV06UM012,102.8559944,24.13636582,4.261453241,PooledNostril,Day 1
IgG,RBD,CV06UM012,286.4343992,24.13636582,11.8673375,PooledNostril,Day 1
IgG,Spike,CV06UM012,530.4214491,24.13636582,21.97602791,PooledNostril,Day 1
IgA,Alpha,CV06UM012,44.3937375,33.31389812,1.3325891,PooledNostril,Day 1
IgA,Beta,CV06UM012,36.74197718,33.31389812,1.10290237,PooledNostril,Day 1
IgA,RBD,CV06UM012,39.10818363,33.31389812,1.173929976,PooledNostril,Day 1
IgA,Delta,CV06UM012,48.03452421,33.31389812,1.441876422,PooledNostril,Day 1
IgA,Omicron.BA.1,CV06UM012,15.2763986,33.31389812,0.458559324,PooledNostril,Day 1
IgA,Gamma,CV06UM012,38.22478514,33.31389812,1.14741256,PooledNostril,Day 1
IgA,Omicron.BA.5,CV06UM012,40.64717987,33.31389812,1.220126799,PooledNostril,Day 1
IgA,Spike,CV06UM012,60.37513858,33.31389812,1.812310837,PooledNostril,Day 1
IgG,Beta,CV06UM012,491.2120319,62.63485858,7.842470519,PooledNostril,Day 3
IgG,Alpha,CV06UM012,717.7670445,62.63485858,11.45954602,PooledNostril,Day 3
IgG,Delta,CV06UM012,635.1062038,62.63485858,10.13982019,PooledNostril,Day 3
IgG,Gamma,CV06UM012,678.152989,62.63485858,10.82708582,PooledNostril,Day 3
IgG,Omicron.BA.1,CV06UM012,144.8063122,62.63485858,2.311912496,PooledNostril,Day 3
IgG,Omicron.BA.5,CV06UM012,223.5306396,62.63485858,3.568789724,PooledNostril,Day 3
IgG,RBD,CV06UM012,612.5680252,62.63485858,9.779985764,PooledNostril,Day 3
IgG,Spike,CV06UM012,1124.219351,62.63485858,17.94878086,PooledNostril,Day 3
IgA,Alpha,CV06UM012,102.3501439,96.27993985,1.063047444,PooledNostril,Day 3
IgA,Beta,CV06UM012,86.77770188,96.27993985,0.90130615,PooledNostril,Day 3
IgA,Gamma,CV06UM012,88.83955784,96.27993985,0.922721368,PooledNostril,Day 3
IgA,Delta,CV06UM012,116.9601353,96.27993985,1.214792359,PooledNostril,Day 3
IgA,Omicron.BA.1,CV06UM012,41.12492628,96.27993985,0.427139094,PooledNostril,Day 3
IgA,RBD,CV06UM012,98.14289441,96.27993985,1.019349353,PooledNostril,Day 3
IgA,Spike,CV06UM012,127.7970317,96.27993985,1.327348479,PooledNostril,Day 3
IgA,Omicron.BA.5,CV06UM012,94.88112459,96.27993985,0.985471374,PooledNostril,Day 3
IgG,Beta,CV06UM012,512.1840575,48.4781944,10.56524617,PooledNostril,Day 15
IgG,Alpha,CV06UM012,729.4901257,48.4781944,15.04779901,PooledNostril,Day 15
IgG,Delta,CV06UM012,672.9111666,48.4781944,13.8806978,PooledNostril,Day 15
IgG,Gamma,CV06UM012,722.9973785,48.4781944,14.91386772,PooledNostril,Day 15
IgG,Omicron.BA.5,CV06UM012,252.4029813,48.4781944,5.206526035,PooledNostril,Day 15
IgG,Omicron.BA.1,CV06UM012,155.7936834,48.4781944,3.213685769,PooledNostril,Day 15
IgG,RBD,CV06UM012,667.7420993,48.4781944,13.77407116,PooledNostril,Day 15
IgG,Spike,CV06UM012,1154.707936,48.4781944,23.81912014,PooledNostril,Day 15
IgA,Beta,CV06UM012,118.1733005,100.7059393,1.173449166,PooledNostril,Day 15
IgA,Gamma,CV06UM012,121.4918265,100.7059393,1.206401801,PooledNostril,Day 15
IgA,Alpha,CV06UM012,131.0256453,100.7059393,1.301071676,PooledNostril,Day 15
IgA,Delta,CV06UM012,155.8820429,100.7059393,1.547893242,PooledNostril,Day 15
IgA,Omicron.BA.1,CV06UM012,49.40506304,100.7059393,0.490587381,PooledNostril,Day 15
IgA,Omicron.BA.5,CV06UM012,139.4080473,100.7059393,1.384308097,PooledNostril,Day 15
IgA,RBD,CV06UM012,112.648793,100.7059393,1.118591354,PooledNostril,Day 15
IgA,Spike,CV06UM012,164.8945595,100.7059393,1.637386639,PooledNostril,Day 15
IgG,Alpha,CV06UM013,9225.221763,77.42657672,119.148,PooledNostril,Day 1
IgG,Beta,CV06UM013,9378.503666,77.42657672,121.1277066,PooledNostril,Day 1
IgG,Gamma,CV06UM013,10115.71131,77.42657672,130.6490838,PooledNostril,Day 1
IgG,Spike,CV06UM013,10387.94092,77.42657672,134.165055,PooledNostril,Day 1
IgA,Beta,CV06UM013,723.836902,158.7775403,4.55881166,PooledNostril,Day 1
IgG,Delta,CV06UM013,11094.61179,77.42657672,143.2920356,PooledNostril,Day 1
IgG,Omicron.BA.1,CV06UM013,4082.5905,77.42657672,52.72854196,PooledNostril,Day 1
IgG,RBD,CV06UM013,7362.512098,77.42657672,95.09024433,PooledNostril,Day 1
IgA,Alpha,CV06UM013,601.1474649,158.7775403,3.786098864,PooledNostril,Day 1
IgA,Delta,CV06UM013,804.4955227,158.7775403,5.066809332,PooledNostril,Day 1
IgA,Gamma,CV06UM013,608.4373807,158.7775403,3.832011629,PooledNostril,Day 1
IgA,Omicron.BA.1,CV06UM013,283.6281722,158.7775403,1.78632426,PooledNostril,Day 1
IgA,RBD,CV06UM013,509.7249457,158.7775403,3.210308869,PooledNostril,Day 1
IgG,Omicron.BA.5,CV06UM013,5409.960282,77.42657672,69.87213579,PooledNostril,Day 1
IgA,Spike,CV06UM013,699.1967259,158.7775403,4.403624875,PooledNostril,Day 1
IgA,Omicron.BA.5,CV06UM013,526.1036451,158.7775403,3.313463883,PooledNostril,Day 1
IgG,Alpha,CV06UM013,6546.441104,65.02889438,100.6697279,PooledNostril,Day 3
IgG,Beta,CV06UM013,6630.094832,65.02889438,101.9561365,PooledNostril,Day 3
IgG,Gamma,CV06UM013,7403.575604,65.02889438,113.8505533,PooledNostril,Day 3
IgG,Omicron.BA.5,CV06UM013,4644.803336,65.02889438,71.4267616,PooledNostril,Day 3
IgG,Delta,CV06UM013,7851.451589,65.02889438,120.7378914,PooledNostril,Day 3
IgG,Omicron.BA.1,CV06UM013,3154.588196,65.02889438,48.51056174,PooledNostril,Day 3
IgG,Spike,CV06UM013,7414.239599,65.02889438,114.0145418,PooledNostril,Day 3
IgA,Omicron.BA.5,CV06UM013,271.8014656,56.09842699,4.845081763,PooledNostril,Day 3
IgG,RBD,CV06UM013,5380.407904,65.02889438,82.73872646,PooledNostril,Day 3
IgA,Alpha,CV06UM013,320.6719922,56.09842699,5.716238571,PooledNostril,Day 3
IgA,Beta,CV06UM013,388.7950721,56.09842699,6.93058777,PooledNostril,Day 3
IgA,Gamma,CV06UM013,332.4529056,56.09842699,5.926242917,PooledNostril,Day 3
IgA,Delta,CV06UM013,416.2927954,56.09842699,7.420757011,PooledNostril,Day 3
IgA,Omicron.BA.1,CV06UM013,148.4193709,56.09842699,2.645695769,PooledNostril,Day 3
IgA,Spike,CV06UM013,382.0822095,56.09842699,6.810925547,PooledNostril,Day 3
IgA,RBD,CV06UM013,266.2292468,56.09842699,4.74575244,PooledNostril,Day 3
IgG,Alpha,CV06UM013,3598.486179,32.92064606,109.3078846,PooledNostril,Day 15
IgG,Beta,CV06UM013,3462.053926,32.92064606,105.1636083,PooledNostril,Day 15
IgG,Delta,CV06UM013,4294.89756,32.92064606,130.4621286,PooledNostril,Day 15
IgG,Gamma,CV06UM013,3802.745244,32.92064606,115.5124732,PooledNostril,Day 15
IgG,Omicron.BA.5,CV06UM013,2466.865877,32.92064606,74.93370187,PooledNostril,Day 15
IgG,Omicron.BA.1,CV06UM013,1600.950122,32.92064606,48.63058031,PooledNostril,Day 15
IgG,RBD,CV06UM013,2703.855328,32.92064606,82.1325111,PooledNostril,Day 15
IgG,Spike,CV06UM013,4106.030115,32.92064606,124.725077,PooledNostril,Day 15
IgA,Alpha,CV06UM013,345.2823943,84.10634923,4.10530712,PooledNostril,Day 15
IgA,Beta,CV06UM013,414.2680274,84.10634923,4.925526208,PooledNostril,Day 15
IgA,Delta,CV06UM013,463.2425115,84.10634923,5.507818563,PooledNostril,Day 15
IgA,Omicron.BA.1,CV06UM013,150.5709094,84.10634923,1.790244265,PooledNostril,Day 15
IgA,Gamma,CV06UM013,319.7178574,84.10634923,3.80135222,PooledNostril,Day 15
IgA,Omicron.BA.5,CV06UM013,287.2883151,84.10634923,3.415774406,PooledNostril,Day 15
IgA,Spike,CV06UM013,387.6283742,84.10634923,4.608788489,PooledNostril,Day 15
IgA,RBD,CV06UM013,265.7932943,84.10634923,3.160204869,PooledNostril,Day 15
IgG,Beta,CV06UM014,217.6335502,35.82868706,6.074282036,PooledNostril,Day 1
IgG,Alpha,CV06UM014,315.2652754,35.82868706,8.79924165,PooledNostril,Day 1
IgG,Delta,CV06UM014,307.8804192,35.82868706,8.593125914,PooledNostril,Day 1
IgG,Gamma,CV06UM014,244.6117728,35.82868706,6.8272603,PooledNostril,Day 1
IgG,Omicron.BA.1,CV06UM014,89.38202063,35.82868706,2.494705443,PooledNostril,Day 1
IgG,Omicron.BA.5,CV06UM014,95.04524762,35.82868706,2.652769482,PooledNostril,Day 1
IgG,RBD,CV06UM014,309.5790218,35.82868706,8.640534923,PooledNostril,Day 1
IgG,Spike,CV06UM014,370.3115824,35.82868706,10.33561687,PooledNostril,Day 1
IgA,Alpha,CV06UM014,48.86006789,52.49655041,0.930729115,PooledNostril,Day 1
IgA,Beta,CV06UM014,49.40461488,52.49655041,0.94110212,PooledNostril,Day 1
IgA,Delta,CV06UM014,51.41773858,52.49655041,0.979449853,PooledNostril,Day 1
IgA,Gamma,CV06UM014,55.81139644,52.49655041,1.063144073,PooledNostril,Day 1
IgA,Omicron.BA.1,CV06UM014,34.46593457,52.49655041,0.65653713,PooledNostril,Day 1
IgA,Spike,CV06UM014,58.94175636,52.49655041,1.122773895,PooledNostril,Day 1
IgA,RBD,CV06UM014,72.47408016,52.49655041,1.380549381,PooledNostril,Day 1
IgA,Omicron.BA.5,CV06UM014,32.9344572,52.49655041,0.627364216,PooledNostril,Day 1
IgG,Beta,CV06UM014,184.8087764,31.02235935,5.957276631,PooledNostril,Day 3
IgG,Alpha,CV06UM014,270.0194884,31.02235935,8.704028128,PooledNostril,Day 3
IgG,Delta,CV06UM014,253.0769725,31.02235935,8.157889272,PooledNostril,Day 3
IgG,Gamma,CV06UM014,212.8326003,31.02235935,6.860619397,PooledNostril,Day 3
IgG,Omicron.BA.5,CV06UM014,81.58847939,31.02235935,2.629989501,PooledNostril,Day 3
IgA,Beta,CV06UM014,60.35255215,69.08213289,0.873634754,PooledNostril,Day 3
IgG,Omicron.BA.1,CV06UM014,75.64345144,31.02235935,2.438352628,PooledNostril,Day 3
IgG,RBD,CV06UM014,274.8196613,31.02235935,8.858760813,PooledNostril,Day 3
IgA,Delta,CV06UM014,58.0558745,69.08213289,0.840389144,PooledNostril,Day 3
IgG,Spike,CV06UM014,308.2451862,31.02235935,9.93622641,PooledNostril,Day 3
IgA,Alpha,CV06UM014,55.74927768,69.08213289,0.806999948,PooledNostril,Day 3
IgA,Omicron.BA.1,CV06UM014,40.11160282,69.08213289,0.580636427,PooledNostril,Day 3
IgA,Gamma,CV06UM014,63.32793557,69.08213289,0.916704985,PooledNostril,Day 3
IgA,Omicron.BA.5,CV06UM014,42.40820059,69.08213289,0.613880881,PooledNostril,Day 3
IgA,RBD,CV06UM014,84.31539842,69.08213289,1.220509485,PooledNostril,Day 3
IgA,Spike,CV06UM014,73.10395941,69.08213289,1.058218042,PooledNostril,Day 3
IgG,Alpha,CV06UM014,485.4322032,57.34954053,8.464447992,PooledNostril,Day 15
IgG,Beta,CV06UM014,335.1603008,57.34954053,5.844167149,PooledNostril,Day 15
IgG,Gamma,CV06UM014,384.0653619,57.34954053,6.696921343,PooledNostril,Day 15
IgG,Omicron.BA.5,CV06UM014,140.5764978,57.34954053,2.451222739,PooledNostril,Day 15
IgG,Spike,CV06UM014,560.4644794,57.34954053,9.772780641,PooledNostril,Day 15
IgA,Beta,CV06UM014,70.05758096,73.37928111,0.954732452,PooledNostril,Day 15
IgG,Delta,CV06UM014,457.9109105,57.34954053,7.984561102,PooledNostril,Day 15
IgG,Omicron.BA.1,CV06UM014,145.2171727,57.34954053,2.532141869,PooledNostril,Day 15
IgG,RBD,CV06UM014,535.9876489,57.34954053,9.345979827,PooledNostril,Day 15
IgA,Alpha,CV06UM014,68.26620187,73.37928111,0.930319851,PooledNostril,Day 15
IgA,Gamma,CV06UM014,77.68140379,73.37928111,1.058628575,PooledNostril,Day 15
IgA,Delta,CV06UM014,73.37531243,73.37928111,0.999945916,PooledNostril,Day 15
IgA,Omicron.BA.1,CV06UM014,50.93739991,73.37928111,0.694165971,PooledNostril,Day 15
IgA,Omicron.BA.5,CV06UM014,46.41618542,73.37928111,0.632551651,PooledNostril,Day 15
IgA,RBD,CV06UM014,105.6483892,73.37928111,1.439757757,PooledNostril,Day 15
IgA,Spike,CV06UM014,87.93331493,73.37928111,1.198339826,PooledNostril,Day 15
IgG,Alpha,CV06UM015,708.0186346,23.65354042,29.93288202,PooledNostril,Day 1
IgG,Beta,CV06UM015,587.3362409,23.65354042,24.83079617,PooledNostril,Day 1
IgG,Gamma,CV06UM015,569.5741526,23.65354042,24.07986891,PooledNostril,Day 1
IgG,Delta,CV06UM015,671.9698192,23.65354042,28.40884736,PooledNostril,Day 1
IgG,Omicron.BA.1,CV06UM015,288.6150172,23.65354042,12.2017682,PooledNostril,Day 1
IgG,Omicron.BA.5,CV06UM015,349.5840311,23.65354042,14.77935332,PooledNostril,Day 1
IgG,Spike,CV06UM015,891.5433366,23.65354042,37.69175019,PooledNostril,Day 1
IgG,RBD,CV06UM015,457.8848547,23.65354042,19.35798391,PooledNostril,Day 1
IgA,Alpha,CV06UM015,131.3510576,38.53995511,3.408178791,PooledNostril,Day 1
IgA,Gamma,CV06UM015,127.9381598,38.53995511,3.319623996,PooledNostril,Day 1
IgA,Beta,CV06UM015,172.6362532,38.53995511,4.479409816,PooledNostril,Day 1
IgA,Delta,CV06UM015,244.9167715,38.53995511,6.354879523,PooledNostril,Day 1
IgA,Omicron.BA.5,CV06UM015,109.7983203,38.53995511,2.848947799,PooledNostril,Day 1
IgA,Omicron.BA.1,CV06UM015,61.96308664,38.53995511,1.607762294,PooledNostril,Day 1
IgA,Spike,CV06UM015,155.072457,38.53995511,4.023680269,PooledNostril,Day 1
IgA,RBD,CV06UM015,135.1994084,38.53995511,3.508032326,PooledNostril,Day 1
IgG,Alpha,CV06UM015,925.0008814,26.43583989,34.99041018,PooledNostril,Day 3
IgG,Beta,CV06UM015,764.7069649,26.43583989,28.92690257,PooledNostril,Day 3
IgG,Delta,CV06UM015,808.5700308,26.43583989,30.58612982,PooledNostril,Day 3
IgG,Gamma,CV06UM015,745.2624361,26.43583989,28.19136593,PooledNostril,Day 3
IgG,Omicron.BA.1,CV06UM015,400.9449021,26.43583989,15.16671699,PooledNostril,Day 3
IgG,Omicron.BA.5,CV06UM015,448.1394268,26.43583989,16.95196478,PooledNostril,Day 3
IgG,RBD,CV06UM015,612.06996,26.43583989,23.15303627,PooledNostril,Day 3
IgG,Spike,CV06UM015,1170.494405,26.43583989,44.27680033,PooledNostril,Day 3
IgA,Alpha,CV06UM015,213.5699857,37.91506007,5.63285368,PooledNostril,Day 3
IgA,Delta,CV06UM015,363.7506839,37.91506007,9.593831139,PooledNostril,Day 3
IgA,Beta,CV06UM015,256.038705,37.91506007,6.752955279,PooledNostril,Day 3
IgA,RBD,CV06UM015,183.9090224,37.91506007,4.850553369,PooledNostril,Day 3
IgA,Omicron.BA.5,CV06UM015,167.0839997,37.91506007,4.406797706,PooledNostril,Day 3
IgA,Spike,CV06UM015,224.246915,37.91506007,5.914454958,PooledNostril,Day 3
IgA,Omicron.BA.1,CV06UM015,92.76198503,37.91506007,2.446573601,PooledNostril,Day 3
IgA,Gamma,CV06UM015,190.0315818,37.91506007,5.012034308,PooledNostril,Day 3
IgG,Alpha,CV06UM015,543.5470883,16.05006702,33.86572078,PooledNostril,Day 15
IgG,Beta,CV06UM015,448.5849496,16.05006702,27.94910133,PooledNostril,Day 15
IgG,Delta,CV06UM015,488.6280971,16.05006702,30.44399107,PooledNostril,Day 15
IgG,Gamma,CV06UM015,444.976337,16.05006702,27.7242666,PooledNostril,Day 15
IgG,Omicron.BA.1,CV06UM015,228.4878709,16.05006702,14.23594497,PooledNostril,Day 15
IgG,Omicron.BA.5,CV06UM015,269.4054786,16.05006702,16.78531798,PooledNostril,Day 15
IgG,RBD,CV06UM015,336.2600222,16.05006702,20.95069271,PooledNostril,Day 15
IgG,Spike,CV06UM015,679.5616263,16.05006702,42.34011143,PooledNostril,Day 15
IgA,Alpha,CV06UM015,119.0454416,33.49936421,3.553662716,PooledNostril,Day 15
IgA,Beta,CV06UM015,153.8015515,33.49936421,4.591178225,PooledNostril,Day 15
IgA,Omicron.BA.1,CV06UM015,55.33485751,33.49936421,1.651818141,PooledNostril,Day 15
IgA,Spike,CV06UM015,137.5910034,33.49936421,4.107272081,PooledNostril,Day 15
IgA,RBD,CV06UM015,116.5519773,33.49936421,3.479229533,PooledNostril,Day 15
IgA,Gamma,CV06UM015,118.6723309,33.49936421,3.542524872,PooledNostril,Day 15
IgA,Delta,CV06UM015,216.2638372,33.49936421,6.455759454,PooledNostril,Day 15
IgA,Omicron.BA.5,CV06UM015,97.22661549,33.49936421,2.902342112,PooledNostril,Day 15
IgG,Alpha,CV06BW003,1663558.51,NA,1663558.51,Serum,Day 1
IgG,Alpha,CV06BW008,248468.1,NA,248468.1,Serum,Day 1
IgG,Alpha,CV06BW010,633177.9,NA,633177.9,Serum,Day 1
IgG,Alpha,CV06BW011,468883.36,NA,468883.36,Serum,Day 1
IgG,Alpha,CV06BW012,263017.9,NA,263017.9,Serum,Day 1
IgG,Alpha,CV06BW013,342469.27,NA,342469.27,Serum,Day 1
IgG,Alpha,CV06BW015,289550.29,NA,289550.29,Serum,Day 1
IgG,Alpha,CV06FH001,724187.54,NA,724187.54,Serum,Day 1
IgG,Alpha,CV06FH002,72849.04,NA,72849.04,Serum,Day 1
IgG,Alpha,CV06FH003,492932.16,NA,492932.16,Serum,Day 1
IgG,Alpha,CV06FH005,863948.76,NA,863948.76,Serum,Day 1
IgG,Alpha,CV06FH007,100846.48,NA,100846.48,Serum,Day 1
IgG,Alpha,CV06FH008,215162.39,NA,215162.39,Serum,Day 1
IgG,Alpha,CV06FH009,637551.11,NA,637551.11,Serum,Day 1
IgG,Alpha,CV06FH010,234516.91,NA,234516.91,Serum,Day 1
IgG,Alpha,CV06FH011,471859.87,NA,471859.87,Serum,Day 1
IgG,Alpha,CV06HC001,79471.6,NA,79471.6,Serum,Day 1
IgG,Alpha,CV06HC002,212023.4,NA,212023.4,Serum,Day 1
IgG,Alpha,CV06HC003,1270236.62,NA,1270236.62,Serum,Day 1
IgG,Alpha,CV06HC004,136120.86,NA,136120.86,Serum,Day 1
IgG,Alpha,CV06HC005,1429628.77,NA,1429628.77,Serum,Day 1
IgG,Alpha,CV06HC007,215542.49,NA,215542.49,Serum,Day 1
IgG,Alpha,CV06HC008,235400.37,NA,235400.37,Serum,Day 1
IgG,Alpha,CV06HC009,1068221.24,NA,1068221.24,Serum,Day 1
IgG,Alpha,CV06HC010,705388.46,NA,705388.46,Serum,Day 1
IgG,Alpha,CV06HC011,76903.83,NA,76903.83,Serum,Day 1
IgG,Alpha,CV06HC012,235446.66,NA,235446.66,Serum,Day 1
IgG,Alpha,CV06HC013,54088.33,NA,54088.33,Serum,Day 1
IgG,Alpha,CV06HC014,117561.28,NA,117561.28,Serum,Day 1
IgG,Alpha,CV06HC015,372835.39,NA,372835.39,Serum,Day 1
IgG,Alpha,CV06UM001,395116.19,NA,395116.19,Serum,Day 1
IgG,Alpha,CV06UM002,39812.86,NA,39812.86,Serum,Day 1
IgG,Alpha,CV06UM003,300360.55,NA,300360.55,Serum,Day 1
IgG,Alpha,CV06UM005,69465.26,NA,69465.26,Serum,Day 1
IgG,Alpha,CV06UM007,506672.65,NA,506672.65,Serum,Day 1
IgG,Alpha,CV06UM008,163310.2,NA,163310.2,Serum,Day 1
IgG,Alpha,CV06UM009,1147070.6,NA,1147070.6,Serum,Day 1
IgG,Alpha,CV06UM010,229799.3,NA,229799.3,Serum,Day 1
IgG,Alpha,CV06UM011,207100.46,NA,207100.46,Serum,Day 1
IgG,Alpha,CV06UM012,110923.25,NA,110923.25,Serum,Day 1
IgG,Alpha,CV06UM013,651587.91,NA,651587.91,Serum,Day 1
IgG,Alpha,CV06UM014,84505.91,NA,84505.91,Serum,Day 1
IgG,Alpha,CV06UM015,177854.49,NA,177854.49,Serum,Day 1
IgA,Alpha,CV06BW003,9104.72,NA,9104.72,Serum,Day 1
IgA,Alpha,CV06BW008,10496.41,NA,10496.41,Serum,Day 1
IgA,Alpha,CV06BW010,25844.75,NA,25844.75,Serum,Day 1
IgA,Alpha,CV06BW011,14273.62,NA,14273.62,Serum,Day 1
IgA,Alpha,CV06BW012,14316.03,NA,14316.03,Serum,Day 1
IgA,Alpha,CV06BW013,19918.45,NA,19918.45,Serum,Day 1
IgA,Alpha,CV06BW015,3535.55,NA,3535.55,Serum,Day 1
IgA,Alpha,CV06FH001,8557.26,NA,8557.26,Serum,Day 1
IgA,Alpha,CV06FH002,1390.57,NA,1390.57,Serum,Day 1
IgA,Alpha,CV06FH003,110238.39,NA,110238.39,Serum,Day 1
IgA,Alpha,CV06FH005,27702.82,NA,27702.82,Serum,Day 1
IgA,Alpha,CV06FH007,4424.18,NA,4424.18,Serum,Day 1
IgA,Alpha,CV06FH008,12158.91,NA,12158.91,Serum,Day 1
IgA,Alpha,CV06FH009,2646.85,NA,2646.85,Serum,Day 1
IgA,Alpha,CV06FH010,50207.83,NA,50207.83,Serum,Day 1
IgA,Alpha,CV06FH011,56699.93,NA,56699.93,Serum,Day 1
IgA,Alpha,CV06HC001,11259.17,NA,11259.17,Serum,Day 1
IgA,Alpha,CV06HC002,1716.44,NA,1716.44,Serum,Day 1
IgA,Alpha,CV06HC003,6975.86,NA,6975.86,Serum,Day 1
IgA,Alpha,CV06HC004,4117.88,NA,4117.88,Serum,Day 1
IgA,Alpha,CV06HC005,89532.63,NA,89532.63,Serum,Day 1
IgA,Alpha,CV06HC007,26080.96,NA,26080.96,Serum,Day 1
IgA,Alpha,CV06HC008,10391.1,NA,10391.1,Serum,Day 1
IgA,Alpha,CV06HC009,58005.85,NA,58005.85,Serum,Day 1
IgA,Alpha,CV06HC010,31677.62,NA,31677.62,Serum,Day 1
IgA,Alpha,CV06HC011,3754.34,NA,3754.34,Serum,Day 1
IgA,Alpha,CV06HC012,8255.54,NA,8255.54,Serum,Day 1
IgA,Alpha,CV06HC013,15718.32,NA,15718.32,Serum,Day 1
IgA,Alpha,CV06HC014,18700.25,NA,18700.25,Serum,Day 1
IgA,Alpha,CV06HC015,15356.6,NA,15356.6,Serum,Day 1
IgA,Alpha,CV06UM001,2758.47,NA,2758.47,Serum,Day 1
IgA,Alpha,CV06UM002,7056.13,NA,7056.13,Serum,Day 1
IgA,Alpha,CV06UM003,24424.02,NA,24424.02,Serum,Day 1
IgA,Alpha,CV06UM005,11066.62,NA,11066.62,Serum,Day 1
IgA,Alpha,CV06UM007,13933.92,NA,13933.92,Serum,Day 1
IgA,Alpha,CV06UM008,4695.5,NA,4695.5,Serum,Day 1
IgA,Alpha,CV06UM009,22259.93,NA,22259.93,Serum,Day 1
IgA,Alpha,CV06UM010,2643.51,NA,2643.51,Serum,Day 1
IgA,Alpha,CV06UM011,2738.32,NA,2738.32,Serum,Day 1
IgA,Alpha,CV06UM012,6095.44,NA,6095.44,Serum,Day 1
IgA,Alpha,CV06UM013,17356.68,NA,17356.68,Serum,Day 1
IgA,Alpha,CV06UM014,5402.76,NA,5402.76,Serum,Day 1
IgA,Alpha,CV06UM015,10433.61,NA,10433.61,Serum,Day 1
IgG,Beta,CV06BW003,1460422.6,NA,1460422.6,Serum,Day 1
IgG,Beta,CV06BW008,162869.63,NA,162869.63,Serum,Day 1
IgG,Beta,CV06BW010,409904.78,NA,409904.78,Serum,Day 1
IgG,Beta,CV06BW011,391319.31,NA,391319.31,Serum,Day 1
IgG,Beta,CV06BW012,197712.55,NA,197712.55,Serum,Day 1
IgG,Beta,CV06BW013,287229.49,NA,287229.49,Serum,Day 1
IgG,Beta,CV06BW015,207619.2,NA,207619.2,Serum,Day 1
IgG,Beta,CV06FH001,518254.16,NA,518254.16,Serum,Day 1
IgG,Beta,CV06FH002,53509.67,NA,53509.67,Serum,Day 1
IgG,Beta,CV06FH003,410163.48,NA,410163.48,Serum,Day 1
IgG,Beta,CV06FH005,649220.32,NA,649220.32,Serum,Day 1
IgG,Beta,CV06FH007,80527.03,NA,80527.03,Serum,Day 1
IgG,Beta,CV06FH008,185549.34,NA,185549.34,Serum,Day 1
IgG,Beta,CV06FH009,516104.93,NA,516104.93,Serum,Day 1
IgG,Beta,CV06FH010,234379.63,NA,234379.63,Serum,Day 1
IgG,Beta,CV06FH011,394816.47,NA,394816.47,Serum,Day 1
IgG,Beta,CV06HC001,52420.04,NA,52420.04,Serum,Day 1
IgG,Beta,CV06HC002,139765.82,NA,139765.82,Serum,Day 1
IgG,Beta,CV06HC003,1014539.74,NA,1014539.74,Serum,Day 1
IgG,Beta,CV06HC004,81528.01,NA,81528.01,Serum,Day 1
IgG,Beta,CV06HC005,1315689.87,NA,1315689.87,Serum,Day 1
IgG,Beta,CV06HC007,161714.21,NA,161714.21,Serum,Day 1
IgG,Beta,CV06HC008,183514.04,NA,183514.04,Serum,Day 1
IgG,Beta,CV06HC009,757858.77,NA,757858.77,Serum,Day 1
IgG,Beta,CV06HC010,514899.25,NA,514899.25,Serum,Day 1
IgG,Beta,CV06HC011,52427.76,NA,52427.76,Serum,Day 1
IgG,Beta,CV06HC012,182837.8,NA,182837.8,Serum,Day 1
IgG,Beta,CV06HC013,45389.85,NA,45389.85,Serum,Day 1
IgG,Beta,CV06HC014,83144.29,NA,83144.29,Serum,Day 1
IgG,Beta,CV06HC015,465320.1,NA,465320.1,Serum,Day 1
IgG,Beta,CV06UM001,288229.56,NA,288229.56,Serum,Day 1
IgG,Beta,CV06UM002,32398.44,NA,32398.44,Serum,Day 1
IgG,Beta,CV06UM003,266480.34,NA,266480.34,Serum,Day 1
IgG,Beta,CV06UM005,54459.02,NA,54459.02,Serum,Day 1
IgG,Beta,CV06UM007,370133.78,NA,370133.78,Serum,Day 1
IgG,Beta,CV06UM008,114526.99,NA,114526.99,Serum,Day 1
IgG,Beta,CV06UM009,883468.4,NA,883468.4,Serum,Day 1
IgG,Beta,CV06UM010,159284.31,NA,159284.31,Serum,Day 1
IgG,Beta,CV06UM011,134358.08,NA,134358.08,Serum,Day 1
IgG,Beta,CV06UM012,75302.77,NA,75302.77,Serum,Day 1
IgG,Beta,CV06UM013,706491.74,NA,706491.74,Serum,Day 1
IgG,Beta,CV06UM014,63191.8,NA,63191.8,Serum,Day 1
IgG,Beta,CV06UM015,160209.27,NA,160209.27,Serum,Day 1
IgA,Beta,CV06BW003,8692.3,NA,8692.3,Serum,Day 1
IgA,Beta,CV06BW008,11527.58,NA,11527.58,Serum,Day 1
IgA,Beta,CV06BW010,31438.56,NA,31438.56,Serum,Day 1
IgA,Beta,CV06BW011,9614.56,NA,9614.56,Serum,Day 1
IgA,Beta,CV06BW012,14558.53,NA,14558.53,Serum,Day 1
IgA,Beta,CV06BW013,16863.04,NA,16863.04,Serum,Day 1
IgA,Beta,CV06BW015,3017.12,NA,3017.12,Serum,Day 1
IgA,Beta,CV06FH001,6689.11,NA,6689.11,Serum,Day 1
IgA,Beta,CV06FH002,1543.38,NA,1543.38,Serum,Day 1
IgA,Beta,CV06FH003,106818.35,NA,106818.35,Serum,Day 1
IgA,Beta,CV06FH005,25434.88,NA,25434.88,Serum,Day 1
IgA,Beta,CV06FH007,3610.29,NA,3610.29,Serum,Day 1
IgA,Beta,CV06FH008,10254.59,NA,10254.59,Serum,Day 1
IgA,Beta,CV06FH009,2418.4,NA,2418.4,Serum,Day 1
IgA,Beta,CV06FH010,49114.04,NA,49114.04,Serum,Day 1
IgA,Beta,CV06FH011,56125.37,NA,56125.37,Serum,Day 1
IgA,Beta,CV06HC001,8558.68,NA,8558.68,Serum,Day 1
IgA,Beta,CV06HC002,1210.79,NA,1210.79,Serum,Day 1
IgA,Beta,CV06HC003,6516.12,NA,6516.12,Serum,Day 1
IgA,Beta,CV06HC004,3213.76,NA,3213.76,Serum,Day 1
IgA,Beta,CV06HC005,91728.08,NA,91728.08,Serum,Day 1
IgA,Beta,CV06HC007,28037.1,NA,28037.1,Serum,Day 1
IgA,Beta,CV06HC008,10867.55,NA,10867.55,Serum,Day 1
IgA,Beta,CV06HC009,33349.72,NA,33349.72,Serum,Day 1
IgA,Beta,CV06HC010,27258.38,NA,27258.38,Serum,Day 1
IgA,Beta,CV06HC011,2142.63,NA,2142.63,Serum,Day 1
IgA,Beta,CV06HC012,7275.77,NA,7275.77,Serum,Day 1
IgA,Beta,CV06HC013,12440.38,NA,12440.38,Serum,Day 1
IgA,Beta,CV06HC014,17150.24,NA,17150.24,Serum,Day 1
IgA,Beta,CV06HC015,13243.96,NA,13243.96,Serum,Day 1
IgA,Beta,CV06UM001,2958.42,NA,2958.42,Serum,Day 1
IgA,Beta,CV06UM002,6761.15,NA,6761.15,Serum,Day 1
IgA,Beta,CV06UM003,21187,NA,21187,Serum,Day 1
IgA,Beta,CV06UM005,10006.22,NA,10006.22,Serum,Day 1
IgA,Beta,CV06UM007,11086.43,NA,11086.43,Serum,Day 1
IgA,Beta,CV06UM008,3823.41,NA,3823.41,Serum,Day 1
IgA,Beta,CV06UM009,19917.53,NA,19917.53,Serum,Day 1
IgA,Beta,CV06UM010,2055.46,NA,2055.46,Serum,Day 1
IgA,Beta,CV06UM011,1873.51,NA,1873.51,Serum,Day 1
IgA,Beta,CV06UM012,4791,NA,4791,Serum,Day 1
IgA,Beta,CV06UM013,16675.61,NA,16675.61,Serum,Day 1
IgA,Beta,CV06UM014,4468.12,NA,4468.12,Serum,Day 1
IgA,Beta,CV06UM015,10167.49,NA,10167.49,Serum,Day 1
IgG,Delta,CV06BW003,1595479.7,NA,1595479.7,Serum,Day 1
IgG,Delta,CV06BW008,218873.33,NA,218873.33,Serum,Day 1
IgG,Delta,CV06BW010,494359.41,NA,494359.41,Serum,Day 1
IgG,Delta,CV06BW011,474256.8,NA,474256.8,Serum,Day 1
IgG,Delta,CV06BW012,237451.55,NA,237451.55,Serum,Day 1
IgG,Delta,CV06BW013,278459.2,NA,278459.2,Serum,Day 1
IgG,Delta,CV06BW015,238646.83,NA,238646.83,Serum,Day 1
IgG,Delta,CV06FH001,519891.89,NA,519891.89,Serum,Day 1
IgG,Delta,CV06FH002,70938.61,NA,70938.61,Serum,Day 1
IgG,Delta,CV06FH003,362481.5,NA,362481.5,Serum,Day 1
IgG,Delta,CV06FH005,615185.07,NA,615185.07,Serum,Day 1
IgG,Delta,CV06FH007,78690.34,NA,78690.34,Serum,Day 1
IgG,Delta,CV06FH008,205788.34,NA,205788.34,Serum,Day 1
IgG,Delta,CV06FH009,646262.22,NA,646262.22,Serum,Day 1
IgG,Delta,CV06FH010,261046.76,NA,261046.76,Serum,Day 1
IgG,Delta,CV06FH011,424468.92,NA,424468.92,Serum,Day 1
IgG,Delta,CV06HC001,65439.06,NA,65439.06,Serum,Day 1
IgG,Delta,CV06HC002,136285.54,NA,136285.54,Serum,Day 1
IgG,Delta,CV06HC003,1086417.96,NA,1086417.96,Serum,Day 1
IgG,Delta,CV06HC004,110701.84,NA,110701.84,Serum,Day 1
IgG,Delta,CV06HC005,1273142.53,NA,1273142.53,Serum,Day 1
IgG,Delta,CV06HC007,187005.3,NA,187005.3,Serum,Day 1
IgG,Delta,CV06HC008,215373.08,NA,215373.08,Serum,Day 1
IgG,Delta,CV06HC009,909159.65,NA,909159.65,Serum,Day 1
IgG,Delta,CV06HC010,592435.03,NA,592435.03,Serum,Day 1
IgG,Delta,CV06HC011,57056.21,NA,57056.21,Serum,Day 1
IgG,Delta,CV06HC012,186551.2,NA,186551.2,Serum,Day 1
IgG,Delta,CV06HC013,58344.46,NA,58344.46,Serum,Day 1
IgG,Delta,CV06HC014,95295.75,NA,95295.75,Serum,Day 1
IgG,Delta,CV06HC015,340528.96,NA,340528.96,Serum,Day 1
IgG,Delta,CV06UM001,356392.33,NA,356392.33,Serum,Day 1
IgG,Delta,CV06UM002,34252.74,NA,34252.74,Serum,Day 1
IgG,Delta,CV06UM003,286558.75,NA,286558.75,Serum,Day 1
IgG,Delta,CV06UM005,66285.08,NA,66285.08,Serum,Day 1
IgG,Delta,CV06UM007,423616.08,NA,423616.08,Serum,Day 1
IgG,Delta,CV06UM008,134102.94,NA,134102.94,Serum,Day 1
IgG,Delta,CV06UM009,1029100.52,NA,1029100.52,Serum,Day 1
IgG,Delta,CV06UM010,239954.96,NA,239954.96,Serum,Day 1
IgG,Delta,CV06UM011,177626.45,NA,177626.45,Serum,Day 1
IgG,Delta,CV06UM012,99317.77,NA,99317.77,Serum,Day 1
IgG,Delta,CV06UM013,725372.72,NA,725372.72,Serum,Day 1
IgG,Delta,CV06UM014,84182.04,NA,84182.04,Serum,Day 1
IgG,Delta,CV06UM015,170162.2,NA,170162.2,Serum,Day 1
IgA,Delta,CV06BW003,10066.8,NA,10066.8,Serum,Day 1
IgA,Delta,CV06BW008,10676.61,NA,10676.61,Serum,Day 1
IgA,Delta,CV06BW010,52677.75,NA,52677.75,Serum,Day 1
IgA,Delta,CV06BW011,16467.1,NA,16467.1,Serum,Day 1
IgA,Delta,CV06BW012,14648.05,NA,14648.05,Serum,Day 1
IgA,Delta,CV06BW013,13335.13,NA,13335.13,Serum,Day 1
IgA,Delta,CV06BW015,2282.66,NA,2282.66,Serum,Day 1
IgA,Delta,CV06FH001,8351.72,NA,8351.72,Serum,Day 1
IgA,Delta,CV06FH002,2123.14,NA,2123.14,Serum,Day 1
IgA,Delta,CV06FH003,100537.69,NA,100537.69,Serum,Day 1
IgA,Delta,CV06FH005,36131.54,NA,36131.54,Serum,Day 1
IgA,Delta,CV06FH007,4035.19,NA,4035.19,Serum,Day 1
IgA,Delta,CV06FH008,13327.06,NA,13327.06,Serum,Day 1
IgA,Delta,CV06FH009,3426.37,NA,3426.37,Serum,Day 1
IgA,Delta,CV06FH010,64621.18,NA,64621.18,Serum,Day 1
IgA,Delta,CV06FH011,54095.65,NA,54095.65,Serum,Day 1
IgA,Delta,CV06HC001,12717.03,NA,12717.03,Serum,Day 1
IgA,Delta,CV06HC002,1814.1,NA,1814.1,Serum,Day 1
IgA,Delta,CV06HC003,8694.99,NA,8694.99,Serum,Day 1
IgA,Delta,CV06HC004,5685.22,NA,5685.22,Serum,Day 1
IgA,Delta,CV06HC005,123648.33,NA,123648.33,Serum,Day 1
IgA,Delta,CV06HC007,36456.68,NA,36456.68,Serum,Day 1
IgA,Delta,CV06HC008,14911.61,NA,14911.61,Serum,Day 1
IgA,Delta,CV06HC009,48547.04,NA,48547.04,Serum,Day 1
IgA,Delta,CV06HC010,34698.31,NA,34698.31,Serum,Day 1
IgA,Delta,CV06HC011,3906.01,NA,3906.01,Serum,Day 1
IgA,Delta,CV06HC012,12864.75,NA,12864.75,Serum,Day 1
IgA,Delta,CV06HC013,17596.99,NA,17596.99,Serum,Day 1
IgA,Delta,CV06HC014,23999.12,NA,23999.12,Serum,Day 1
IgA,Delta,CV06HC015,19345.77,NA,19345.77,Serum,Day 1
IgA,Delta,CV06UM001,4039.7,NA,4039.7,Serum,Day 1
IgA,Delta,CV06UM002,8389.95,NA,8389.95,Serum,Day 1
IgA,Delta,CV06UM003,33809.69,NA,33809.69,Serum,Day 1
IgA,Delta,CV06UM005,13547.36,NA,13547.36,Serum,Day 1
IgA,Delta,CV06UM007,12949.14,NA,12949.14,Serum,Day 1
IgA,Delta,CV06UM008,4972.77,NA,4972.77,Serum,Day 1
IgA,Delta,CV06UM009,23061.03,NA,23061.03,Serum,Day 1
IgA,Delta,CV06UM010,2927.57,NA,2927.57,Serum,Day 1
IgA,Delta,CV06UM011,3470.78,NA,3470.78,Serum,Day 1
IgA,Delta,CV06UM012,6805.11,NA,6805.11,Serum,Day 1
IgA,Delta,CV06UM013,21436.46,NA,21436.46,Serum,Day 1
IgA,Delta,CV06UM014,5230.65,NA,5230.65,Serum,Day 1
IgA,Delta,CV06UM015,14193.95,NA,14193.95,Serum,Day 1
IgG,Gamma,CV06BW003,1478957.65,NA,1478957.65,Serum,Day 1
IgG,Gamma,CV06BW008,204156.9,NA,204156.9,Serum,Day 1
IgG,Gamma,CV06BW010,453309.22,NA,453309.22,Serum,Day 1
IgG,Gamma,CV06BW011,452346.93,NA,452346.93,Serum,Day 1
IgG,Gamma,CV06BW012,222956.03,NA,222956.03,Serum,Day 1
IgG,Gamma,CV06BW013,294146.18,NA,294146.18,Serum,Day 1
IgG,Gamma,CV06BW015,221294.48,NA,221294.48,Serum,Day 1
IgG,Gamma,CV06FH001,554366.21,NA,554366.21,Serum,Day 1
IgG,Gamma,CV06FH002,49372.81,NA,49372.81,Serum,Day 1
IgG,Gamma,CV06FH003,468852.28,NA,468852.28,Serum,Day 1
IgG,Gamma,CV06FH005,733465.85,NA,733465.85,Serum,Day 1
IgG,Gamma,CV06FH007,95308.17,NA,95308.17,Serum,Day 1
IgG,Gamma,CV06FH008,193284,NA,193284,Serum,Day 1
IgG,Gamma,CV06FH009,592006.58,NA,592006.58,Serum,Day 1
IgG,Gamma,CV06FH010,226245.73,NA,226245.73,Serum,Day 1
IgG,Gamma,CV06FH011,483292,NA,483292,Serum,Day 1
IgG,Gamma,CV06HC001,54184.42,NA,54184.42,Serum,Day 1
IgG,Gamma,CV06HC002,188482.27,NA,188482.27,Serum,Day 1
IgG,Gamma,CV06HC003,1042371.99,NA,1042371.99,Serum,Day 1
IgG,Gamma,CV06HC004,123298.12,NA,123298.12,Serum,Day 1
IgG,Gamma,CV06HC005,1331541.9,NA,1331541.9,Serum,Day 1
IgG,Gamma,CV06HC007,168410.17,NA,168410.17,Serum,Day 1
IgG,Gamma,CV06HC008,168778.74,NA,168778.74,Serum,Day 1
IgG,Gamma,CV06HC009,1028425.91,NA,1028425.91,Serum,Day 1
IgG,Gamma,CV06HC010,507402.55,NA,507402.55,Serum,Day 1
IgG,Gamma,CV06HC011,56881.66,NA,56881.66,Serum,Day 1
IgG,Gamma,CV06HC012,218224.55,NA,218224.55,Serum,Day 1
IgG,Gamma,CV06HC013,49671.35,NA,49671.35,Serum,Day 1
IgG,Gamma,CV06HC014,93393.82,NA,93393.82,Serum,Day 1
IgG,Gamma,CV06HC015,501230.02,NA,501230.02,Serum,Day 1
IgG,Gamma,CV06UM001,290560.96,NA,290560.96,Serum,Day 1
IgG,Gamma,CV06UM002,32411.88,NA,32411.88,Serum,Day 1
IgG,Gamma,CV06UM003,271748.56,NA,271748.56,Serum,Day 1
IgG,Gamma,CV06UM005,68280.95,NA,68280.95,Serum,Day 1
IgG,Gamma,CV06UM007,407245.76,NA,407245.76,Serum,Day 1
IgG,Gamma,CV06UM008,106998.38,NA,106998.38,Serum,Day 1
IgG,Gamma,CV06UM009,950629.34,NA,950629.34,Serum,Day 1
IgG,Gamma,CV06UM010,157431.43,NA,157431.43,Serum,Day 1
IgG,Gamma,CV06UM011,165610.62,NA,165610.62,Serum,Day 1
IgG,Gamma,CV06UM012,86785.73,NA,86785.73,Serum,Day 1
IgG,Gamma,CV06UM013,695429.74,NA,695429.74,Serum,Day 1
IgG,Gamma,CV06UM014,61484.31,NA,61484.31,Serum,Day 1
IgG,Gamma,CV06UM015,155504.17,NA,155504.17,Serum,Day 1
IgA,Gamma,CV06BW003,9813.51,NA,9813.51,Serum,Day 1
IgA,Gamma,CV06BW008,12377.29,NA,12377.29,Serum,Day 1
IgA,Gamma,CV06BW010,25800.44,NA,25800.44,Serum,Day 1
IgA,Gamma,CV06BW011,13270.11,NA,13270.11,Serum,Day 1
IgA,Gamma,CV06BW012,16656.09,NA,16656.09,Serum,Day 1
IgA,Gamma,CV06BW013,19620.93,NA,19620.93,Serum,Day 1
IgA,Gamma,CV06BW015,3379.54,NA,3379.54,Serum,Day 1
IgA,Gamma,CV06FH001,7182.74,NA,7182.74,Serum,Day 1
IgA,Gamma,CV06FH002,1375.11,NA,1375.11,Serum,Day 1
IgA,Gamma,CV06FH003,119632,NA,119632,Serum,Day 1
IgA,Gamma,CV06FH005,27221.22,NA,27221.22,Serum,Day 1
IgA,Gamma,CV06FH007,4574.34,NA,4574.34,Serum,Day 1
IgA,Gamma,CV06FH008,11790.44,NA,11790.44,Serum,Day 1
IgA,Gamma,CV06FH009,2532.77,NA,2532.77,Serum,Day 1
IgA,Gamma,CV06FH010,51094.88,NA,51094.88,Serum,Day 1
IgA,Gamma,CV06FH011,66596.4,NA,66596.4,Serum,Day 1
IgA,Gamma,CV06HC001,8531.56,NA,8531.56,Serum,Day 1
IgA,Gamma,CV06HC002,1425.32,NA,1425.32,Serum,Day 1
IgA,Gamma,CV06HC003,7253.79,NA,7253.79,Serum,Day 1
IgA,Gamma,CV06HC004,6438.47,NA,6438.47,Serum,Day 1
IgA,Gamma,CV06HC005,101135.57,NA,101135.57,Serum,Day 1
IgA,Gamma,CV06HC007,26725.83,NA,26725.83,Serum,Day 1
IgA,Gamma,CV06HC008,8070.79,NA,8070.79,Serum,Day 1
IgA,Gamma,CV06HC009,53906.64,NA,53906.64,Serum,Day 1
IgA,Gamma,CV06HC010,29571.25,NA,29571.25,Serum,Day 1
IgA,Gamma,CV06HC011,2022.41,NA,2022.41,Serum,Day 1
IgA,Gamma,CV06HC012,8774.88,NA,8774.88,Serum,Day 1
IgA,Gamma,CV06HC013,14776.29,NA,14776.29,Serum,Day 1
IgA,Gamma,CV06HC014,14960.82,NA,14960.82,Serum,Day 1
IgA,Gamma,CV06HC015,12240.75,NA,12240.75,Serum,Day 1
IgA,Gamma,CV06UM001,2695.12,NA,2695.12,Serum,Day 1
IgA,Gamma,CV06UM002,6613.5,NA,6613.5,Serum,Day 1
IgA,Gamma,CV06UM003,19746.88,NA,19746.88,Serum,Day 1
IgA,Gamma,CV06UM005,12652.77,NA,12652.77,Serum,Day 1
IgA,Gamma,CV06UM007,16132.65,NA,16132.65,Serum,Day 1
IgA,Gamma,CV06UM008,3563.46,NA,3563.46,Serum,Day 1
IgA,Gamma,CV06UM009,22973.59,NA,22973.59,Serum,Day 1
IgA,Gamma,CV06UM010,2294.33,NA,2294.33,Serum,Day 1
IgA,Gamma,CV06UM011,2452.41,NA,2452.41,Serum,Day 1
IgA,Gamma,CV06UM012,5148.42,NA,5148.42,Serum,Day 1
IgA,Gamma,CV06UM013,18722.19,NA,18722.19,Serum,Day 1
IgA,Gamma,CV06UM014,4574.61,NA,4574.61,Serum,Day 1
IgA,Gamma,CV06UM015,6845.01,NA,6845.01,Serum,Day 1
IgG,Omicron.BA.1,CV06BW003,591663.19,NA,591663.19,Serum,Day 1
IgG,Omicron.BA.1,CV06BW008,57326.06,NA,57326.06,Serum,Day 1
IgG,Omicron.BA.1,CV06BW010,190229.01,NA,190229.01,Serum,Day 1
IgG,Omicron.BA.1,CV06BW011,165795.07,NA,165795.07,Serum,Day 1
IgG,Omicron.BA.1,CV06BW012,89299.15,NA,89299.15,Serum,Day 1
IgG,Omicron.BA.1,CV06BW013,135281.94,NA,135281.94,Serum,Day 1
IgG,Omicron.BA.1,CV06BW015,96845.25,NA,96845.25,Serum,Day 1
IgG,Omicron.BA.1,CV06FH001,272729.69,NA,272729.69,Serum,Day 1
IgG,Omicron.BA.1,CV06FH002,23228.06,NA,23228.06,Serum,Day 1
IgG,Omicron.BA.1,CV06FH003,203733.96,NA,203733.96,Serum,Day 1
IgG,Omicron.BA.1,CV06FH005,315556.96,NA,315556.96,Serum,Day 1
IgG,Omicron.BA.1,CV06FH007,43343.46,NA,43343.46,Serum,Day 1
IgG,Omicron.BA.1,CV06FH008,67977.51,NA,67977.51,Serum,Day 1
IgG,Omicron.BA.1,CV06FH009,186813.99,NA,186813.99,Serum,Day 1
IgG,Omicron.BA.1,CV06FH010,128666.48,NA,128666.48,Serum,Day 1
IgG,Omicron.BA.1,CV06FH011,172305.3,NA,172305.3,Serum,Day 1
IgG,Omicron.BA.1,CV06HC001,20874.88,NA,20874.88,Serum,Day 1
IgG,Omicron.BA.1,CV06HC002,70309.4,NA,70309.4,Serum,Day 1
IgG,Omicron.BA.1,CV06HC003,395303.24,NA,395303.24,Serum,Day 1
IgG,Omicron.BA.1,CV06HC004,33656.03,NA,33656.03,Serum,Day 1
IgG,Omicron.BA.1,CV06HC005,640634.35,NA,640634.35,Serum,Day 1
IgG,Omicron.BA.1,CV06HC007,76023.11,NA,76023.11,Serum,Day 1
IgG,Omicron.BA.1,CV06HC008,79711.34,NA,79711.34,Serum,Day 1
IgG,Omicron.BA.1,CV06HC009,308157,NA,308157,Serum,Day 1
IgG,Omicron.BA.1,CV06HC010,288746.74,NA,288746.74,Serum,Day 1
IgG,Omicron.BA.1,CV06HC011,32616.02,NA,32616.02,Serum,Day 1
IgG,Omicron.BA.1,CV06HC012,97217.21,NA,97217.21,Serum,Day 1
IgG,Omicron.BA.1,CV06HC013,15970.77,NA,15970.77,Serum,Day 1
IgG,Omicron.BA.1,CV06HC014,38113.49,NA,38113.49,Serum,Day 1
IgG,Omicron.BA.1,CV06HC015,168302.44,NA,168302.44,Serum,Day 1
IgG,Omicron.BA.1,CV06UM001,148834.42,NA,148834.42,Serum,Day 1
IgG,Omicron.BA.1,CV06UM002,14604.01,NA,14604.01,Serum,Day 1
IgG,Omicron.BA.1,CV06UM003,148111.64,NA,148111.64,Serum,Day 1
IgG,Omicron.BA.1,CV06UM005,21560.4,NA,21560.4,Serum,Day 1
IgG,Omicron.BA.1,CV06UM007,176874.62,NA,176874.62,Serum,Day 1
IgG,Omicron.BA.1,CV06UM008,76682.11,NA,76682.11,Serum,Day 1
IgG,Omicron.BA.1,CV06UM009,389141.55,NA,389141.55,Serum,Day 1
IgG,Omicron.BA.1,CV06UM010,51268.23,NA,51268.23,Serum,Day 1
IgG,Omicron.BA.1,CV06UM011,52183.79,NA,52183.79,Serum,Day 1
IgG,Omicron.BA.1,CV06UM012,20161.3,NA,20161.3,Serum,Day 1
IgG,Omicron.BA.1,CV06UM013,297997.23,NA,297997.23,Serum,Day 1
IgG,Omicron.BA.1,CV06UM014,24104.29,NA,24104.29,Serum,Day 1
IgG,Omicron.BA.1,CV06UM015,55802.14,NA,55802.14,Serum,Day 1
IgA,Omicron.BA.1,CV06BW003,5698.06,NA,5698.06,Serum,Day 1
IgA,Omicron.BA.1,CV06BW008,6492.58,NA,6492.58,Serum,Day 1
IgA,Omicron.BA.1,CV06BW010,10657.57,NA,10657.57,Serum,Day 1
IgA,Omicron.BA.1,CV06BW011,6170.11,NA,6170.11,Serum,Day 1
IgA,Omicron.BA.1,CV06BW012,7682.44,NA,7682.44,Serum,Day 1
IgA,Omicron.BA.1,CV06BW013,12464.25,NA,12464.25,Serum,Day 1
IgA,Omicron.BA.1,CV06BW015,1099.1,NA,1099.1,Serum,Day 1
IgA,Omicron.BA.1,CV06FH001,6163.31,NA,6163.31,Serum,Day 1
IgA,Omicron.BA.1,CV06FH002,779.05,NA,779.05,Serum,Day 1
IgA,Omicron.BA.1,CV06FH003,85743.73,NA,85743.73,Serum,Day 1
IgA,Omicron.BA.1,CV06FH005,12627.2,NA,12627.2,Serum,Day 1
IgA,Omicron.BA.1,CV06FH007,2731.1,NA,2731.1,Serum,Day 1
IgA,Omicron.BA.1,CV06FH008,5767.71,NA,5767.71,Serum,Day 1
IgA,Omicron.BA.1,CV06FH009,1321.38,NA,1321.38,Serum,Day 1
IgA,Omicron.BA.1,CV06FH010,29176.01,NA,29176.01,Serum,Day 1
IgA,Omicron.BA.1,CV06FH011,38244.09,NA,38244.09,Serum,Day 1
IgA,Omicron.BA.1,CV06HC001,5731.96,NA,5731.96,Serum,Day 1
IgA,Omicron.BA.1,CV06HC002,740.86,NA,740.86,Serum,Day 1
IgA,Omicron.BA.1,CV06HC003,3009.64,NA,3009.64,Serum,Day 1
IgA,Omicron.BA.1,CV06HC004,909.45,NA,909.45,Serum,Day 1
IgA,Omicron.BA.1,CV06HC005,87894.72,NA,87894.72,Serum,Day 1
IgA,Omicron.BA.1,CV06HC007,12888.02,NA,12888.02,Serum,Day 1
IgA,Omicron.BA.1,CV06HC008,4092.11,NA,4092.11,Serum,Day 1
IgA,Omicron.BA.1,CV06HC009,20233.48,NA,20233.48,Serum,Day 1
IgA,Omicron.BA.1,CV06HC010,18535.51,NA,18535.51,Serum,Day 1
IgA,Omicron.BA.1,CV06HC011,1425.71,NA,1425.71,Serum,Day 1
IgA,Omicron.BA.1,CV06HC012,5742.44,NA,5742.44,Serum,Day 1
IgA,Omicron.BA.1,CV06HC013,6907.78,NA,6907.78,Serum,Day 1
IgA,Omicron.BA.1,CV06HC014,8517.49,NA,8517.49,Serum,Day 1
IgA,Omicron.BA.1,CV06HC015,7440.59,NA,7440.59,Serum,Day 1
IgA,Omicron.BA.1,CV06UM001,1447.15,NA,1447.15,Serum,Day 1
IgA,Omicron.BA.1,CV06UM002,3876.46,NA,3876.46,Serum,Day 1
IgA,Omicron.BA.1,CV06UM003,12487.23,NA,12487.23,Serum,Day 1
IgA,Omicron.BA.1,CV06UM005,2535.14,NA,2535.14,Serum,Day 1
IgA,Omicron.BA.1,CV06UM007,8046.38,NA,8046.38,Serum,Day 1
IgA,Omicron.BA.1,CV06UM008,2179.77,NA,2179.77,Serum,Day 1
IgA,Omicron.BA.1,CV06UM009,12537.25,NA,12537.25,Serum,Day 1
IgA,Omicron.BA.1,CV06UM010,1145.67,NA,1145.67,Serum,Day 1
IgA,Omicron.BA.1,CV06UM011,861.74,NA,861.74,Serum,Day 1
IgA,Omicron.BA.1,CV06UM012,2260.93,NA,2260.93,Serum,Day 1
IgA,Omicron.BA.1,CV06UM013,11295.42,NA,11295.42,Serum,Day 1
IgA,Omicron.BA.1,CV06UM014,3309.83,NA,3309.83,Serum,Day 1
IgA,Omicron.BA.1,CV06UM015,2975.53,NA,2975.53,Serum,Day 1
IgG,Omicron.BA.5,CV06BW003,918957.94,NA,918957.94,Serum,Day 1
IgG,Omicron.BA.5,CV06BW008,56108.33,NA,56108.33,Serum,Day 1
IgG,Omicron.BA.5,CV06BW010,208124.04,NA,208124.04,Serum,Day 1
IgG,Omicron.BA.5,CV06BW011,191493.71,NA,191493.71,Serum,Day 1
IgG,Omicron.BA.5,CV06BW012,113049.93,NA,113049.93,Serum,Day 1
IgG,Omicron.BA.5,CV06BW013,118918.84,NA,118918.84,Serum,Day 1
IgG,Omicron.BA.5,CV06BW015,107582.15,NA,107582.15,Serum,Day 1
IgG,Omicron.BA.5,CV06FH001,278980.23,NA,278980.23,Serum,Day 1
IgG,Omicron.BA.5,CV06FH002,25074.08,NA,25074.08,Serum,Day 1
IgG,Omicron.BA.5,CV06FH003,236061.3,NA,236061.3,Serum,Day 1
IgG,Omicron.BA.5,CV06FH005,262995.11,NA,262995.11,Serum,Day 1
IgG,Omicron.BA.5,CV06FH007,39907,NA,39907,Serum,Day 1
IgG,Omicron.BA.5,CV06FH008,91015.79,NA,91015.79,Serum,Day 1
IgG,Omicron.BA.5,CV06FH009,247404.4,NA,247404.4,Serum,Day 1
IgG,Omicron.BA.5,CV06FH010,169367.06,NA,169367.06,Serum,Day 1
IgG,Omicron.BA.5,CV06FH011,193502.25,NA,193502.25,Serum,Day 1
IgG,Omicron.BA.5,CV06HC001,16974.39,NA,16974.39,Serum,Day 1
IgG,Omicron.BA.5,CV06HC002,64524.49,NA,64524.49,Serum,Day 1
IgG,Omicron.BA.5,CV06HC003,496474.49,NA,496474.49,Serum,Day 1
IgG,Omicron.BA.5,CV06HC004,43347.43,NA,43347.43,Serum,Day 1
IgG,Omicron.BA.5,CV06HC005,671398.76,NA,671398.76,Serum,Day 1
IgG,Omicron.BA.5,CV06HC007,80594.71,NA,80594.71,Serum,Day 1
IgG,Omicron.BA.5,CV06HC008,111073.49,NA,111073.49,Serum,Day 1
IgG,Omicron.BA.5,CV06HC009,454424.5,NA,454424.5,Serum,Day 1
IgG,Omicron.BA.5,CV06HC010,289440.35,NA,289440.35,Serum,Day 1
IgG,Omicron.BA.5,CV06HC011,27085.78,NA,27085.78,Serum,Day 1
IgG,Omicron.BA.5,CV06HC012,124909.92,NA,124909.92,Serum,Day 1
IgG,Omicron.BA.5,CV06HC013,18957.39,NA,18957.39,Serum,Day 1
IgG,Omicron.BA.5,CV06HC014,30765.12,NA,30765.12,Serum,Day 1
IgG,Omicron.BA.5,CV06HC015,262180.8,NA,262180.8,Serum,Day 1
IgG,Omicron.BA.5,CV06UM001,123295.53,NA,123295.53,Serum,Day 1
IgG,Omicron.BA.5,CV06UM002,13161.82,NA,13161.82,Serum,Day 1
IgG,Omicron.BA.5,CV06UM003,134037.66,NA,134037.66,Serum,Day 1
IgG,Omicron.BA.5,CV06UM005,30527.46,NA,30527.46,Serum,Day 1
IgG,Omicron.BA.5,CV06UM007,172873.38,NA,172873.38,Serum,Day 1
IgG,Omicron.BA.5,CV06UM008,52728.6,NA,52728.6,Serum,Day 1
IgG,Omicron.BA.5,CV06UM009,473097.32,NA,473097.32,Serum,Day 1
IgG,Omicron.BA.5,CV06UM010,70763.3,NA,70763.3,Serum,Day 1
IgG,Omicron.BA.5,CV06UM011,83726.98,NA,83726.98,Serum,Day 1
IgG,Omicron.BA.5,CV06UM012,34887.13,NA,34887.13,Serum,Day 1
IgG,Omicron.BA.5,CV06UM013,430020.6,NA,430020.6,Serum,Day 1
IgG,Omicron.BA.5,CV06UM014,26324.23,NA,26324.23,Serum,Day 1
IgG,Omicron.BA.5,CV06UM015,97459.07,NA,97459.07,Serum,Day 1
IgA,Omicron.BA.5,CV06BW003,9195.29,NA,9195.29,Serum,Day 1
IgA,Omicron.BA.5,CV06BW008,5528.59,NA,5528.59,Serum,Day 1
IgA,Omicron.BA.5,CV06BW010,19492.69,NA,19492.69,Serum,Day 1
IgA,Omicron.BA.5,CV06BW011,7114.5,NA,7114.5,Serum,Day 1
IgA,Omicron.BA.5,CV06BW012,13166.37,NA,13166.37,Serum,Day 1
IgA,Omicron.BA.5,CV06BW013,8880.25,NA,8880.25,Serum,Day 1
IgA,Omicron.BA.5,CV06BW015,1079.25,NA,1079.25,Serum,Day 1
IgA,Omicron.BA.5,CV06FH001,5709.61,NA,5709.61,Serum,Day 1
IgA,Omicron.BA.5,CV06FH002,1097.22,NA,1097.22,Serum,Day 1
IgA,Omicron.BA.5,CV06FH003,73055.93,NA,73055.93,Serum,Day 1
IgA,Omicron.BA.5,CV06FH005,16706.17,NA,16706.17,Serum,Day 1
IgA,Omicron.BA.5,CV06FH007,6989.04,NA,6989.04,Serum,Day 1
IgA,Omicron.BA.5,CV06FH008,6916.86,NA,6916.86,Serum,Day 1
IgA,Omicron.BA.5,CV06FH009,1878.26,NA,1878.26,Serum,Day 1
IgA,Omicron.BA.5,CV06FH010,39598.21,NA,39598.21,Serum,Day 1
IgA,Omicron.BA.5,CV06FH011,44863.28,NA,44863.28,Serum,Day 1
IgA,Omicron.BA.5,CV06HC001,4948.01,NA,4948.01,Serum,Day 1
IgA,Omicron.BA.5,CV06HC002,999,NA,999,Serum,Day 1
IgA,Omicron.BA.5,CV06HC003,7009.46,NA,7009.46,Serum,Day 1
IgA,Omicron.BA.5,CV06HC004,3309.98,NA,3309.98,Serum,Day 1
IgA,Omicron.BA.5,CV06HC005,95216.05,NA,95216.05,Serum,Day 1
IgA,Omicron.BA.5,CV06HC007,24203.91,NA,24203.91,Serum,Day 1
IgA,Omicron.BA.5,CV06HC008,7219.62,NA,7219.62,Serum,Day 1
IgA,Omicron.BA.5,CV06HC009,29854.07,NA,29854.07,Serum,Day 1
IgA,Omicron.BA.5,CV06HC010,18151.12,NA,18151.12,Serum,Day 1
IgA,Omicron.BA.5,CV06HC011,1465.69,NA,1465.69,Serum,Day 1
IgA,Omicron.BA.5,CV06HC012,19334.37,NA,19334.37,Serum,Day 1
IgA,Omicron.BA.5,CV06HC013,8728.51,NA,8728.51,Serum,Day 1
IgA,Omicron.BA.5,CV06HC014,8289.39,NA,8289.39,Serum,Day 1
IgA,Omicron.BA.5,CV06HC015,9130.91,NA,9130.91,Serum,Day 1
IgA,Omicron.BA.5,CV06UM001,1878.52,NA,1878.52,Serum,Day 1
IgA,Omicron.BA.5,CV06UM002,3082.14,NA,3082.14,Serum,Day 1
IgA,Omicron.BA.5,CV06UM003,13264.01,NA,13264.01,Serum,Day 1
IgA,Omicron.BA.5,CV06UM005,5372.21,NA,5372.21,Serum,Day 1
IgA,Omicron.BA.5,CV06UM007,9667.99,NA,9667.99,Serum,Day 1
IgA,Omicron.BA.5,CV06UM008,2243.97,NA,2243.97,Serum,Day 1
IgA,Omicron.BA.5,CV06UM009,22512.61,NA,22512.61,Serum,Day 1
IgA,Omicron.BA.5,CV06UM010,1484.44,NA,1484.44,Serum,Day 1
IgA,Omicron.BA.5,CV06UM011,1125.91,NA,1125.91,Serum,Day 1
IgA,Omicron.BA.5,CV06UM012,3696.41,NA,3696.41,Serum,Day 1
IgA,Omicron.BA.5,CV06UM013,21422.43,NA,21422.43,Serum,Day 1
IgA,Omicron.BA.5,CV06UM014,2873.44,NA,2873.44,Serum,Day 1
IgA,Omicron.BA.5,CV06UM015,5855,NA,5855,Serum,Day 1
IgG,RBD,CV06BW003,1214625.27,NA,1214625.27,Serum,Day 1
IgG,RBD,CV06BW008,171586.75,NA,171586.75,Serum,Day 1
IgG,RBD,CV06BW010,424679.86,NA,424679.86,Serum,Day 1
IgG,RBD,CV06BW011,349476.38,NA,349476.38,Serum,Day 1
IgG,RBD,CV06BW012,225068.47,NA,225068.47,Serum,Day 1
IgG,RBD,CV06BW013,301415.65,NA,301415.65,Serum,Day 1
IgG,RBD,CV06BW015,305204.66,NA,305204.66,Serum,Day 1
IgG,RBD,CV06FH001,578102.91,NA,578102.91,Serum,Day 1
IgG,RBD,CV06FH002,55326.69,NA,55326.69,Serum,Day 1
IgG,RBD,CV06FH003,401509.93,NA,401509.93,Serum,Day 1
IgG,RBD,CV06FH005,832342,NA,832342,Serum,Day 1
IgG,RBD,CV06FH007,85598.34,NA,85598.34,Serum,Day 1
IgG,RBD,CV06FH008,192849.85,NA,192849.85,Serum,Day 1
IgG,RBD,CV06FH009,480150.91,NA,480150.91,Serum,Day 1
IgG,RBD,CV06FH010,168601.84,NA,168601.84,Serum,Day 1
IgG,RBD,CV06FH011,516399.71,NA,516399.71,Serum,Day 1
IgG,RBD,CV06HC001,56397.89,NA,56397.89,Serum,Day 1
IgG,RBD,CV06HC002,152141.24,NA,152141.24,Serum,Day 1
IgG,RBD,CV06HC003,1153104.67,NA,1153104.67,Serum,Day 1
IgG,RBD,CV06HC004,124333.76,NA,124333.76,Serum,Day 1
IgG,RBD,CV06HC005,1286675.77,NA,1286675.77,Serum,Day 1
IgG,RBD,CV06HC007,196660.09,NA,196660.09,Serum,Day 1
IgG,RBD,CV06HC008,175324.56,NA,175324.56,Serum,Day 1
IgG,RBD,CV06HC009,899071.85,NA,899071.85,Serum,Day 1
IgG,RBD,CV06HC010,495337.19,NA,495337.19,Serum,Day 1
IgG,RBD,CV06HC011,46566.12,NA,46566.12,Serum,Day 1
IgG,RBD,CV06HC012,171087.88,NA,171087.88,Serum,Day 1
IgG,RBD,CV06HC013,34567.77,NA,34567.77,Serum,Day 1
IgG,RBD,CV06HC014,79379.55,NA,79379.55,Serum,Day 1
IgG,RBD,CV06HC015,473223.21,NA,473223.21,Serum,Day 1
IgG,RBD,CV06UM001,340642.87,NA,340642.87,Serum,Day 1
IgG,RBD,CV06UM002,27368.82,NA,27368.82,Serum,Day 1
IgG,RBD,CV06UM003,226583.53,NA,226583.53,Serum,Day 1
IgG,RBD,CV06UM005,58943.21,NA,58943.21,Serum,Day 1
IgG,RBD,CV06UM007,392481.42,NA,392481.42,Serum,Day 1
IgG,RBD,CV06UM008,120238.4,NA,120238.4,Serum,Day 1
IgG,RBD,CV06UM009,927004.59,NA,927004.59,Serum,Day 1
IgG,RBD,CV06UM010,165057.51,NA,165057.51,Serum,Day 1
IgG,RBD,CV06UM011,186512.46,NA,186512.46,Serum,Day 1
IgG,RBD,CV06UM012,86581.84,NA,86581.84,Serum,Day 1
IgG,RBD,CV06UM013,458761.08,NA,458761.08,Serum,Day 1
IgG,RBD,CV06UM014,75016.77,NA,75016.77,Serum,Day 1
IgG,RBD,CV06UM015,115554.85,NA,115554.85,Serum,Day 1
IgA,RBD,CV06BW003,6613.35,NA,6613.35,Serum,Day 1
IgA,RBD,CV06BW008,6815.94,NA,6815.94,Serum,Day 1
IgA,RBD,CV06BW010,24649.86,NA,24649.86,Serum,Day 1
IgA,RBD,CV06BW011,14871.97,NA,14871.97,Serum,Day 1
IgA,RBD,CV06BW012,14030.45,NA,14030.45,Serum,Day 1
IgA,RBD,CV06BW013,24409.23,NA,24409.23,Serum,Day 1
IgA,RBD,CV06BW015,3396.38,NA,3396.38,Serum,Day 1
IgA,RBD,CV06FH001,8240.12,NA,8240.12,Serum,Day 1
IgA,RBD,CV06FH002,1196.52,NA,1196.52,Serum,Day 1
IgA,RBD,CV06FH003,161402.35,NA,161402.35,Serum,Day 1
IgA,RBD,CV06FH005,38098.83,NA,38098.83,Serum,Day 1
IgA,RBD,CV06FH007,4529.92,NA,4529.92,Serum,Day 1
IgA,RBD,CV06FH008,12080.73,NA,12080.73,Serum,Day 1
IgA,RBD,CV06FH009,2017.16,NA,2017.16,Serum,Day 1
IgA,RBD,CV06FH010,52875.66,NA,52875.66,Serum,Day 1
IgA,RBD,CV06FH011,78936.15,NA,78936.15,Serum,Day 1
IgA,RBD,CV06HC001,11169.35,NA,11169.35,Serum,Day 1
IgA,RBD,CV06HC002,1344.13,NA,1344.13,Serum,Day 1
IgA,RBD,CV06HC003,6105.91,NA,6105.91,Serum,Day 1
IgA,RBD,CV06HC004,3378.51,NA,3378.51,Serum,Day 1
IgA,RBD,CV06HC005,164090.66,NA,164090.66,Serum,Day 1
IgA,RBD,CV06HC007,19182.23,NA,19182.23,Serum,Day 1
IgA,RBD,CV06HC008,6865.37,NA,6865.37,Serum,Day 1
IgA,RBD,CV06HC009,58215.64,NA,58215.64,Serum,Day 1
IgA,RBD,CV06HC010,48589.94,NA,48589.94,Serum,Day 1
IgA,RBD,CV06HC011,3311.31,NA,3311.31,Serum,Day 1
IgA,RBD,CV06HC012,6053.97,NA,6053.97,Serum,Day 1
IgA,RBD,CV06HC013,12572.85,NA,12572.85,Serum,Day 1
IgA,RBD,CV06HC014,14244.93,NA,14244.93,Serum,Day 1
IgA,RBD,CV06HC015,14982.09,NA,14982.09,Serum,Day 1
IgA,RBD,CV06UM001,2395.76,NA,2395.76,Serum,Day 1
IgA,RBD,CV06UM002,6495.18,NA,6495.18,Serum,Day 1
IgA,RBD,CV06UM003,25515.61,NA,25515.61,Serum,Day 1
IgA,RBD,CV06UM005,10200.67,NA,10200.67,Serum,Day 1
IgA,RBD,CV06UM007,14523.71,NA,14523.71,Serum,Day 1
IgA,RBD,CV06UM008,3679.25,NA,3679.25,Serum,Day 1
IgA,RBD,CV06UM009,21042.18,NA,21042.18,Serum,Day 1
IgA,RBD,CV06UM010,2812.04,NA,2812.04,Serum,Day 1
IgA,RBD,CV06UM011,2736.74,NA,2736.74,Serum,Day 1
IgA,RBD,CV06UM012,4950.03,NA,4950.03,Serum,Day 1
IgA,RBD,CV06UM013,18028.77,NA,18028.77,Serum,Day 1
IgA,RBD,CV06UM014,6065.91,NA,6065.91,Serum,Day 1
IgA,RBD,CV06UM015,7147.63,NA,7147.63,Serum,Day 1
IgG,Spike,CV06BW003,1787140.05,NA,1787140.05,Serum,Day 1
IgG,Spike,CV06BW008,304024.17,NA,304024.17,Serum,Day 1
IgG,Spike,CV06BW010,726634.42,NA,726634.42,Serum,Day 1
IgG,Spike,CV06BW011,545709.41,NA,545709.41,Serum,Day 1
IgG,Spike,CV06BW012,340610.69,NA,340610.69,Serum,Day 1
IgG,Spike,CV06BW013,383455.55,NA,383455.55,Serum,Day 1
IgG,Spike,CV06BW015,326318.29,NA,326318.29,Serum,Day 1
IgG,Spike,CV06FH001,813371.36,NA,813371.36,Serum,Day 1
IgG,Spike,CV06FH002,83693.59,NA,83693.59,Serum,Day 1
IgG,Spike,CV06FH003,497465.09,NA,497465.09,Serum,Day 1
IgG,Spike,CV06FH005,963383.38,NA,963383.38,Serum,Day 1
IgG,Spike,CV06FH007,126632.07,NA,126632.07,Serum,Day 1
IgG,Spike,CV06FH008,248432.65,NA,248432.65,Serum,Day 1
IgG,Spike,CV06FH009,668398.39,NA,668398.39,Serum,Day 1
IgG,Spike,CV06FH010,277547.4,NA,277547.4,Serum,Day 1
IgG,Spike,CV06FH011,605694.98,NA,605694.98,Serum,Day 1
IgG,Spike,CV06HC001,83409.95,NA,83409.95,Serum,Day 1
IgG,Spike,CV06HC002,283511.48,NA,283511.48,Serum,Day 1
IgG,Spike,CV06HC003,1483947.79,NA,1483947.79,Serum,Day 1
IgG,Spike,CV06HC004,184865.12,NA,184865.12,Serum,Day 1
IgG,Spike,CV06HC005,1663698.51,NA,1663698.51,Serum,Day 1
IgG,Spike,CV06HC007,263632,NA,263632,Serum,Day 1
IgG,Spike,CV06HC008,288160.32,NA,288160.32,Serum,Day 1
IgG,Spike,CV06HC009,1134344.79,NA,1134344.79,Serum,Day 1
IgG,Spike,CV06HC010,770840.28,NA,770840.28,Serum,Day 1
IgG,Spike,CV06HC011,89694.12,NA,89694.12,Serum,Day 1
IgG,Spike,CV06HC012,283160.98,NA,283160.98,Serum,Day 1
IgG,Spike,CV06HC013,60642.62,NA,60642.62,Serum,Day 1
IgG,Spike,CV06HC014,147475.2,NA,147475.2,Serum,Day 1
IgG,Spike,CV06HC015,453339.5,NA,453339.5,Serum,Day 1
IgG,Spike,CV06UM001,468930.41,NA,468930.41,Serum,Day 1
IgG,Spike,CV06UM002,43924.4,NA,43924.4,Serum,Day 1
IgG,Spike,CV06UM003,321887.74,NA,321887.74,Serum,Day 1
IgG,Spike,CV06UM005,90428.66,NA,90428.66,Serum,Day 1
IgG,Spike,CV06UM007,579752.74,NA,579752.74,Serum,Day 1
IgG,Spike,CV06UM008,200649.91,NA,200649.91,Serum,Day 1
IgG,Spike,CV06UM009,1346492.81,NA,1346492.81,Serum,Day 1
IgG,Spike,CV06UM010,232526.21,NA,232526.21,Serum,Day 1
IgG,Spike,CV06UM011,250595.04,NA,250595.04,Serum,Day 1
IgG,Spike,CV06UM012,148430.26,NA,148430.26,Serum,Day 1
IgG,Spike,CV06UM013,755170.53,NA,755170.53,Serum,Day 1
IgG,Spike,CV06UM014,86985,NA,86985,Serum,Day 1
IgG,Spike,CV06UM015,210807.91,NA,210807.91,Serum,Day 1
IgA,Spike,CV06BW003,10386.61,NA,10386.61,Serum,Day 1
IgA,Spike,CV06BW008,13814.29,NA,13814.29,Serum,Day 1
IgA,Spike,CV06BW010,34256.86,NA,34256.86,Serum,Day 1
IgA,Spike,CV06BW011,19210.42,NA,19210.42,Serum,Day 1
IgA,Spike,CV06BW012,24185.51,NA,24185.51,Serum,Day 1
IgA,Spike,CV06BW013,22438.64,NA,22438.64,Serum,Day 1
IgA,Spike,CV06BW015,4068.77,NA,4068.77,Serum,Day 1
IgA,Spike,CV06FH001,9860.06,NA,9860.06,Serum,Day 1
IgA,Spike,CV06FH002,1719.88,NA,1719.88,Serum,Day 1
IgA,Spike,CV06FH003,141389.69,NA,141389.69,Serum,Day 1
IgA,Spike,CV06FH005,39111.2,NA,39111.2,Serum,Day 1
IgA,Spike,CV06FH007,5791.64,NA,5791.64,Serum,Day 1
IgA,Spike,CV06FH008,16239.49,NA,16239.49,Serum,Day 1
IgA,Spike,CV06FH009,3144.35,NA,3144.35,Serum,Day 1
IgA,Spike,CV06FH010,64504.95,NA,64504.95,Serum,Day 1
IgA,Spike,CV06FH011,82367.31,NA,82367.31,Serum,Day 1
IgA,Spike,CV06HC001,13051.59,NA,13051.59,Serum,Day 1
IgA,Spike,CV06HC002,2818.92,NA,2818.92,Serum,Day 1
IgA,Spike,CV06HC003,8202.34,NA,8202.34,Serum,Day 1
IgA,Spike,CV06HC004,8260.42,NA,8260.42,Serum,Day 1
IgA,Spike,CV06HC005,126373.33,NA,126373.33,Serum,Day 1
IgA,Spike,CV06HC007,34030.89,NA,34030.89,Serum,Day 1
IgA,Spike,CV06HC008,12671.05,NA,12671.05,Serum,Day 1
IgA,Spike,CV06HC009,66239.16,NA,66239.16,Serum,Day 1
IgA,Spike,CV06HC010,39739.08,NA,39739.08,Serum,Day 1
IgA,Spike,CV06HC011,4590.09,NA,4590.09,Serum,Day 1
IgA,Spike,CV06HC012,9847.99,NA,9847.99,Serum,Day 1
IgA,Spike,CV06HC013,18288.21,NA,18288.21,Serum,Day 1
IgA,Spike,CV06HC014,20220.53,NA,20220.53,Serum,Day 1
IgA,Spike,CV06HC015,18200.95,NA,18200.95,Serum,Day 1
IgA,Spike,CV06UM001,3360.11,NA,3360.11,Serum,Day 1
IgA,Spike,CV06UM002,8154.09,NA,8154.09,Serum,Day 1
IgA,Spike,CV06UM003,28423.43,NA,28423.43,Serum,Day 1
IgA,Spike,CV06UM005,14120.86,NA,14120.86,Serum,Day 1
IgA,Spike,CV06UM007,18455.93,NA,18455.93,Serum,Day 1
IgA,Spike,CV06UM008,5674.8,NA,5674.8,Serum,Day 1
IgA,Spike,CV06UM009,26877.9,NA,26877.9,Serum,Day 1
IgA,Spike,CV06UM010,3365.56,NA,3365.56,Serum,Day 1
IgA,Spike,CV06UM011,3339.9,NA,3339.9,Serum,Day 1
IgA,Spike,CV06UM012,7292.99,NA,7292.99,Serum,Day 1
IgA,Spike,CV06UM013,22659.28,NA,22659.28,Serum,Day 1
IgA,Spike,CV06UM014,5994.57,NA,5994.57,Serum,Day 1
IgA,Spike,CV06UM015,10557.29,NA,10557.29,Serum,Day 1
